Date,Alabama,Alaska,Arizona,Arkansas,California,Colorado,Connecticut,Delaware,DistrictofColumbia,Florida,Georgia,Guam,Hawaii,Idaho,Illinois,Indiana,Iowa,Kansas,Kentucky,Louisiana,Maine,Maryland,Massachusetts,Michigan,Minnesota,Mississippi,Missouri,Montana,Nebraska,Nevada,NewHampshire,NewJersey,NewMexico,NewYork,NorthCarolina,NorthDakota,Ohio,Oklahoma,Oregon,Pennsylvania,PuertoRico,RhodeIsland,SouthCarolina,SouthDakota,Tennessee,Texas,Utah,Vermont,Virginia,Washington,WestVirginia,Wisconsin,Wyoming,AmericanSamoa,NorthernMarianaIslands,VirginIslands
13-04-2020,6,0,7,2,66,17,48,5,2,38,32,0,0,0,78,35,0,-2,16,44,0,26,88,123,0,2,8,1,0,2,0,93,0,644,5,1,36,3,1,38,1,9,0,0,3,31,-5,1,8,20,2,10,1,0,0,0
14-04-2020,15,1,9,3,65,21,69,7,15,72,60,0,0,6,70,46,8,16,-7,129,1,40,0,166,9,13,23,0,3,12,2,362,5,785,18,0,35,9,2,106,0,8,15,0,15,26,5,1,5,17,1,16,0,0,0,0
15-04-2020,4,0,11,1,96,1,197,7,5,25,27,0,0,6,81,38,4,-4,9,90,4,9,264,153,8,11,3,0,0,5,7,351,5,758,18,1,36,15,3,87,6,17,9,0,0,43,2,0,41,10,1,13,0,0,0,0
16-04-2020,15,0,8,4,91,27,103,3,9,72,35,0,0,2,123,34,7,7,14,53,3,8,0,75,0,7,16,0,1,6,0,362,0,3263,20,0,34,8,6,74,5,14,5,1,12,34,0,4,13,21,2,14,1,0,0,0
17-04-2020,15,0,19,0,82,17,65,6,5,57,63,0,0,0,60,36,4,4,8,57,2,15,137,231,24,11,16,1,3,5,5,322,8,2299,27,0,48,5,6,83,2,21,5,0,5,39,3,2,23,19,4,9,0,0,0,1
18-04-2020,5,0,11,1,100,17,50,10,5,23,23,0,0,2,127,28,10,2,7,54,3,87,159,81,10,12,11,2,0,9,1,230,9,503,10,0,35,0,2,121,2,15,3,0,1,22,2,3,27,17,0,6,0,0,0,1
19-04-2020,4,0,4,1,40,31,41,4,5,26,14,0,1,1,31,37,1,7,2,29,2,40,302,83,13,7,2,0,4,7,0,292,2,637,13,0,31,4,2,239,2,11,1,0,6,20,2,0,19,24,2,8,0,0,0,0
20-04-2020,6,0,7,2,39,0,204,10,9,48,88,0,0,1,59,38,4,9,8,32,1,121,0,77,9,10,11,0,5,1,4,134,3,327,18,0,43,3,1,77,1,10,3,0,4,21,1,0,23,19,6,10,0,0,0,0
21-04-2020,20,0,17,1,65,63,92,5,7,45,23,0,0,3,119,50,4,7,17,77,1,70,255,107,17,14,16,2,0,4,0,257,0,439,27,4,38,21,3,254,1,18,1,1,5,32,4,2,24,16,2,14,0,0,0,0
22-04-2020,13,0,23,0,140,23,121,13,15,26,50,0,2,3,97,51,7,3,14,68,3,46,221,238,19,10,15,2,5,9,6,397,13,324,20,1,43,6,0,64,-1,18,16,1,0,22,0,0,25,9,1,4,4,0,0,0
23-04-2020,6,0,18,3,101,46,95,14,12,94,33,0,0,3,123,38,6,1,6,126,5,50,178,164,21,8,12,0,9,23,3,276,7,1538,16,1,40,9,5,56,6,15,10,0,14,49,3,3,24,13,4,10,1,0,0,0
24-04-2020,7,0,17,2,92,122,128,16,14,59,18,0,1,0,107,37,11,5,9,61,3,50,196,108,21,8,18,0,3,2,2,257,6,428,13,0,48,9,3,21,8,15,7,1,-2,18,4,1,38,15,1,5,0,0,0,0
25-04-2020,0,0,7,1,67,10,98,8,12,9,8,0,0,2,80,42,5,2,5,47,0,77,174,70,23,12,8,0,0,8,0,231,9,606,11,1,31,6,1,53,6,14,9,0,8,15,2,2,26,17,0,3,0,0,0,0
26-04-2020,10,0,2,3,38,4,59,13,13,20,9,0,1,0,58,35,6,1,3,22,3,35,169,160,28,6,2,0,6,1,7,24,6,267,19,1,50,1,5,28,1,14,8,1,4,21,0,0,12,20,2,6,0,0,0,1
27-04-2020,9,0,0,0,55,18,88,13,7,13,79,0,2,0,50,43,9,5,5,11,1,35,104,92,14,2,62,0,0,0,0,106,0,374,16,2,46,2,0,81,0,10,3,0,3,18,0,1,11,11,0,9,0,0,0,0
28-04-2020,14,0,0,6,79,30,75,11,5,83,41,0,0,4,142,36,9,1,12,61,0,71,150,161,15,10,-13,1,0,13,0,398,6,249,23,0,55,10,7,162,2,22,15,0,4,47,0,0,32,10,4,19,0,0,0,0
29-04-2020,14,0,33,0,89,30,82,12,15,47,65,0,0,0,90,44,12,7,9,44,1,62,252,102,18,11,9,1,0,11,0,329,7,552,19,0,41,7,2,316,0,18,39,2,7,39,4,0,30,8,0,8,0,0,0,0
30-04-2020,16,0,12,4,79,11,88,6,19,50,31,0,0,0,140,45,14,0,6,60,1,62,157,119,24,11,12,0,14,13,12,457,11,104,24,0,30,8,2,97,6,24,13,4,4,44,1,2,30,8,3,8,0,0,0,0
01-05-2020,17,0,10,3,99,44,82,12,7,46,37,0,0,3,102,37,8,6,6,65,2,-60,154,77,27,20,10,0,3,3,9,310,8,449,13,4,49,8,1,165,2,14,12,4,5,35,0,1,29,14,5,11,0,0,0,0
02-05-2020,-1,0,0,8,54,11,97,12,9,50,8,0,0,1,102,44,5,2,2,23,1,171,130,155,24,10,16,0,0,9,3,204,7,162,12,1,42,8,5,59,1,24,11,0,5,35,3,1,36,12,2,7,0,0,0,0
03-05-2020,2,0,32,4,38,10,0,12,11,15,7,0,1,0,59,36,9,2,5,19,1,30,158,32,24,12,6,0,5,3,2,129,13,512,3,1,43,0,0,32,2,21,8,0,1,23,1,2,43,12,0,5,0,0,0,0
04-05-2020,8,0,0,4,64,9,120,10,7,20,62,0,0,0,41,39,4,12,8,52,0,36,86,86,9,7,6,0,0,7,0,39,5,277,8,0,29,0,0,127,0,18,8,0,9,25,0,-1,24,11,0,1,0,0,0,0
05-05-2020,17,0,33,3,99,52,77,11,6,72,53,0,0,1,175,39,19,5,14,51,4,73,122,44,28,32,23,0,0,5,6,334,6,116,30,0,38,9,4,315,2,16,13,3,7,19,6,0,29,13,0,13,0,0,0,0
06-05-2020,28,1,31,4,83,16,85,3,13,68,28,0,0,1,140,44,12,3,8,52,1,47,208,73,30,32,19,0,0,19,0,305,7,513,20,6,42,6,2,161,0,21,9,5,13,29,2,0,0,13,2,9,0,0,0,0
07-05-2020,26,0,24,0,72,25,79,16,8,61,28,0,0,1,137,34,12,1,11,41,0,66,132,89,23,22,22,0,13,8,22,258,3,516,21,0,40,7,6,240,3,21,11,2,-1,33,3,1,56,14,1,12,0,0,0,0
08-05-2020,14,0,67,1,79,16,77,13,19,69,45,0,0,0,130,28,12,3,4,19,1,57,150,54,26,13,34,0,-1,-3,7,153,9,100,17,2,39,6,3,122,5,22,4,0,4,35,0,0,43,16,1,10,0,0,0,0
09-05-2020,7,0,15,0,75,7,58,4,7,46,3,0,0,0,108,33,9,6,6,40,1,54,138,131,24,12,10,0,0,19,10,156,10,375,21,2,40,4,3,59,1,15,10,3,0,36,5,0,15,11,0,14,0,0,0,0
10-05-2020,3,0,4,3,31,4,35,11,12,6,3,0,0,0,57,34,13,0,0,19,0,30,139,25,20,9,8,0,0,-3,2,140,9,33,13,0,34,2,0,36,3,14,1,0,1,33,1,0,12,16,2,2,0,0,0,0
11-05-2020,10,0,6,3,62,16,41,12,5,14,38,0,0,3,53,42,6,6,7,22,1,39,129,29,13,5,13,0,8,2,0,84,8,340,11,1,26,2,3,28,2,15,15,0,8,29,1,0,11,6,0,9,0,0,0,1
12-05-2020,32,0,20,1,99,23,33,11,8,44,54,0,0,-1,142,39,18,4,10,39,0,73,33,90,23,22,16,0,2,9,9,191,11,294,25,2,39,4,0,81,1,22,9,5,15,37,5,0,42,16,4,9,0,0,0,1
13-05-2020,15,0,33,2,70,52,84,16,14,48,19,0,0,0,191,28,17,4,0,34,1,53,174,40,24,8,22,0,3,10,8,183,12,190,25,2,37,0,4,176,1,13,7,0,7,22,2,0,36,6,0,3,0,0,0,0
14-05-2020,23,0,29,1,100,24,94,12,8,48,28,0,0,3,136,44,12,1,7,36,3,57,167,73,34,15,15,0,0,2,1,232,11,159,16,0,27,6,3,181,2,15,9,4,14,71,0,0,28,8,2,13,0,0,0,0
15-05-2020,10,0,27,0,82,64,66,11,10,42,43,0,0,0,131,33,18,4,4,31,0,45,110,38,20,13,15,0,10,10,0,202,11,235,26,2,45,1,0,133,5,14,9,1,3,47,2,0,22,12,4,11,0,0,0,0
16-05-2020,2,0,28,0,70,42,54,10,7,47,10,0,0,1,70,30,10,2,2,31,1,46,113,56,17,17,13,0,10,4,20,113,6,172,9,0,34,3,0,61,0,15,0,0,5,39,1,0,25,8,0,8,0,0,0,0
17-05-2020,3,0,1,0,34,23,69,10,8,9,12,0,0,0,48,30,5,0,0,12,0,35,92,10,22,11,6,0,0,3,1,102,6,187,10,1,36,0,0,18,1,10,5,0,3,23,2,1,7,11,3,0,1,0,0,0
18-05-2020,1,0,7,2,42,9,42,7,9,24,39,0,0,1,57,41,4,3,12,72,1,31,65,24,9,6,11,0,0,8,0,76,5,110,7,1,38,0,1,15,1,18,6,0,3,12,0,0,5,6,1,6,2,0,0,0
19-05-2020,15,0,18,2,123,33,22,11,8,55,26,0,0,0,145,30,12,1,20,18,2,58,76,102,17,27,20,0,0,0,0,148,6,212,0,1,33,5,2,116,0,11,8,2,4,35,8,0,27,7,0,8,0,0,0,0
20-05-2020,18,0,42,5,93,42,57,9,7,44,22,0,0,3,146,32,26,3,10,27,0,42,128,43,29,16,9,0,15,19,18,162,7,79,33,4,29,6,4,141,1,22,8,0,0,42,2,0,33,4,1,14,1,0,0,0
21-05-2020,7,0,17,3,81,11,54,5,5,48,78,0,0,0,82,39,17,2,10,21,0,36,82,69,32,10,28,0,0,6,9,97,11,109,2,2,37,5,1,101,1,20,9,2,8,23,2,0,25,9,1,6,1,0,0,0
22-05-2020,12,0,11,3,83,14,54,5,6,46,33,0,0,2,108,18,14,1,5,39,2,48,80,29,33,15,9,0,9,3,5,139,8,112,47,1,32,3,2,144,0,11,3,2,2,11,1,0,36,5,2,9,0,0,0,0
23-05-2020,8,0,26,2,72,3,38,6,9,43,14,0,0,0,75,25,22,0,0,0,2,36,76,65,10,21,5,0,0,1,4,97,0,173,3,0,43,4,0,100,1,13,6,0,14,13,4,0,23,9,0,11,0,0,0,0
24-05-2020,2,0,0,1,18,5,18,8,5,4,5,0,0,0,66,15,10,0,0,23,1,34,68,5,17,9,4,0,0,-7,1,56,15,110,6,1,27,0,1,25,0,8,10,0,7,44,0,0,12,9,0,3,0,0,0,0
25-05-2020,15,0,6,1,15,1,49,6,8,15,21,0,0,0,29,22,0,2,0,0,0,25,44,13,12,10,3,0,0,14,1,9,3,89,6,1,27,2,0,15,2,10,5,0,2,11,1,0,37,4,0,4,0,0,0,0
26-05-2020,14,0,3,2,50,19,27,10,0,7,48,0,0,0,38,20,21,3,3,11,1,31,57,25,18,17,6,1,0,0,4,47,5,73,11,0,20,5,0,18,0,15,6,0,5,14,3,0,28,6,0,3,1,0,0,0
27-05-2020,3,0,24,1,78,40,34,10,5,60,37,0,0,2,160,15,19,3,6,21,2,59,74,68,34,18,-4,0,6,8,9,145,4,176,43,2,26,4,0,96,0,10,20,4,10,34,4,0,45,11,2,22,1,0,0,0
28-05-2020,8,0,26,5,91,29,23,8,8,45,40,0,0,1,103,19,10,1,9,18,3,36,93,38,35,23,19,0,10,4,9,70,6,45,32,1,20,3,3,100,2,8,4,0,3,21,1,1,57,4,0,11,1,0,0,0
29-05-2020,19,0,26,7,85,15,42,7,7,49,14,0,0,0,84,22,18,1,9,26,1,38,78,34,29,17,23,0,1,0,6,122,9,112,43,2,27,4,0,87,1,12,13,5,5,19,1,0,20,6,0,18,0,0,0,0
30-05-2020,8,0,18,1,66,7,44,4,2,34,17,0,0,0,60,23,7,0,13,19,4,43,50,58,30,13,44,0,6,11,0,103,7,65,10,1,21,5,2,73,1,12,4,3,3,39,5,0,12,2,1,20,1,0,0,0
31-05-2020,12,0,3,0,32,2,32,3,4,4,49,0,0,0,60,17,4,0,0,5,0,23,78,27,14,11,2,0,0,0,7,64,5,74,8,1,30,0,0,19,3,3,7,0,0,17,1,0,5,6,0,4,0,0,0,0
01-06-2020,16,0,11,0,45,13,26,3,2,9,41,0,0,0,22,20,20,2,8,10,0,20,189,25,10,5,0,0,0,0,0,25,6,123,11,0,30,0,1,14,0,5,6,0,0,12,0,0,17,5,1,3,1,0,0,0
02-06-2020,7,0,25,3,88,16,2,1,2,70,8,0,0,1,113,20,6,5,3,34,5,45,50,37,22,28,10,0,0,0,11,48,5,52,13,4,21,5,3,99,2,10,1,0,17,24,0,0,15,6,2,12,0,0,0,0
03-06-2020,0,0,40,6,67,20,17,4,3,36,21,0,0,0,96,26,13,4,8,35,1,44,67,17,15,15,5,0,0,14,9,109,8,51,38,1,29,2,2,73,2,11,0,0,7,29,4,0,21,5,0,9,0,0,14,0
04-06-2020,0,0,16,9,71,18,18,12,2,41,26,0,0,0,115,23,9,1,8,13,0,27,49,25,29,12,4,0,17,-1,8,90,8,147,7,0,22,3,0,83,0,12,0,2,13,37,0,0,17,11,1,10,0,0,0,0
05-06-2020,23,0,16,1,80,12,31,4,4,53,25,0,0,0,59,21,10,5,8,29,3,34,34,259,33,9,10,1,0,6,5,79,4,62,9,5,17,1,2,65,1,11,38,0,7,25,3,0,9,5,5,7,0,0,0,0
06-06-2020,13,0,28,2,76,3,17,0,4,28,4,0,0,0,69,10,6,1,4,13,0,38,54,40,22,8,10,0,0,1,5,57,5,44,13,1,23,2,0,33,1,6,0,1,9,27,1,0,7,4,0,12,0,0,1,0
07-06-2020,3,0,8,0,29,0,16,3,6,12,2,0,0,0,40,15,6,0,0,11,1,9,27,4,16,6,0,0,0,1,3,70,4,92,4,0,11,1,2,13,0,4,7,0,1,10,0,0,11,11,0,2,0,0,2,0
08-06-2020,26,0,2,1,25,16,13,3,2,12,28,0,0,0,20,17,12,3,2,8,0,27,37,18,11,20,9,0,1,4,0,38,4,43,9,0,16,0,1,11,0,4,11,0,3,11,3,0,5,10,0,-1,0,0,-17,0
09-06-2020,11,1,23,6,87,10,13,4,4,53,77,0,0,2,94,25,9,1,5,13,1,35,55,32,20,10,21,0,1,4,0,89,4,42,27,0,14,6,5,56,0,1,11,3,14,19,3,0,19,5,0,15,0,0,0,0
10-06-2020,15,0,25,4,114,19,23,2,4,36,44,0,0,0,77,17,5,3,7,11,0,33,46,7,39,21,6,0,2,3,15,74,6,80,22,1,13,2,0,50,1,4,7,1,2,31,1,0,18,1,1,10,1,0,0,0
11-06-2020,11,0,34,6,75,10,26,2,3,47,46,0,0,0,90,15,9,3,9,19,0,31,38,30,13,0,11,0,21,10,7,66,10,38,16,1,13,2,2,52,1,6,13,4,4,30,3,0,6,12,1,11,0,0,0,0
12-06-2020,14,1,21,5,43,0,13,2,4,29,43,0,0,2,75,16,4,0,4,9,0,25,46,5,25,13,19,0,3,2,7,46,0,178,15,0,25,2,2,48,2,2,5,1,25,30,8,0,14,5,2,7,0,0,0,0
13-06-2020,4,0,33,1,102,15,27,3,5,48,29,0,0,0,29,13,6,2,2,8,0,26,38,23,9,8,4,0,0,1,3,132,11,37,6,0,21,-1,0,51,0,3,6,1,6,19,0,0,7,4,0,2,0,0,0,0
14-06-2020,0,0,2,2,20,1,15,1,4,6,4,0,0,0,19,21,2,0,0,10,0,13,48,3,15,2,0,1,0,1,2,38,4,30,5,0,19,0,0,7,1,3,1,0,2,17,0,0,5,2,0,1,0,0,0,0
15-06-2020,1,0,12,3,16,7,3,2,0,7,43,0,0,0,18,14,6,1,6,4,1,8,23,2,6,4,3,0,5,2,0,49,5,33,8,0,14,0,7,28,0,5,2,0,8,23,4,0,6,2,0,2,0,0,0,0
16-06-2020,11,0,25,6,87,12,6,1,5,55,35,0,0,1,72,15,7,0,0,24,0,35,17,16,9,20,4,0,11,2,6,84,7,50,29,0,8,4,2,31,0,8,5,2,11,51,2,0,18,8,0,9,0,0,0,0
17-06-2020,5,0,21,9,71,14,9,3,3,25,46,0,0,0,87,17,10,1,13,20,1,14,69,2,13,23,19,1,3,6,4,43,5,30,12,0,13,1,1,43,0,6,10,1,5,38,4,0,13,6,0,10,0,0,0,0
18-06-2020,20,0,34,11,86,7,7,1,4,43,30,0,0,1,52,25,5,4,2,0,0,20,36,25,19,0,36,0,5,2,1,34,4,35,7,1,13,2,4,41,0,7,4,0,10,32,3,1,3,7,0,6,0,0,0,0
19-06-2020,12,0,38,6,73,5,12,4,3,43,31,0,0,0,43,12,1,3,2,22,0,14,30,6,17,0,13,0,5,4,6,33,8,41,14,1,17,1,1,37,0,3,18,3,7,32,3,0,16,7,0,11,2,0,0,0
20-06-2020,16,0,25,10,65,4,13,0,1,40,6,0,0,0,45,10,0,2,2,20,0,22,28,20,11,0,7,0,0,7,2,22,2,66,13,0,8,1,0,19,0,4,5,0,9,30,0,0,5,4,0,14,0,0,0,0
21-06-2020,1,0,3,1,26,0,9,3,2,17,1,0,0,0,22,11,5,1,2,1,0,14,30,3,8,0,0,0,0,1,0,15,3,42,8,1,7,1,0,5,2,2,9,0,2,14,3,0,4,5,1,0,0,0,0,0
22-06-2020,2,0,2,2,48,4,3,2,2,12,5,0,0,0,24,15,0,1,0,12,0,8,16,7,4,40,5,1,5,2,0,35,0,51,55,0,17,0,4,4,0,2,6,0,5,23,0,0,9,5,0,1,0,0,0,0
23-06-2020,23,0,45,10,59,14,14,0,2,65,47,0,0,0,36,4,3,2,11,17,0,18,16,12,9,11,6,0,7,0,4,51,7,56,18,1,12,2,0,39,0,7,14,2,11,26,5,0,25,10,3,5,0,0,0,0
24-06-2020,27,0,71,3,89,2,10,2,4,43,3,0,0,0,63,10,1,1,1,18,1,16,48,5,7,22,9,0,1,0,4,51,4,25,29,0,8,1,3,53,0,5,10,1,14,40,0,0,16,3,0,7,0,0,0,0
25-06-2020,5,0,28,0,89,2,11,0,2,46,47,0,0,1,40,13,6,1,8,12,0,21,25,19,9,5,2,0,3,6,10,1796,5,44,11,0,9,3,2,39,2,1,10,3,11,47,1,0,14,4,0,9,0,0,0,0
26-06-2020,11,2,41,9,65,4,9,2,3,39,25,0,0,0,37,12,8,3,7,26,0,13,50,1,5,6,10,1,6,3,8,42,4,41,12,0,14,2,5,21,0,1,1,1,10,39,2,0,25,11,0,0,0,0,0,0
27-06-2020,12,0,44,10,36,1,4,1,2,24,6,0,1,1,26,11,0,3,1,0,1,15,28,19,6,13,7,0,1,2,2,34,2,26,5,0,14,7,0,24,1,5,17,3,7,41,1,0,24,7,1,11,0,0,0,0
28-06-2020,0,0,14,5,28,2,5,2,2,29,2,0,0,0,15,9,2,1,4,9,0,11,19,4,8,4,0,0,0,0,0,27,1,29,-1,1,16,1,0,4,1,6,5,0,0,24,0,0,8,4,0,0,0,0,0,0
29-06-2020,10,0,4,1,53,5,4,1,1,28,6,0,0,0,14,9,5,4,2,0,1,7,35,4,10,20,0,0,2,4,0,17,1,6,5,0,16,0,2,9,0,1,4,0,8,30,1,0,8,5,0,0,0,0,0,0
30-06-2020,21,0,47,5,95,9,2,1,0,58,21,0,0,1,21,10,5,0,5,22,0,15,-41,32,6,14,1,0,5,3,4,43,4,629,23,0,6,2,3,37,0,5,19,0,12,29,4,0,23,6,0,7,0,0,0,0
01-07-2020,22,0,80,7,85,7,2,1,2,45,22,0,0,0,28,12,1,4,7,17,0,15,0,5,6,9,13,0,2,4,2,43,3,10,18,1,17,2,1,33,0,1,27,2,5,56,1,0,23,6,0,2,0,0,0,0
02-07-2020,13,0,39,2,93,4,2,1,1,67,22,0,0,0,0,8,2,3,9,17,0,7,79,14,13,10,26,0,6,14,2,29,3,21,11,0,11,6,1,25,0,3,18,4,11,45,3,0,30,10,0,7,0,0,0,0
03-07-2020,21,1,34,2,53,0,9,0,1,67,8,0,1,1,54,11,2,2,4,23,0,11,17,3,8,11,3,1,2,3,1,57,8,73,10,0,13,3,0,33,1,3,9,0,13,54,5,0,29,9,0,3,0,0,0,0
04-07-2020,1,1,19,5,28,0,0,1,2,18,0,0,0,0,9,7,0,1,0,0,2,13,23,3,0,4,4,0,0,2,3,25,2,20,3,0,12,0,4,3,1,2,20,0,4,36,0,0,4,7,1,0,0,0,0,0
05-07-2020,0,0,8,1,40,0,0,2,2,29,3,0,0,0,6,12,0,1,0,10,2,7,11,0,5,4,1,0,0,4,2,22,0,49,1,0,15,0,2,4,0,2,7,0,8,33,3,0,4,7,0,0,0,0,0,0
06-07-2020,0,0,4,5,68,-10,3,1,2,47,18,0,0,1,6,16,2,1,8,8,0,3,15,3,3,3,0,0,-1,3,1,18,2,13,9,0,13,1,0,2,0,4,7,0,7,55,6,0,0,9,1,0,0,0,0,0
07-07-2020,26,1,98,9,129,5,0,1,0,63,21,0,0,0,247,9,9,4,9,23,1,20,15,30,3,44,16,0,-1,11,2,52,4,24,14,4,15,5,5,32,2,2,19,1,13,101,4,0,28,9,0,9,1,0,0,0
08-07-2020,25,0,36,4,128,8,5,1,3,48,23,0,0,4,36,8,4,0,6,20,0,9,30,11,9,30,2,0,0,5,2,51,8,8,16,1,12,3,4,23,2,0,38,0,20,93,7,0,24,8,0,2,0,0,0,0
09-07-2020,10,0,75,4,148,2,5,0,4,120,8,0,0,2,20,11,5,4,4,16,1,13,25,9,5,16,4,2,2,18,1,116,6,32,15,0,20,3,6,36,0,0,21,3,25,134,4,0,32,16,0,2,0,0,0,0
10-07-2020,36,0,44,4,107,18,0,1,0,93,35,0,0,1,16,7,2,0,8,25,0,15,28,14,5,11,11,3,2,8,3,31,6,46,20,0,17,6,2,31,0,3,24,6,13,63,2,0,21,9,0,5,0,0,0,0
11-07-2020,10,0,69,6,73,1,0,1,0,95,31,0,0,1,24,11,5,2,2,23,1,7,14,28,4,15,7,1,-1,13,1,46,4,12,16,2,20,5,0,18,8,3,22,2,15,79,5,0,4,7,1,7,0,0,0,0
12-07-2020,7,0,86,2,24,0,0,3,0,45,7,0,0,0,19,13,4,2,3,13,2,9,15,1,3,19,1,0,0,1,0,0,2,7,9,0,14,1,2,7,0,3,10,0,3,90,3,0,4,5,0,-1,0,0,0,0
13-07-2020,3,0,9,2,38,2,23,2,0,35,23,0,3,0,6,9,3,1,4,7,0,6,5,7,2,1,13,3,3,0,0,35,3,45,7,0,13,2,3,10,0,1,11,0,8,73,1,0,2,9,1,0,0,0,0,0
14-07-2020,40,0,91,8,146,11,1,0,0,132,28,0,0,1,25,6,2,1,6,22,0,9,10,5,6,22,9,2,-2,19,1,22,3,13,42,1,13,4,7,21,2,1,21,0,18,86,10,0,9,12,0,6,1,0,0,0
15-07-2020,47,0,97,4,134,6,8,0,3,112,37,0,0,7,8,11,20,5,10,16,0,7,28,4,10,18,6,0,5,6,2,52,6,19,18,0,12,4,3,25,2,0,5,2,16,154,7,0,15,3,1,1,0,0,0,0
16-07-2020,19,0,58,6,112,1,9,0,3,156,14,0,0,4,25,10,4,1,5,24,0,6,12,18,8,18,2,1,8,8,1,31,5,19,18,1,21,6,2,26,1,1,72,4,13,170,1,0,15,6,1,4,2,0,0,0
17-07-2020,35,0,91,12,112,6,7,0,3,128,27,0,1,4,13,9,4,1,8,24,1,12,22,7,7,24,4,2,2,11,0,19,3,17,16,1,14,7,5,21,5,2,26,1,19,149,1,0,6,6,1,2,0,0,0,0
18-07-2020,21,1,147,4,88,1,0,2,1,90,37,0,1,1,18,9,4,2,9,0,2,9,17,9,5,14,11,0,0,9,1,15,4,13,25,0,24,6,3,12,1,4,39,0,23,129,8,0,12,7,0,10,0,0,0,0
19-07-2020,1,0,31,0,27,0,0,3,0,87,5,0,0,0,5,9,4,1,3,34,0,9,12,2,3,9,0,0,0,1,2,7,2,17,4,2,29,0,3,9,0,2,20,2,5,84,0,0,2,9,0,1,1,0,0,0
20-07-2020,4,0,23,6,54,6,10,0,1,90,3,0,0,3,6,14,5,3,1,-81,0,5,2,7,4,3,3,2,12,1,0,9,7,11,25,1,24,1,2,3,2,2,9,0,4,112,4,0,4,11,0,2,-1,0,0,0
21-07-2020,12,0,134,11,115,5,0,2,1,134,77,0,0,4,23,9,8,4,3,36,1,20,17,9,3,31,10,1,-3,28,2,22,10,14,28,1,13,9,7,20,0,1,57,0,24,116,4,0,17,12,1,13,1,0,0,0
22-07-2020,61,1,56,6,158,8,0,2,0,139,81,0,1,9,23,13,8,5,3,60,0,3,18,6,4,34,11,2,1,28,2,-30,3,38,27,2,26,13,2,26,5,1,64,1,17,233,9,0,3,8,0,6,0,0,0,1
23-07-2020,33,0,89,6,136,15,4,0,1,173,26,0,1,3,20,10,6,1,7,16,0,4,16,7,9,13,30,1,5,5,3,23,5,36,24,1,23,3,2,16,3,0,49,2,37,196,7,0,3,9,1,13,0,0,0,0
24-07-2020,41,0,80,8,141,4,3,2,0,135,82,0,0,6,17,11,6,8,7,141,0,13,14,5,5,27,6,3,0,13,2,35,5,2,33,2,29,7,9,22,3,0,51,1,13,182,6,0,13,13,1,0,0,0,0,0
25-07-2020,18,1,143,5,88,4,0,2,0,124,51,0,0,0,12,11,0,-1,5,0,1,11,12,0,5,15,5,0,0,10,2,11,6,12,22,0,30,12,0,9,10,3,80,0,26,175,1,0,8,12,0,13,0,0,0,0
26-07-2020,17,0,19,2,37,0,0,1,0,77,4,0,0,2,1,10,3,2,4,48,0,7,19,0,3,15,9,0,0,2,0,11,7,22,6,0,19,0,7,3,0,1,26,1,3,125,0,0,3,15,0,1,0,0,0,0
27-07-2020,18,1,-1,7,52,5,5,1,1,77,11,0,0,6,18,4,7,4,9,23,0,7,7,5,2,5,12,1,1,5,0,17,5,15,21,0,24,0,0,5,0,1,15,0,11,696,7,0,4,8,1,1,0,0,0,0
28-07-2020,0,1,104,20,174,8,5,0,1,186,54,0,0,8,30,6,3,5,10,26,2,11,15,16,4,42,11,4,4,20,0,21,7,8,22,1,31,13,14,24,8,1,59,0,21,213,5,0,13,14,4,13,1,0,0,0
29-07-2020,47,0,46,6,213,15,2,1,1,216,79,0,0,13,16,21,15,9,5,71,0,20,29,1,9,23,7,3,3,21,2,-27,6,5,28,2,34,14,8,14,2,0,50,6,21,258,6,0,30,16,3,5,0,0,0,1
30-07-2020,27,1,172,8,129,0,6,0,0,253,29,0,0,4,16,9,11,8,7,42,1,10,0,21,5,48,16,1,4,21,4,11,3,24,34,1,26,13,5,23,3,1,52,0,13,256,8,1,16,13,1,8,0,0,0,0
31-07-2020,15,0,68,11,210,16,1,1,0,257,81,0,0,11,22,11,7,1,4,24,1,5,29,7,6,52,10,5,4,29,0,10,7,6,20,0,24,5,6,11,5,1,45,1,27,140,4,0,33,15,4,15,0,0,0,0
01-08-2020,23,1,53,5,124,6,0,2,0,179,73,0,0,9,8,13,2,0,5,0,0,13,17,7,6,30,11,1,0,2,1,11,9,5,37,0,14,8,3,12,6,1,39,4,7,288,6,0,41,16,0,13,0,0,0,0
02-08-2020,24,0,18,6,58,0,0,0,0,62,15,0,0,0,14,9,4,3,2,58,0,9,12,0,8,10,1,0,0,0,1,6,3,16,4,2,23,1,1,4,5,2,26,1,6,17,1,0,3,9,1,1,0,0,0,0
03-08-2020,6,1,14,11,48,0,5,0,2,73,2,0,0,3,9,9,6,6,2,17,1,8,10,10,2,8,3,3,-4,15,0,10,1,9,60,0,19,1,2,2,0,1,16,0,19,164,3,0,0,10,0,1,1,0,0,0
04-08-2020,33,0,66,15,187,5,0,1,1,245,79,0,1,10,19,11,4,1,7,27,-1,7,9,4,4,42,13,0,4,15,1,11,3,6,18,2,16,15,5,24,7,2,54,1,25,240,7,0,26,18,7,12,0,0,0,0
05-08-2020,29,0,87,18,166,2,0,5,0,225,63,0,0,7,28,5,12,4,1,45,1,6,2,7,10,51,8,1,8,28,0,-15,9,29,24,1,24,17,5,7,9,2,47,1,27,381,6,0,30,21,0,9,0,0,0,0
06-08-2020,19,0,70,7,211,1,0,0,0,120,42,0,2,6,21,15,12,6,8,50,0,15,32,28,7,21,5,0,0,10,1,7,2,2,41,1,25,10,1,29,12,0,48,4,42,860,3,1,25,8,0,8,0,0,0,1
07-08-2020,21,0,79,6,123,5,4,0,2,180,91,0,2,6,31,14,3,2,4,61,0,14,18,18,4,23,24,5,5,20,0,0,6,4,34,1,26,7,9,14,7,2,20,3,20,276,5,0,18,17,3,12,1,0,0,0
08-08-2020,20,1,56,14,169,0,0,0,1,182,69,0,0,6,18,12,12,0,8,0,1,12,12,-4,8,26,4,5,0,29,0,20,6,8,24,2,18,3,7,14,9,1,45,2,9,209,0,0,5,9,4,6,0,0,0,0
09-08-2020,13,0,13,9,31,1,0,0,1,77,13,0,0,2,5,7,4,1,1,56,0,8,14,-1,9,22,7,0,0,8,0,5,4,6,8,0,23,0,1,1,5,0,24,0,8,109,1,0,4,11,8,2,0,0,0,0
10-08-2020,29,0,4,11,146,4,3,0,0,91,30,0,3,2,1,16,3,6,2,24,0,6,6,7,3,16,7,0,3,6,0,4,5,7,7,1,25,2,1,3,0,1,17,0,10,92,9,0,1,11,2,0,0,0,0,0
11-08-2020,50,0,45,11,51,12,0,2,2,276,122,0,0,7,20,13,12,6,8,26,1,13,10,7,6,32,5,2,3,18,0,12,3,6,49,5,24,13,11,29,8,3,50,0,38,-22,4,0,17,8,6,8,1,0,0,0
12-08-2020,35,1,148,6,232,1,6,0,0,212,105,0,4,0,15,15,7,4,7,43,0,8,18,6,17,45,8,3,5,15,1,-5,2,10,32,2,19,9,7,36,8,1,46,1,18,304,2,0,8,14,6,5,0,0,0,0
13-08-2020,8,0,36,10,118,7,0,0,1,148,82,0,2,5,24,15,7,6,6,46,0,8,21,16,7,22,2,1,4,34,2,8,2,8,7,0,29,11,8,16,11,0,40,1,24,238,2,0,11,10,0,7,1,0,0,0
14-08-2020,3,0,40,5,274,6,3,0,0,228,35,0,0,14,27,16,10,1,8,28,0,11,20,11,8,32,9,0,1,15,1,10,6,22,26,1,27,6,2,39,11,3,20,2,13,304,7,0,7,15,4,7,0,0,0,0
15-08-2020,3,1,69,13,66,8,0,0,3,204,96,0,0,4,5,12,5,2,6,0,1,5,16,20,-34,37,13,1,0,24,0,7,8,6,30,0,19,13,1,17,12,0,56,2,19,190,3,0,11,11,3,13,0,0,0,0
16-08-2020,2,0,14,-1,30,0,0,0,0,107,33,0,0,0,18,12,0,0,0,77,0,3,12,6,47,4,5,0,0,3,0,2,3,7,4,4,20,4,2,3,6,7,9,1,21,134,0,0,0,11,0,1,0,0,0,0
17-08-2020,27,0,0,4,54,0,3,2,0,87,25,0,0,4,12,23,12,1,8,19,0,2,4,0,6,11,32,0,1,5,0,4,4,6,1,1,15,4,0,0,0,2,19,0,21,57,1,0,4,7,0,0,0,0,0,0
18-08-2020,11,1,23,16,161,3,0,1,2,219,67,0,1,9,27,5,15,4,12,28,0,9,6,16,9,32,11,2,7,25,1,9,5,11,48,2,23,14,9,22,11,5,55,1,37,222,5,0,11,7,2,0,0,0,0,0
19-08-2020,8,0,105,12,222,1,1,0,1,174,55,0,1,7,23,16,8,4,12,55,0,11,28,10,17,36,9,0,2,32,3,1,6,8,35,2,23,20,11,33,10,0,17,1,28,243,8,0,14,12,4,21,4,0,0,0
20-08-2020,30,0,50,10,130,3,1,0,1,117,55,1,3,7,27,17,6,4,14,28,1,8,12,16,7,27,8,5,2,38,1,6,5,-3,34,0,24,10,4,13,11,3,41,2,36,251,4,0,17,8,1,7,0,0,0,1
21-08-2020,22,1,4,22,136,7,2,1,1,119,94,0,1,9,22,8,13,7,8,50,1,5,13,0,8,24,3,0,3,13,0,9,5,3,29,2,30,6,2,17,7,2,58,2,61,233,2,0,9,4,4,1,3,0,0,0
22-08-2020,15,1,68,11,119,8,0,1,2,106,94,0,1,1,17,15,4,0,8,0,1,11,20,21,8,23,6,1,0,12,1,2,4,7,27,3,26,10,3,18,7,1,34,1,14,153,2,0,7,5,6,13,0,0,0,0
23-08-2020,2,1,15,13,72,0,0,1,0,51,40,0,0,1,6,12,4,0,0,59,1,6,0,4,6,3,2,0,2,0,0,3,2,12,10,1,29,1,0,2,9,1,11,1,4,124,0,0,24,4,2,0,0,0,0,0
24-08-2020,11,0,0,9,82,1,0,0,0,72,24,1,2,7,8,14,10,3,12,18,0,3,28,4,4,8,0,1,5,3,0,0,4,4,4,1,23,4,3,2,0,1,7,0,21,57,5,0,4,7,0,0,0,0,0,1
25-08-2020,13,4,21,15,144,7,3,0,0,183,106,0,0,12,29,11,12,1,11,33,0,13,12,21,8,67,18,6,0,30,0,7,3,31,35,1,25,14,8,24,5,1,18,0,40,174,7,0,23,6,8,13,0,0,0,1
26-08-2020,8,1,104,21,130,1,0,0,1,153,49,2,2,11,37,3,12,12,7,54,1,10,26,6,15,58,11,1,3,20,0,-39,3,3,36,0,22,19,5,29,9,1,44,1,20,192,4,0,21,15,3,6,0,0,0,2
27-08-2020,31,0,33,7,158,4,2,0,0,135,82,0,4,6,23,16,20,4,8,23,0,5,21,16,15,26,7,0,5,21,2,7,9,5,24,1,23,15,5,8,8,2,55,0,25,222,2,0,12,9,8,11,0,0,0,0
28-08-2020,31,0,49,17,144,6,0,1,0,89,78,1,4,10,20,9,17,1,8,30,0,5,16,6,4,14,12,2,1,16,1,9,3,8,22,0,25,8,9,20,12,2,27,3,28,168,4,0,23,8,3,2,0,0,0,0
29-08-2020,45,0,29,16,102,5,0,0,0,148,105,0,3,5,11,12,-8,4,3,0,0,19,12,0,4,14,29,4,0,15,0,3,2,4,31,2,19,11,7,14,4,2,43,2,24,128,0,0,18,5,14,6,0,0,0,0
30-08-2020,10,0,23,12,18,0,0,0,1,14,28,0,1,1,11,9,13,0,8,27,0,6,13,36,2,14,5,0,0,0,0,4,1,13,9,1,21,2,4,2,6,2,11,0,22,77,0,0,1,5,-1,3,0,0,0,0
31-08-2020,20,0,-1,13,86,3,0,2,1,68,29,0,7,2,7,13,7,2,4,19,0,3,11,5,1,32,14,0,5,3,0,8,9,6,10,1,24,1,1,0,0,1,11,0,7,41,0,0,11,8,1,0,0,0,0,0
01-09-2020,18,2,15,17,113,1,1,3,0,187,100,3,4,6,38,7,5,3,15,34,0,6,4,14,5,20,15,1,2,8,0,5,8,9,39,2,25,8,5,19,1,2,37,0,27,135,2,0,32,6,9,8,0,0,0,1
02-09-2020,17,0,21,27,180,6,1,2,1,127,62,0,1,5,27,10,8,5,18,20,1,5,-4,14,11,33,17,4,0,23,0,14,3,6,38,3,25,13,4,26,8,2,37,2,16,177,1,0,29,6,9,12,4,0,0,0
03-09-2020,16,1,65,20,174,3,1,0,1,149,73,0,4,0,24,6,3,10,10,17,0,12,17,10,7,10,8,2,5,27,0,7,1,4,24,2,22,14,2,19,5,3,13,0,18,186,4,0,11,6,7,4,0,0,0,1
04-09-2020,33,0,41,12,153,0,0,0,2,100,63,1,2,10,38,14,22,10,11,14,1,11,23,7,10,22,21,3,0,12,0,7,3,6,36,0,15,11,5,10,7,1,39,1,22,126,5,0,10,2,5,7,1,0,0,0
05-09-2020,9,2,36,9,45,16,0,1,0,61,46,0,3,2,23,11,6,0,6,0,0,7,16,8,4,11,61,2,0,13,0,7,6,5,50,5,20,4,5,15,9,1,31,3,25,144,1,0,15,10,1,15,0,0,0,0
06-09-2020,1,0,14,12,46,1,0,1,0,38,60,0,1,1,5,14,3,1,3,58,0,3,9,0,6,15,18,1,0,1,1,4,3,0,1,1,20,3,1,0,13,1,10,0,3,77,2,0,1,6,3,0,0,0,0,1
07-09-2020,0,0,-2,14,43,1,0,2,0,22,7,0,1,0,8,11,3,5,0,12,0,5,8,4,3,1,3,1,0,4,0,2,4,15,7,0,17,0,1,21,0,1,20,0,4,47,1,0,6,4,-1,0,0,0,0,0
08-09-2020,1,0,2,9,69,0,6,1,0,44,26,5,2,4,7,15,15,-1,1,13,0,3,8,1,2,0,3,1,3,0,0,5,0,14,12,0,17,1,4,8,5,2,5,0,27,102,1,0,2,2,4,0,0,0,0,1
09-09-2020,8,0,30,11,168,4,0,1,4,195,58,1,3,31,28,13,19,14,16,22,0,9,5,75,7,38,12,3,14,19,0,12,6,4,49,1,21,9,8,14,18,1,30,0,35,130,3,0,11,4,3,15,0,0,0,0
10-09-2020,16,0,22,12,114,2,4,0,1,216,76,1,3,-13,28,12,3,4,22,21,0,8,20,8,15,33,11,1,9,17,1,6,3,0,32,3,20,13,3,13,12,1,33,4,57,16,3,0,11,7,3,10,0,0,0,0
11-09-2020,32,1,15,13,134,6,2,2,0,176,42,2,2,5,44,12,9,13,9,41,0,4,14,6,13,14,7,8,7,10,0,9,2,0,33,4,23,12,2,23,11,0,53,0,37,277,1,0,3,7,6,4,0,0,0,0
12-09-2020,17,1,27,16,84,3,0,0,0,98,41,0,1,3,22,4,2,10,13,0,1,8,16,11,9,15,8,2,0,10,1,4,3,4,24,3,22,11,6,0,12,3,12,6,39,107,2,0,11,6,2,12,0,0,0,1
13-09-2020,1,0,7,12,52,0,0,0,0,8,46,0,2,0,14,18,2,2,3,33,1,2,14,0,13,12,4,2,-3,3,1,4,2,0,5,1,18,6,4,1,4,0,24,1,14,80,0,0,2,5,1,1,0,0,0,0
14-09-2020,4,0,0,11,56,2,5,1,0,34,20,3,0,4,5,14,4,14,5,17,0,1,9,10,3,9,8,3,1,4,0,3,0,7,8,2,17,0,0,27,3,2,13,0,19,44,3,0,19,7,11,0,0,0,0,0
15-09-2020,32,0,22,158,151,6,0,1,0,145,44,2,1,4,18,12,10,15,9,26,1,10,6,11,5,28,19,2,1,26,2,9,7,8,51,2,12,7,10,6,9,2,21,0,30,142,0,0,96,9,5,10,0,0,0,0
16-09-2020,5,0,27,7,110,6,2,2,1,152,22,0,3,6,35,8,14,29,8,18,1,6,20,11,6,22,9,1,3,12,0,11,2,4,38,5,11,12,2,22,19,5,34,8,24,138,1,0,45,8,10,8,8,0,0,0
17-09-2020,9,0,38,9,104,4,1,0,2,147,55,2,4,5,25,15,2,0,11,17,0,6,15,12,9,24,17,2,3,12,0,3,4,27,31,5,22,6,0,11,18,0,26,1,13,88,0,0,36,6,4,3,-1,0,0,0
18-09-2020,27,1,42,7,72,3,4,0,0,139,62,1,13,4,23,12,14,10,8,29,0,8,9,-1,8,12,28,3,0,18,0,4,5,15,27,2,25,9,0,26,11,2,19,2,32,111,0,0,29,8,3,7,0,0,0,0
19-09-2020,9,0,16,8,131,4,0,1,0,62,63,0,0,3,25,10,1,0,7,0,1,7,26,15,13,17,15,10,0,4,0,3,6,-4,28,8,7,4,4,21,6,4,11,5,20,91,3,0,41,5,11,3,0,0,0,0
20-09-2020,0,0,10,0,-4,1,0,0,1,9,3,0,0,2,14,7,0,0,3,26,0,3,15,0,2,1,1,1,0,3,0,3,2,6,8,0,13,3,1,21,3,4,11,2,2,43,0,0,25,8,3,1,0,0,0,0
21-09-2020,2,0,1,16,38,4,3,1,1,21,2,4,0,4,7,11,19,5,1,9,1,4,7,12,4,0,12,3,10,0,0,2,2,72,4,1,16,2,3,23,1,2,13,0,15,51,1,0,6,6,1,2,0,0,0,0
22-09-2020,18,0,20,12,131,7,1,2,0,99,69,2,0,4,29,15,9,13,7,11,0,12,11,16,10,36,29,3,9,15,0,7,3,104,39,3,18,14,3,18,4,1,31,0,28,104,2,0,39,11,5,7,0,0,0,0
23-09-2020,31,0,27,20,110,5,1,2,0,202,96,0,2,3,22,17,5,7,5,19,0,7,19,16,6,24,71,2,1,10,0,6,3,1,30,7,22,8,6,35,4,0,19,0,16,123,1,0,29,6,2,8,1,0,0,0
24-09-2020,18,1,34,17,91,3,2,2,0,177,47,1,2,3,30,13,5,0,13,16,0,7,15,6,3,4,13,0,0,8,0,9,2,5,40,8,18,11,1,17,10,1,17,8,35,138,0,0,24,6,6,6,0,0,0,0
25-09-2020,-15,6,28,20,136,1,2,1,2,120,58,1,3,1,33,13,9,14,12,21,0,8,11,8,6,20,40,5,6,9,0,6,6,14,53,8,24,12,3,11,8,1,18,6,40,102,4,0,23,7,7,9,0,0,0,0
26-09-2020,10,0,35,19,60,6,0,3,1,107,40,0,4,2,25,24,2,0,5,0,0,8,18,17,10,17,63,1,1,9,1,6,5,3,31,8,12,11,0,18,7,1,26,2,22,103,0,0,8,4,2,7,0,0,0,0
27-09-2020,0,4,1,23,22,1,0,0,0,10,32,0,1,0,13,12,2,0,3,21,0,10,13,0,4,8,-1,2,1,3,0,3,0,7,1,4,17,2,1,3,2,0,3,0,3,42,5,0,15,7,2,0,0,0,0,0
28-09-2020,0,0,1,21,25,3,2,2,0,5,15,0,0,0,13,20,8,9,5,15,0,3,11,7,7,2,4,1,2,0,0,1,3,9,4,3,19,1,4,2,4,2,11,0,12,63,0,0,13,7,3,2,0,0,0,1
29-09-2020,16,0,8,21,151,2,2,3,2,106,33,8,2,4,23,19,17,8,8,10,1,8,8,21,5,36,9,3,6,8,0,10,2,8,49,5,21,11,8,13,6,1,22,5,31,87,4,0,15,5,8,17,0,0,0,0
30-09-2020,23,0,18,19,123,5,3,1,1,174,27,2,2,5,35,13,17,27,4,21,0,3,33,11,17,12,3,3,0,7,0,5,2,14,38,7,18,13,4,27,7,1,19,0,34,109,2,0,21,7,5,27,0,0,0,0
01-10-2020,8,2,24,15,89,3,3,2,1,127,42,0,3,3,24,18,8,0,17,8,0,0,24,19,13,10,5,1,15,3,2,18,5,8,47,10,20,4,1,15,4,2,22,13,47,114,0,0,20,10,4,21,3,0,0,0
02-10-2020,2,0,19,7,80,3,2,4,1,110,43,0,3,2,52,18,11,20,6,26,0,1,10,8,10,20,72,5,0,6,1,-9,5,38,29,8,10,9,3,19,8,2,9,1,14,99,15,0,22,7,2,5,0,0,0,0
03-10-2020,8,1,12,16,62,3,0,2,0,74,27,0,11,6,31,24,4,1,8,0,1,7,17,14,14,12,18,0,4,11,0,4,3,3,21,7,15,7,8,18,8,2,33,11,45,70,2,0,20,6,2,19,0,0,0,0
04-10-2020,0,0,1,18,23,8,0,1,2,43,29,0,3,2,17,15,6,0,4,32,0,1,3,0,7,2,9,1,4,3,1,1,2,14,5,3,13,0,1,15,5,2,11,0,17,30,2,0,3,4,1,5,0,0,0,0
05-10-2020,1,0,1,22,27,1,4,2,0,41,30,5,1,5,14,13,11,7,5,9,0,3,20,15,3,0,2,3,2,0,0,2,2,13,3,3,16,4,0,12,9,4,3,0,20,116,4,0,3,8,3,4,0,0,0,0
06-10-2020,21,0,6,22,69,12,4,0,0,55,37,1,3,5,31,15,15,0,4,6,0,6,8,22,4,14,21,2,4,6,3,9,0,7,33,3,23,11,9,16,1,0,15,0,24,91,6,0,15,11,3,18,0,0,0,0
07-10-2020,21,1,20,13,92,4,1,3,0,137,30,2,3,8,42,18,6,17,5,12,0,6,19,8,14,24,29,1,0,7,0,5,2,12,23,24,26,9,2,23,9,2,31,10,21,120,8,0,12,5,5,16,0,0,0,0
08-10-2020,36,1,10,21,78,10,5,2,3,164,35,0,1,3,32,23,14,24,11,5,0,6,8,24,6,23,30,4,7,13,2,9,3,8,29,6,27,10,11,21,10,4,12,14,63,106,5,0,25,7,1,9,1,0,0,0
09-10-2020,16,0,3,27,74,8,3,2,0,118,54,1,2,3,32,25,21,24,8,26,1,11,12,7,14,6,125,9,0,8,2,3,3,30,25,11,17,6,3,21,5,3,16,5,27,96,4,0,16,7,6,16,0,0,0,0
10-10-2020,11,0,13,22,85,9,0,1,2,0,45,0,2,1,30,17,5,2,7,0,0,5,10,19,10,16,27,3,5,2,5,7,5,5,18,15,25,4,2,33,8,2,21,9,26,78,5,0,10,3,5,18,0,0,0,0
11-10-2020,0,0,0,17,15,1,0,4,1,178,23,0,1,0,9,21,3,1,3,20,0,4,17,0,10,5,1,1,0,2,1,3,4,3,5,1,17,3,0,6,2,6,1,0,9,31,7,0,4,3,-2,7,0,0,0,0
12-10-2020,1,0,0,17,10,3,2,1,0,48,13,2,0,3,13,23,19,13,3,14,0,4,13,6,3,0,0,2,3,3,0,1,4,13,3,8,28,6,0,18,5,5,7,2,7,32,5,0,3,12,3,9,0,0,0,0
13-10-2020,0,0,8,25,64,37,1,1,0,119,25,1,4,2,30,29,10,12,14,10,0,9,13,30,7,14,0,5,5,10,0,7,3,8,43,12,22,15,6,14,3,7,17,0,23,89,0,0,11,4,2,34,3,0,0,0
14-10-2020,41,4,5,23,90,7,4,1,1,64,16,0,10,4,47,20,14,39,7,16,0,10,17,13,29,25,105,8,3,17,2,9,3,10,40,8,19,13,3,29,4,2,17,3,31,104,5,0,9,9,3,28,0,0,0,0
15-10-2020,50,0,17,11,82,2,3,4,0,141,22,0,1,1,53,35,11,0,20,12,1,6,25,34,19,12,-68,5,5,7,5,6,1,23,18,5,25,11,3,23,1,2,14,13,36,94,2,0,7,4,2,17,0,0,0,1
16-10-2020,30,1,17,20,89,10,2,1,3,94,64,2,1,6,52,42,8,21,4,20,1,4,30,15,13,8,18,5,12,9,2,5,6,9,36,18,26,11,6,22,15,2,8,3,7,95,8,0,20,5,3,21,0,0,0,0
17-10-2020,2,1,18,19,41,4,0,3,0,87,51,0,1,6,27,24,4,0,12,0,1,4,21,23,5,11,103,4,0,0,1,2,1,14,19,11,33,8,2,9,3,2,22,8,32,70,3,0,14,6,3,0,0,0,0,0
18-10-2020,0,0,3,20,23,0,0,2,0,50,31,0,1,-1,22,30,4,0,6,23,0,1,14,0,17,0,14,2,1,3,0,7,5,13,5,5,27,9,1,23,5,2,13,8,6,30,3,0,11,10,1,0,0,0,0,0
19-10-2020,1,0,3,10,8,4,12,4,0,54,19,3,0,3,22,20,16,13,8,16,0,4,16,23,5,0,8,0,6,2,2,3,1,16,5,4,29,2,7,10,2,1,11,0,13,24,3,0,24,10,0,26,0,0,0,0
20-10-2020,16,0,7,14,72,2,5,3,1,84,17,0,2,4,41,36,28,24,16,6,0,9,5,20,7,31,26,11,11,15,0,13,7,7,53,4,26,18,6,41,1,4,35,7,30,74,5,0,28,6,9,33,4,0,0,0
21-10-2020,23,1,17,23,85,12,8,2,0,105,30,2,14,11,68,33,18,57,21,12,0,8,22,35,35,21,27,23,11,5,1,18,8,8,40,10,37,19,2,28,5,3,12,3,18,93,6,0,30,11,3,48,0,0,0,0
22-10-2020,15,0,5,21,94,4,2,4,0,57,25,1,3,7,42,36,7,-1,17,15,0,12,30,46,20,8,16,3,11,4,1,18,3,23,50,9,34,11,0,28,9,3,47,14,41,17,6,0,9,11,6,22,7,0,0,0
23-10-2020,16,0,6,10,54,13,8,4,0,73,37,0,3,9,41,29,28,23,16,21,0,8,20,20,13,7,32,4,4,2,1,10,7,11,32,9,34,13,14,32,8,3,22,9,65,116,4,0,15,7,4,42,0,0,0,0
24-10-2020,7,0,4,15,39,7,0,4,0,77,42,0,3,10,63,25,5,0,8,0,0,13,9,38,14,17,109,12,4,5,2,8,5,9,30,8,33,11,4,28,3,1,16,10,24,137,1,0,39,11,0,25,0,0,0,0
25-10-2020,0,0,5,15,17,5,0,7,0,12,1,0,0,1,24,30,1,0,3,17,0,5,25,0,21,0,12,3,1,5,0,4,2,8,13,8,40,4,0,11,7,2,9,9,31,47,4,0,1,8,1,8,0,0,0,0
26-10-2020,0,0,1,21,28,3,12,1,0,20,18,6,0,7,17,42,22,1,3,17,0,3,17,30,4,8,-4,6,7,1,2,7,9,8,13,5,30,2,2,12,3,3,21,0,32,38,2,0,2,9,1,10,9,0,0,0
27-10-2020,26,2,16,24,76,10,6,0,2,56,17,0,3,5,46,40,23,7,18,18,0,9,7,33,15,20,39,2,17,7,0,14,4,16,41,15,40,22,9,24,4,5,19,0,44,84,4,0,19,10,8,64,0,0,0,0
28-10-2020,19,1,14,18,64,13,9,4,0,66,32,1,-2,14,51,35,11,24,14,18,0,7,36,21,19,19,29,20,8,10,3,18,11,10,34,12,42,13,7,23,5,3,34,9,34,106,10,0,16,12,4,45,0,0,0,0
29-10-2020,3,6,13,19,32,19,5,8,1,77,47,2,2,16,56,39,14,1,19,18,0,12,27,47,32,8,7,12,9,3,4,8,3,19,38,11,40,20,2,36,1,4,13,19,22,117,10,0,20,4,7,51,10,0,0,0
30-10-2020,18,4,16,6,52,10,7,2,1,72,32,1,1,11,49,49,9,21,15,11,0,10,24,12,19,18,51,27,9,8,0,7,13,29,49,13,41,20,2,29,6,5,7,12,78,108,3,0,7,11,8,24,0,0,0,0
31-10-2020,35,1,45,25,58,7,0,4,0,41,24,0,3,3,46,35,2,0,9,0,1,10,16,34,20,6,94,11,6,0,1,11,11,6,46,12,37,11,14,26,2,3,39,10,12,74,3,0,11,14,6,59,0,0,0,0
01-11-2020,6,3,0,33,23,3,0,3,0,28,2,0,0,1,35,40,17,0,4,7,0,5,22,0,18,14,1,1,2,4,0,4,8,23,5,7,52,8,2,3,10,4,1,12,0,52,10,0,1,8,1,16,0,0,0,0
02-11-2020,0,1,3,27,25,4,11,2,1,45,18,0,0,2,18,43,23,17,3,8,1,3,10,17,9,0,5,10,2,3,0,3,10,11,7,9,49,9,1,10,7,6,10,1,26,42,0,0,3,5,1,3,10,0,0,0
03-11-2020,14,0,38,18,52,19,8,4,0,56,480,1,0,15,68,43,24,11,11,17,0,7,12,45,15,36,34,13,4,23,0,14,9,10,67,15,53,21,9,30,3,1,22,8,75,105,6,0,8,10,10,52,-4,0,0,1
04-11-2020,19,0,39,23,52,22,10,1,0,32,43,3,0,17,55,52,21,30,11,24,2,10,27,21,31,13,24,5,9,7,1,20,14,20,50,12,53,17,4,37,8,4,17,14,24,140,5,0,11,12,3,54,12,0,0,1
05-11-2020,20,0,28,11,65,20,11,2,3,39,56,2,0,7,97,40,13,0,20,20,0,10,23,51,25,8,18,3,5,10,2,12,23,64,41,29,56,21,5,45,5,4,7,22,31,128,7,0,11,12,8,38,0,0,0,0
06-11-2020,23,0,22,19,61,23,15,2,2,53,30,3,0,8,84,57,14,79,10,21,0,12,21,47,36,14,24,12,27,21,2,13,6,15,34,17,52,16,6,39,7,5,13,28,32,131,17,0,-6,14,7,62,0,0,0,0
07-11-2020,33,0,38,12,35,13,0,3,2,86,39,0,1,4,91,49,14,0,17,0,1,7,23,65,34,14,21,26,2,5,1,9,16,13,23,15,71,0,13,37,0,1,10,13,49,103,9,1,22,5,14,45,9,0,0,0
08-11-2020,2,0,17,17,16,5,0,1,0,21,1,0,1,3,50,60,3,0,4,20,1,11,20,0,31,10,3,11,0,1,0,4,14,20,2,11,61,9,1,4,10,6,21,13,5,46,1,0,3,11,1,11,0,0,0,0
09-11-2020,0,0,0,23,55,14,27,2,1,58,29,2,0,12,25,44,27,15,11,12,1,9,14,63,19,0,0,1,7,1,0,11,12,20,8,5,77,6,4,3,10,4,5,1,15,54,2,0,6,10,31,17,0,0,0,0
10-11-2020,36,8,28,4,37,19,9,3,2,69,53,1,1,16,82,60,26,0,14,10,3,12,21,86,23,37,138,5,20,7,0,21,14,16,45,30,73,7,3,72,7,6,21,3,62,121,11,0,13,14,11,66,13,0,0,0
11-11-2020,81,4,36,14,32,16,9,2,0,52,76,0,0,19,153,59,29,34,14,0,2,16,38,42,58,17,24,10,1,18,3,15,14,23,38,12,60,19,5,57,12,9,14,27,89,139,6,0,15,7,7,62,0,0,0,0
12-11-2020,12,0,12,18,31,25,10,2,0,72,75,0,0,16,48,43,19,0,18,39,1,12,20,49,39,17,23,0,25,3,3,19,18,14,8,11,79,11,4,49,8,5,8,0,27,275,9,0,17,13,2,164,0,0,0,0
13-11-2020,18,1,17,4,76,36,11,3,0,73,24,1,0,3,45,46,26,41,25,24,3,12,23,123,46,5,21,5,19,13,3,27,22,19,14,10,71,12,7,28,5,2,17,1,64,29,14,0,27,11,10,62,0,0,0,0
14-11-2020,15,1,43,11,37,21,0,1,1,44,51,0,0,7,197,51,13,0,11,0,1,20,28,68,35,21,15,37,4,15,1,26,10,17,36,19,63,23,6,43,7,10,9,53,25,130,9,0,14,16,9,56,17,0,0,0
15-11-2020,2,0,2,24,12,21,0,3,2,29,1,0,0,0,74,69,4,0,3,11,2,9,36,0,31,3,3,6,0,1,0,18,7,22,50,10,77,12,2,39,14,8,2,23,16,90,8,0,1,12,8,12,0,0,0,0
16-11-2020,1,0,0,42,41,32,22,4,0,41,10,0,0,4,42,63,34,10,3,7,0,7,11,55,12,2,15,2,18,8,1,14,21,23,8,7,69,10,4,25,7,6,31,0,30,47,5,0,6,15,3,13,0,0,0,0
17-11-2020,52,2,10,20,55,30,12,3,0,85,41,0,0,35,113,82,41,0,33,17,1,26,20,80,26,36,64,21,19,27,2,38,28,96,38,32,79,6,13,34,9,5,13,0,72,116,9,0,29,12,13,103,11,0,0,0
18-11-2020,46,0,53,30,86,43,13,3,5,87,57,0,1,14,151,74,38,60,15,28,4,16,47,62,67,20,22,18,10,3,2,37,26,31,46,16,98,26,10,117,20,7,26,30,53,178,8,1,25,13,14,58,0,0,0,0
19-11-2020,72,1,19,22,101,79,21,3,2,79,37,0,0,23,180,77,25,0,30,15,1,21,28,144,72,18,32,0,28,6,2,34,12,28,38,10,107,18,20,110,11,5,19,31,80,210,16,1,36,12,11,85,21,0,0,0
20-11-2020,32,0,43,24,99,15,23,2,2,79,40,11,1,10,147,72,32,84,20,34,2,26,34,57,68,23,38,6,43,29,1,23,23,38,43,23,121,15,4,107,9,7,30,36,74,172,17,1,16,16,16,81,0,0,0,0
21-11-2020,6,1,30,16,64,42,0,2,1,41,37,0,7,2,157,69,32,0,21,0,1,17,19,101,51,15,17,33,8,29,1,34,25,44,26,16,123,21,7,100,21,10,43,36,9,153,14,1,26,22,19,52,0,0,0,0
22-11-2020,0,1,7,20,18,19,0,4,0,61,19,0,2,2,99,77,11,1,4,27,2,19,24,0,40,19,4,3,4,6,4,15,33,24,29,6,130,10,1,43,5,12,9,42,55,91,6,0,0,17,4,7,0,0,0,0
23-11-2020,2,0,0,30,58,4,43,6,2,94,17,0,0,17,61,86,20,46,5,24,1,14,19,65,24,0,8,11,25,6,0,11,17,27,5,6,110,15,6,28,15,12,5,0,35,55,4,0,4,19,5,8,26,0,0,0
24-11-2020,13,13,51,18,100,50,10,4,1,72,6,0,0,8,150,81,48,0,17,39,12,33,20,154,38,53,184,16,0,24,1,47,28,23,35,37,126,15,21,80,6,12,25,2,71,194,11,1,37,14,15,114,0,0,0,0
25-11-2020,60,0,9,20,104,46,45,2,4,97,76,6,2,21,178,80,42,47,26,27,1,37,53,76,75,16,38,22,16,24,1,67,23,26,64,4,138,16,20,142,14,7,4,28,94,195,26,0,29,17,13,71,13,0,0,0
26-11-2020,40,2,44,11,39,51,0,3,0,0,39,0,2,0,156,91,37,0,0,0,0,29,0,0,0,18,33,6,32,22,0,39,18,56,0,10,110,0,0,105,17,12,0,0,53,181,0,0,21,19,17,72,0,0,0,0
27-11-2020,0,0,20,0,65,20,35,5,0,109,44,3,3,14,90,84,11,26,36,41,0,22,31,187,101,6,1,-1,2,2,3,17,35,38,72,5,144,24,18,25,7,9,29,39,7,61,15,3,15,14,0,19,0,0,0,0
28-11-2020,0,2,36,13,43,6,0,3,1,79,44,0,0,4,152,74,15,0,14,0,1,33,41,110,45,10,8,12,5,24,6,23,23,38,9,13,149,13,11,43,7,4,0,54,15,104,14,0,10,19,6,30,0,0,0,0
29-11-2020,5,0,10,21,22,20,0,4,2,58,18,0,4,7,44,81,24,0,11,16,0,23,46,0,57,27,6,2,0,17,3,13,13,48,21,5,150,19,9,66,11,9,7,1,13,69,5,0,4,17,11,23,0,0,0,0
30-11-2020,1,0,5,32,61,34,59,3,0,97,10,0,0,9,103,81,27,31,12,13,3,16,26,97,15,1,11,10,29,8,0,15,28,48,21,7,156,7,7,38,12,7,28,3,48,72,3,2,4,31,6,7,0,0,0,0
01-12-2020,60,1,48,10,110,72,20,6,5,82,63,0,0,31,146,86,23,0,35,35,20,32,30,195,22,29,165,17,62,20,2,90,21,59,23,27,156,15,24,172,16,13,23,2,36,202,19,3,31,21,23,117,24,0,0,0
02-12-2020,73,0,52,10,107,84,51,3,5,97,52,0,0,31,266,99,69,120,0,46,4,42,46,83,77,15,51,15,48,38,9,62,40,60,82,12,167,54,17,174,22,14,40,47,50,211,16,2,20,23,20,92,0,0,0,0
03-12-2020,65,8,82,33,148,127,20,5,2,98,81,0,2,23,228,87,85,1,71,23,2,49,50,193,92,28,64,9,31,48,7,64,44,62,44,11,150,24,20,183,11,12,22,38,93,226,11,1,34,17,11,70,27,0,0,0
04-12-2020,55,11,64,31,221,18,35,4,1,120,77,1,10,18,157,98,62,107,25,24,4,26,36,82,61,37,75,5,27,22,8,46,33,58,57,12,187,24,30,182,18,12,30,31,95,232,8,2,13,26,10,69,0,0,0,0
05-12-2020,46,1,40,34,98,19,0,4,2,90,68,0,5,0,235,97,17,1,23,0,3,30,43,204,75,33,60,7,8,29,7,51,32,70,49,18,176,14,24,142,12,16,21,27,29,211,14,2,37,18,30,92,0,0,0,0
06-12-2020,12,0,25,40,57,-1,0,7,2,93,13,0,1,3,99,88,35,0,10,36,0,26,51,0,64,12,8,2,11,14,5,15,11,61,27,6,178,22,6,70,7,15,49,19,38,80,0,0,3,16,9,18,0,0,0,0
07-12-2020,3,3,0,53,101,2,78,5,4,105,45,0,0,20,100,94,6,70,10,23,0,19,31,101,21,0,5,6,31,4,2,15,7,80,17,9,177,15,12,65,11,24,13,0,66,58,10,2,8,22,3,21,23,0,0,0
08-12-2020,50,0,23,39,209,14,18,3,0,96,22,0,0,19,168,106,1,1,20,45,12,51,41,203,22,56,141,21,35,40,0,90,0,90,45,0,191,11,35,203,3,21,6,1,100,170,23,4,52,10,29,81,0,0,0,0
09-12-2020,43,4,108,34,201,267,43,13,3,84,48,0,4,29,229,102,0,85,16,32,7,46,90,81,82,24,40,8,23,25,4,116,67,68,56,58,187,23,30,198,13,15,27,36,62,269,23,1,21,7,31,88,10,0,0,0
10-12-2020,49,5,73,34,173,120,42,6,4,129,54,2,2,33,232,106,0,0,28,40,0,50,43,194,89,42,74,10,35,50,14,66,23,87,53,23,194,35,13,235,19,26,15,30,69,197,21,3,54,11,20,67,0,0,0,0
11-12-2020,52,3,91,55,215,87,36,4,1,123,56,0,1,15,222,110,469,131,22,43,4,52,48,65,94,41,7,24,14,45,6,54,43,98,38,21,182,27,15,214,11,20,46,33,87,232,9,4,35,6,17,57,22,0,0,0
12-12-2020,16,18,77,36,123,25,0,7,4,71,44,0,2,18,165,95,15,0,24,0,7,36,50,230,67,56,51,11,22,41,10,70,24,88,44,22,189,35,12,194,17,19,12,33,73,183,13,2,39,2,28,58,0,0,0,0
13-12-2020,0,0,35,34,70,87,0,13,2,81,1,0,3,6,107,89,1,1,15,51,0,17,42,0,85,19,7,2,8,19,3,19,44,118,27,0,180,22,5,125,6,30,54,16,62,95,17,0,2,0,2,15,0,0,0,0
14-12-2020,0,0,1,45,92,11,81,6,1,137,28,4,0,19,116,107,60,37,17,27,2,25,39,94,18,5,4,0,45,9,1,24,21,76,32,5,184,8,6,66,10,15,12,0,79,47,7,1,3,0,10,13,0,0,0,0
15-12-2020,22,3,64,26,335,116,22,7,4,79,56,0,0,20,132,92,67,0,15,50,6,64,55,206,21,48,224,8,20,47,0,97,28,124,26,13,185,14,52,247,12,16,5,2,74,210,15,4,56,0,34,56,7,0,0,0
16-12-2020,74,2,108,58,344,71,40,13,0,122,68,0,4,17,190,92,14,138,23,38,2,64,70,93,92,42,63,10,10,56,21,131,43,108,98,25,211,42,49,318,18,19,44,39,53,266,19,5,38,101,27,85,0,0,0,0
17-12-2020,56,2,147,38,320,70,46,6,5,101,66,0,2,28,208,113,100,8,54,31,9,49,45,213,83,26,51,13,5,20,4,77,54,128,86,9,207,16,21,216,11,17,43,1,177,246,30,0,45,75,32,68,23,0,0,0
18-12-2020,42,0,142,27,289,33,29,7,3,96,38,0,1,16,221,107,0,90,28,30,5,39,52,67,65,34,29,5,17,35,9,44,25,129,60,21,209,17,21,218,10,15,29,28,115,330,14,2,45,-13,20,71,0,0,0,0
19-12-2020,93,1,118,52,167,80,0,13,2,72,49,0,0,0,120,94,82,0,27,0,11,54,47,206,57,36,68,10,5,43,12,49,27,124,59,6,187,28,36,211,9,20,23,21,0,184,8,1,45,0,31,90,0,0,0,0
20-12-2020,0,0,34,46,87,29,0,14,7,95,2,0,1,5,81,86,56,1,26,48,0,36,60,0,70,19,28,1,11,30,6,21,16,114,40,0,188,23,1,89,26,14,40,11,111,114,7,3,7,0,6,21,0,0,0,0
21-12-2020,0,0,1,58,210,10,95,7,5,112,16,1,0,21,120,107,0,109,15,65,1,23,42,79,22,2,12,16,25,6,0,29,9,133,16,2,193,6,6,58,14,11,27,20,65,110,6,0,4,2,1,8,0,0,0,0
22-12-2020,63,10,153,43,369,-9,27,7,2,74,64,1,0,12,144,79,64,0,28,51,10,48,45,189,24,79,213,14,10,38,0,103,23,158,51,5,199,22,35,318,9,18,14,0,133,178,12,1,51,25,42,128,22,0,0,0
23-12-2020,135,3,54,38,338,93,33,9,7,120,56,0,3,11,171,92,15,42,26,68,8,49,83,73,75,43,105,19,40,46,21,140,40,150,69,5,155,43,21,257,17,10,52,8,111,258,23,5,55,31,23,74,0,0,0,0
24-12-2020,89,2,115,30,302,88,55,9,5,121,63,0,0,25,118,73,71,12,0,46,6,59,76,0,79,23,45,2,7,45,13,78,29,149,0,17,141,45,12,255,15,17,15,41,51,288,8,3,31,22,34,66,0,0,0,0
25-12-2020,4,0,115,32,82,36,0,11,0,0,49,0,0,0,194,80,5,2,0,0,2,32,0,0,0,6,9,0,-10,27,0,51,35,132,0,4,157,0,0,135,9,21,0,0,0,183,0,0,29,0,19,6,0,0,0,0
26-12-2020,5,1,15,3,238,6,0,8,6,140,54,0,0,5,70,93,0,1,68,0,0,21,47,275,57,3,11,3,1,1,11,18,9,130,166,0,182,29,7,24,0,11,81,16,12,24,8,1,20,0,6,4,0,0,0,0
27-12-2020,6,0,3,41,62,18,0,15,6,77,4,0,0,0,112,92,1,0,21,19,4,32,100,0,40,41,1,5,0,8,7,17,30,125,23,2,175,13,5,118,13,13,31,0,69,55,2,6,14,0,1,10,0,0,0,0
28-12-2020,21,0,42,55,257,21,113,9,3,96,7,0,0,23,134,101,0,42,8,45,3,28,48,64,13,28,6,3,28,21,7,21,36,131,12,4,182,13,6,90,11,14,18,0,76,75,5,2,7,11,9,21,32,0,0,0
29-12-2020,25,1,171,66,424,56,20,6,4,101,83,0,0,16,126,119,68,26,31,61,7,63,60,212,36,85,101,12,16,45,20,126,21,141,13,6,160,22,16,288,4,17,25,0,122,231,16,1,59,174,21,92,0,0,0,0
30-12-2020,37,2,78,34,491,63,40,8,5,137,67,0,0,10,215,98,10,167,29,51,1,45,120,52,66,28,86,11,8,47,6,175,33,153,155,6,148,48,19,320,24,11,51,18,100,305,21,4,64,51,34,40,0,0,0,0
31-12-2020,53,3,146,39,542,64,31,6,6,127,88,0,3,33,167,76,69,0,0,40,13,47,85,0,61,40,30,11,40,59,18,90,41,141,19,17,152,36,9,288,19,19,47,24,97,325,13,2,48,41,20,50,33,0,0,0
01-01-2021,45,0,151,35,347,59,0,4,2,0,24,1,1,0,0,78,7,137,0,0,5,47,0,0,0,29,23,0,17,21,0,118,25,174,0,17,144,0,0,215,18,14,0,0,0,293,0,0,49,0,23,12,0,0,0,0
02-01-2021,0,9,46,18,234,39,104,7,4,217,2,0,0,12,239,94,48,1,75,0,6,25,79,288,54,24,4,10,1,5,10,27,32,120,144,1,153,38,15,28,5,13,89,13,63,83,25,3,36,0,12,2,0,0,0,0
03-01-2021,1,0,0,20,91,22,0,8,2,97,4,0,0,0,105,63,0,0,25,49,1,27,108,0,53,31,19,1,3,32,11,21,17,146,18,0,134,20,8,58,19,17,84,12,55,54,7,1,7,-2,3,5,0,0,0,0
04-01-2021,5,3,3,51,382,10,69,5,3,103,7,0,0,11,90,110,46,18,26,48,2,33,61,85,13,13,2,3,10,26,1,17,23,178,31,2,164,5,6,101,10,18,15,0,143,74,4,4,8,23,20,8,0,0,0,1
05-01-2021,8,0,253,36,499,47,24,8,4,98,101,1,0,12,150,65,7,95,23,50,8,55,63,217,18,91,215,30,10,29,11,157,20,146,55,17,135,19,44,199,7,13,14,0,99,238,7,5,59,59,46,97,26,0,0,0
06-01-2021,108,2,127,65,543,59,38,9,5,129,93,0,10,17,173,83,61,35,34,46,3,50,102,59,76,38,35,10,11,60,24,141,47,166,80,5,153,62,8,358,8,19,84,6,112,310,18,3,35,64,39,69,0,0,0,0
07-01-2021,86,3,297,25,519,52,57,10,2,164,65,1,0,29,206,75,5,1,37,47,13,41,73,206,44,0,72,23,16,44,11,123,39,204,137,7,119,39,10,262,18,11,79,25,113,380,29,3,49,29,37,42,25,0,0,0
08-01-2021,111,0,197,40,544,36,37,4,1,185,84,0,4,6,167,63,59,122,13,105,41,43,76,40,48,88,37,11,14,55,19,110,30,165,115,11,140,31,7,207,4,13,34,12,126,630,22,1,37,65,36,52,0,0,0,0
09-01-2021,108,1,98,44,563,52,0,12,4,138,143,0,5,5,102,68,3,0,20,0,6,30,89,232,43,45,42,5,4,56,16,98,22,190,97,1,131,35,28,252,24,14,63,14,86,185,9,0,69,-1,16,38,0,0,0,0
10-01-2021,35,0,105,33,311,18,0,9,4,108,1,0,1,6,83,58,11,1,25,40,0,26,77,0,44,21,7,2,23,17,7,0,17,162,142,0,146,23,1,94,14,12,53,15,81,166,2,0,2,0,12,3,0,0,0,0
11-01-2021,13,0,6,38,476,5,92,9,4,159,17,0,0,10,70,70,1,108,21,45,6,29,55,47,4,19,4,1,12,33,0,0,15,200,11,0,142,14,9,88,12,21,15,0,80,106,4,0,10,1,12,5,0,0,0,0
12-01-2021,226,1,335,40,658,29,33,11,4,156,187,0,0,12,134,54,83,1,22,53,11,66,67,104,13,98,199,10,19,46,9,185,30,185,60,3,148,29,54,245,3,14,34,0,146,310,26,2,84,90,40,58,33,0,0,0
13-01-2021,187,1,191,65,508,43,87,9,6,169,141,0,3,8,120,63,10,101,47,51,4,37,86,40,50,31,28,2,12,50,7,122,13,170,107,1,144,44,41,347,14,11,51,19,137,382,27,0,75,49,37,46,0,0,0,0
14-01-2021,185,2,182,42,624,31,17,12,11,217,172,0,6,27,107,66,19,1,51,58,8,45,74,175,43,41,46,8,15,62,12,0,29,240,80,8,118,34,29,300,20,10,23,10,84,416,11,4,74,38,31,49,0,0,0,0
15-01-2021,85,1,185,35,689,27,41,4,0,186,163,1,0,12,149,65,6,141,19,0,16,45,76,39,33,55,35,9,19,40,11,159,38,204,108,23,142,43,21,225,13,16,103,15,79,393,12,1,30,27,31,42,0,0,0,0
16-01-2021,89,0,208,30,386,20,0,6,5,205,153,0,2,2,147,69,64,0,32,0,30,47,74,119,37,70,31,2,0,63,19,94,36,172,83,8,121,27,41,214,11,15,71,4,44,342,13,0,50,0,28,135,0,0,0,0
17-01-2021,1,0,18,18,235,16,0,12,3,133,5,0,2,2,30,68,2,1,34,123,4,26,69,0,40,40,3,4,0,18,6,25,22,188,67,3,119,35,1,113,0,8,129,23,36,172,8,0,23,0,15,1,0,0,0,0
18-01-2021,1,0,-1,32,174,7,76,10,7,137,64,0,0,0,68,68,1,22,40,50,3,29,53,17,12,3,4,1,5,5,0,19,26,182,0,0,125,7,3,75,0,18,11,11,39,111,7,0,10,0,8,20,0,0,0,0
19-01-2021,5,1,1,43,679,2,12,9,4,162,212,3,2,30,35,50,8,0,27,71,5,54,44,16,6,50,13,0,0,8,5,54,17,193,56,2,102,43,5,83,0,12,11,0,41,321,7,0,59,37,31,47,28,0,0,0
20-01-2021,157,23,262,55,630,34,44,9,2,142,206,0,1,-2,132,66,62,54,49,59,11,39,80,68,34,64,199,1,20,71,12,152,34,215,61,1,97,48,24,387,14,24,69,0,85,459,10,2,63,0,21,62,0,0,0,0
21-01-2021,96,1,244,55,735,18,48,13,1,161,111,0,3,19,138,51,51,0,58,59,6,46,77,163,32,30,36,6,6,47,12,96,35,200,139,13,100,55,11,255,15,9,45,6,128,451,30,3,79,125,13,55,0,0,0,0
22-01-2021,107,0,229,53,554,22,45,11,3,272,171,0,4,13,111,66,33,22,36,41,4,57,81,18,21,45,45,4,10,48,9,115,33,187,125,6,121,47,22,204,29,16,31,11,93,439,24,1,62,49,7,45,21,0,0,0
23-01-2021,171,5,169,14,509,20,0,2,3,153,186,0,4,1,111,47,8,0,49,0,4,45,77,230,31,39,18,37,1,53,10,59,38,164,122,8,98,44,12,187,10,8,75,12,42,344,11,1,77,0,16,49,0,0,0,0
24-01-2021,3,0,68,43,237,23,0,13,2,129,4,0,6,1,35,46,1,0,35,82,0,28,69,0,32,20,7,10,0,15,6,17,30,194,109,0,108,48,3,79,2,16,68,9,40,186,13,0,-1,0,23,6,0,0,0,0
25-01-2021,2,0,1,44,426,7,92,4,7,153,53,1,0,12,64,41,1,29,39,25,3,35,45,38,3,5,7,0,15,3,3,21,12,213,25,0,101,14,2,62,5,13,5,0,111,179,2,1,3,34,4,9,0,0,0,0
26-01-2021,234,1,209,40,709,5,23,5,9,227,179,0,59,7,109,50,4,1,35,31,11,63,42,86,8,75,129,34,11,59,4,133,14,180,56,4,85,30,22,227,5,11,26,0,192,330,16,0,93,19,29,65,25,0,0,0
27-01-2021,276,1,195,52,534,35,42,7,7,160,161,0,3,26,96,50,8,94,47,67,4,33,84,9,18,65,34,16,12,46,12,115,27,162,139,1,80,65,20,216,11,7,95,34,154,457,7,1,54,44,25,38,0,0,0,0
28-01-2021,168,1,176,42,782,17,44,9,7,202,184,0,2,7,125,43,32,1,69,55,5,41,44,88,16,28,23,9,4,47,16,81,28,206,131,1,82,35,6,190,7,14,230,24,101,415,0,0,80,32,30,32,0,0,0,0
29-01-2021,226,0,203,47,692,25,26,7,5,219,159,0,1,4,72,40,45,61,57,58,3,39,96,8,28,38,14,17,0,37,14,82,22,185,111,2,85,48,8,169,11,7,39,5,44,358,35,0,71,42,23,56,0,0,0,0
30-01-2021,0,0,76,7,484,26,0,2,2,106,210,0,0,0,67,42,74,0,46,0,20,31,87,115,19,35,15,5,-1,46,6,72,17,178,130,3,83,33,19,128,11,9,72,7,113,274,8,1,70,0,9,40,0,0,0,0
31-01-2021,122,0,22,30,240,20,0,4,4,119,2,0,3,0,40,34,250,2,31,58,0,20,46,0,13,27,1,1,0,6,15,29,18,182,48,0,73,43,0,58,6,8,28,3,76,150,2,1,15,0,9,4,0,0,0,0
01-02-2021,0,0,4,27,499,1,73,3,3,206,44,0,0,10,20,35,5,30,35,53,5,27,30,11,2,11,3,1,0,8,2,29,12,172,7,0,70,17,1,39,7,11,241,0,103,171,3,1,10,33,4,2,0,0,0,0
02-02-2021,206,17,238,44,448,9,14,8,0,137,208,0,0,6,63,40,13,0,32,41,23,34,45,73,8,76,266,15,9,46,0,71,15,171,67,0,76,38,23,125,10,14,35,1,147,374,17,1,43,-2,3,44,28,0,0,0
03-02-2021,309,0,214,46,583,14,24,2,10,197,137,0,4,7,84,37,56,75,51,53,9,32,56,35,24,26,75,54,2,49,17,109,28,166,169,0,84,52,10,141,7,14,76,3,133,420,12,3,58,72,27,16,0,0,0,0
04-02-2021,162,0,176,24,630,18,28,3,6,228,169,0,2,-1,77,189,58,0,58,38,3,31,76,81,17,24,26,5,21,51,9,100,17,150,150,0,70,27,7,130,8,7,93,6,169,414,14,2,75,28,22,49,0,0,0,0
05-02-2021,84,0,196,41,609,23,29,4,8,210,102,0,0,11,106,89,34,203,50,32,2,36,75,25,22,40,14,-1,6,39,6,93,23,168,113,4,63,29,4,160,6,6,66,10,203,440,17,0,82,33,20,30,0,0,0,0
06-02-2021,64,0,63,11,384,17,0,4,7,142,232,0,0,9,73,66,41,0,49,0,2,42,62,104,16,44,17,5,10,33,7,78,8,201,85,2,69,51,18,145,5,7,58,6,58,289,5,1,41,0,19,36,0,0,0,0
07-02-2021,2,0,37,15,230,9,0,6,5,97,2,0,2,0,62,65,0,1,31,43,1,20,78,0,10,3,2,2,0,24,6,25,13,179,57,0,60,52,3,64,11,12,40,5,6,140,3,1,5,0,10,2,0,0,0,0
08-02-2021,8,0,7,30,346,2,68,4,4,119,38,1,0,9,41,58,2,92,40,23,1,23,55,9,3,1,1,0,0,2,2,22,13,124,8,1,65,4,1,29,5,8,39,0,97,160,2,0,42,2,2,1,0,0,0,0
09-02-2021,56,1,231,42,493,13,16,4,5,233,171,0,0,4,23,67,35,0,35,20,3,41,70,62,6,72,10,1,10,37,3,92,18,170,55,3,59,53,7,142,5,7,3,0,65,317,10,3,78,107,19,49,23,0,0,0
10-02-2021,309,0,176,26,475,24,28,3,4,160,120,0,5,11,67,59,29,103,49,50,2,33,83,14,11,25,11,5,8,23,7,147,31,172,135,2,46,30,13,126,4,10,49,6,100,349,17,1,34,45,25,42,0,0,0,0
11-02-2021,133,0,200,25,553,11,28,4,8,174,92,0,1,0,116,26,22,0,36,27,0,21,62,80,24,23,225,0,4,55,1,79,18,140,113,1,50,48,12,114,5,10,95,14,81,387,9,1,26,30,12,18,0,0,0,1
12-02-2021,159,2,172,13,464,9,27,2,3,183,195,0,1,5,42,90,27,59,42,37,2,36,89,8,19,39,31,4,12,26,9,64,23,147,82,1,51,11,38,104,5,5,57,2,81,366,11,1,8,42,13,11,0,0,0,0
13-02-2021,62,0,114,40,415,24,0,4,3,118,142,0,0,7,60,32,13,0,19,0,4,33,66,92,7,32,28,3,0,31,4,47,14,156,77,0,36,35,43,95,8,7,17,7,9,248,5,0,30,0,1,10,0,0,0,0
14-02-2021,0,0,30,13,222,10,0,5,0,96,21,0,1,0,34,24,0,0,10,16,2,18,60,0,7,1,2,0,0,15,3,14,13,134,38,0,43,30,0,25,4,3,87,6,31,124,4,0,16,0,9,1,0,0,0,0
15-02-2021,2,0,0,10,70,2,66,3,1,155,57,0,0,0,45,18,1,41,9,33,0,26,33,11,2,2,1,1,1,11,2,12,9,116,10,0,55,17,0,21,1,3,36,0,4,63,2,1,4,0,2,4,0,0,0,0
16-02-2021,13,5,3,12,409,2,2,0,2,220,246,0,0,3,33,40,26,0,27,0,2,32,50,19,2,37,4,3,1,13,1,31,12,134,61,0,50,20,1,15,4,8,21,0,17,50,1,1,21,34,4,39,15,0,0,0
17-02-2021,89,1,82,26,410,10,27,1,3,157,99,0,1,11,25,19,43,112,18,66,3,18,56,11,10,23,34,3,14,41,12,135,12,125,108,0,47,28,5,185,6,1,62,0,31,110,9,0,38,50,9,10,0,0,0,0
18-02-2021,78,0,213,10,363,26,20,1,7,163,130,0,1,9,73,31,15,0,37,15,1,31,63,91,14,7,176,3,7,31,2,89,18,167,96,4,39,23,6,98,10,2,38,3,72,134,7,2,15,44,11,18,0,0,0,0
19-02-2021,149,1,145,13,558,14,27,0,1,218,207,0,2,0,71,44,15,91,28,34,1,16,40,23,8,3,51,2,18,26,2,63,19,158,54,0,45,20,0,76,7,6,58,6,7,202,21,0,8,19,12,36,0,0,0,0
20-02-2021,17,0,59,12,316,9,0,0,1,121,132,0,0,0,58,11,0,0,25,0,2,20,53,68,11,19,11,2,4,37,1,50,11,112,76,2,37,23,5,75,10,3,43,6,51,209,8,3,99,0,6,19,0,0,0,0
21-02-2021,2,0,25,9,241,5,0,1,1,93,2,0,1,0,40,36,0,0,21,26,0,18,47,0,9,0,0,1,0,4,1,24,14,111,30,1,33,26,1,27,22,3,68,4,18,121,10,1,134,0,7,0,0,0,0,0
22-02-2021,0,1,-3,6,210,1,39,1,0,159,91,0,0,0,40,35,38,29,13,11,0,17,27,1,1,0,3,-1,0,10,0,16,11,106,8,0,37,22,1,16,4,2,8,0,20,139,1,1,155,35,2,0,0,0,0,0
23-02-2021,68,0,148,14,348,14,10,11,3,148,92,0,0,14,22,43,26,0,16,26,2,30,30,37,1,24,144,5,3,21,1,104,9,111,31,1,25,24,6,97,3,5,25,0,45,220,12,1,172,24,11,39,9,0,0,0
24-02-2021,84,0,43,10,1093,10,23,23,3,127,137,0,4,0,47,17,15,79,51,25,17,27,62,9,9,28,17,2,4,16,2,99,14,120,109,1,31,37,32,78,21,4,41,1,68,310,14,2,149,31,11,26,0,0,0,0
25-02-2021,87,0,121,10,490,8,19,4,4,138,135,0,0,10,32,27,23,0,43,33,24,16,33,47,7,8,32,2,9,14,6,70,13,105,63,1,35,38,10,80,9,3,45,8,55,254,11,2,156,30,5,58,0,0,0,0
26-02-2021,38,0,83,10,360,15,8,12,4,146,20,0,2,9,68,37,25,11,30,26,0,33,46,2,12,25,15,4,15,9,4,45,14,125,49,1,30,18,2,58,7,0,34,7,56,291,17,1,234,14,1,5,0,0,0,0
27-02-2021,61,0,70,10,169,5,0,0,1,110,75,0,2,1,35,25,7,0,25,0,1,18,43,70,13,31,12,2,4,15,3,46,15,110,26,3,27,59,2,1,9,0,21,7,16,143,22,0,185,0,6,15,0,0,0,0
28-02-2021,-1,0,13,-174,233,6,0,4,7,118,1,0,0,0,25,17,1,0,12,21,1,13,51,0,8,12,-1,1,0,0,0,14,16,117,0,0,26,49,0,73,4,0,48,2,18,178,6,0,170,0,3,0,0,0,0,0
01-03-2021,2,10,-1,7,307,1,29,0,2,147,81,1,0,7,24,22,1,8,15,20,0,10,26,11,3,0,2,0,0,0,0,21,13,102,42,0,29,50,4,16,1,15,16,0,10,212,5,1,231,13,0,0,0,0,0,0
02-03-2021,60,2,81,4,298,7,7,4,0,136,104,0,0,4,44,28,26,0,19,19,0,26,38,25,4,43,15,15,2,10,0,48,11,97,34,2,29,56,13,76,3,8,14,0,15,277,9,1,160,19,1,36,11,0,0,0
03-03-2021,38,1,29,7,276,11,20,14,4,132,145,0,2,5,50,10,3,72,33,21,2,14,70,6,17,19,184,1,7,20,5,128,13,117,75,1,30,0,27,65,8,9,44,5,23,277,6,1,383,24,8,19,0,0,0,0
04-03-2021,65,0,96,12,360,4,15,4,1,120,125,0,0,0,49,30,35,0,28,18,0,3,44,39,14,21,6,2,1,18,3,42,16,114,36,0,27,0,32,78,5,5,40,3,42,294,11,0,31,20,0,13,0,0,0,0
05-03-2021,28,2,84,10,408,12,11,9,3,135,65,2,2,0,45,34,13,7,22,30,-1,8,26,12,13,19,16,4,20,15,0,30,18,104,47,0,25,0,9,44,3,2,39,0,33,290,4,0,71,9,9,12,0,0,0,0
06-03-2021,27,0,54,14,278,0,0,11,3,98,90,0,1,3,56,29,3,-11,52,0,0,11,52,57,12,22,8,0,1,16,3,36,9,94,56,1,21,0,3,53,3,0,20,2,9,202,5,1,91,0,5,9,0,0,0,0
07-03-2021,-1,0,5,22,89,4,0,9,0,63,1,0,1,0,12,11,6,0,13,32,2,14,43,0,4,3,2,2,0,1,3,17,12,88,0,0,26,0,0,29,0,0,35,2,4,66,1,0,77,0,2,3,0,0,0,0
08-03-2021,0,0,0,24,87,0,21,2,5,81,42,0,0,11,6,7,1,4,10,10,0,8,18,4,6,0,2,0,0,3,0,16,3,65,33,0,23,0,2,12,0,8,6,1,9,96,1,0,87,22,0,0,0,0,0,0
09-03-2021,38,0,-2,14,307,7,14,7,1,125,30,0,0,2,19,18,15,0,21,11,17,25,21,30,140,26,109,4,-3,14,1,45,19,79,17,0,22,167,5,45,7,7,3,0,32,171,13,3,107,14,1,28,9,0,0,0
10-03-2021,36,0,78,25,253,6,13,10,1,59,58,0,3,9,28,13,27,35,34,43,0,14,53,8,9,11,12,2,10,13,2,133,9,92,43,2,25,0,2,39,0,3,18,3,18,214,2,0,59,23,4,16,0,0,0,0
11-03-2021,52,0,57,28,257,18,9,2,1,92,81,0,0,5,55,27,20,0,37,16,0,12,42,22,19,19,10,4,2,13,4,46,6,117,27,4,21,0,11,40,7,4,41,1,17,211,23,0,53,7,8,10,0,0,0,0
12-03-2021,25,1,58,27,322,3,4,2,0,105,47,0,1,3,41,22,9,-29,29,33,0,16,29,7,13,19,8,1,2,17,4,40,4,68,41,1,23,0,3,32,4,4,11,2,16,222,2,1,59,16,173,4,0,0,0,0
13-03-2021,28,0,27,18,189,12,0,8,2,80,52,0,1,1,25,22,3,0,16,0,1,8,34,40,4,13,5,0,3,20,4,34,1,94,28,2,23,0,3,2,0,0,37,2,0,137,4,2,24,0,8,14,0,0,0,0
14-03-2021,0,0,7,19,142,2,0,3,1,30,-1,0,1,0,18,10,8,0,16,23,0,10,31,0,5,5,0,0,0,1,0,15,2,104,0,0,15,0,0,1,3,0,5,3,0,57,6,0,34,0,11,-2,0,0,0,0
15-03-2021,2,0,0,7,91,2,23,4,1,93,47,1,0,6,10,8,1,13,23,19,1,7,28,10,1,2,1,1,0,3,0,22,1,63,18,0,18,0,2,56,1,9,3,0,-1,96,0,0,41,12,1,1,0,0,0,0
16-03-2021,8,0,21,12,123,8,11,3,0,101,25,0,0,13,19,12,15,0,24,22,0,25,15,26,2,26,33,3,1,14,3,41,7,93,13,1,13,87,22,95,2,7,3,0,12,132,5,1,44,14,15,5,2,0,0,0
17-03-2021,26,1,12,14,227,1,8,2,2,55,72,0,0,6,19,17,9,2,27,30,0,19,44,4,7,7,8,0,1,12,0,79,12,62,35,1,16,0,3,39,2,5,52,3,8,176,5,2,50,7,19,19,0,0,0,0
18-03-2021,28,3,59,8,233,11,15,1,2,94,61,0,0,3,32,14,6,0,448,19,2,14,27,34,6,2,6,10,1,10,5,31,5,91,26,0,17,0,4,22,4,6,5,4,23,198,4,0,28,12,5,7,0,0,0,0
19-03-2021,34,0,46,14,158,5,10,5,1,53,44,0,1,3,17,15,0,5,191,14,1,19,44,14,9,7,1,3,3,4,6,27,5,73,22,1,22,0,4,36,3,1,28,0,28,173,17,0,-90,6,30,14,0,0,0,0
20-03-2021,11,0,42,4,23,3,0,4,2,62,66,0,1,0,25,4,2,0,25,0,0,26,29,49,6,10,4,5,2,10,4,31,7,67,15,1,16,0,5,27,4,0,11,3,0,100,2,2,12,0,0,18,0,0,0,0
21-03-2021,0,0,12,6,108,5,0,3,1,29,0,0,1,0,28,20,1,0,18,0,1,12,35,0,5,1,5,0,0,1,0,40,0,25,0,0,16,0,1,14,0,0,30,1,0,48,2,0,13,0,6,0,0,0,0,0
22-03-2021,0,0,0,5,259,-3,9,2,0,37,26,0,0,5,22,1,0,8,61,42,0,14,27,6,0,0,1,0,0,2,0,7,3,18,16,0,14,0,2,-23,2,9,20,0,4,100,0,0,10,9,6,0,0,0,0,0
23-03-2021,14,2,53,3,179,4,4,4,1,41,32,0,0,5,12,12,8,0,15,7,2,11,21,20,7,21,54,5,2,14,1,61,11,18,18,2,12,0,2,43,2,2,3,0,34,81,15,1,10,3,1,0,2,0,0,0
24-03-2021,37,0,44,13,225,3,7,0,2,30,72,0,3,1,17,16,6,30,49,19,0,19,55,17,9,4,12,12,28,15,10,50,6,255,40,1,12,62,1,36,3,0,25,1,45,162,5,2,6,14,6,23,0,0,0,0
25-03-2021,17,1,32,11,299,5,10,1,0,107,91,0,1,2,34,7,19,1,107,17,0,3,40,54,26,6,3,4,9,12,1,38,7,72,93,2,20,0,2,41,3,1,28,3,4,133,6,1,4,13,5,4,0,0,0,0
26-03-2021,19,0,24,12,229,4,3,0,2,159,98,0,1,0,30,20,8,11,38,14,0,15,41,20,7,11,4,0,1,11,2,28,7,58,41,1,14,0,3,31,3,1,9,1,20,125,3,1,7,5,4,4,0,0,0,1
27-03-2021,3,0,14,7,196,3,0,8,1,26,77,0,3,0,26,9,2,0,15,0,5,14,35,24,4,2,4,1,0,10,4,24,2,81,0,0,14,0,2,28,3,0,12,5,0,92,10,0,24,0,3,3,0,0,0,0
28-03-2021,0,0,6,5,154,3,0,0,0,36,0,0,0,0,23,12,7,0,8,0,0,5,29,0,5,1,0,0,0,0,2,7,0,89,0,0,12,0,0,12,0,0,18,0,0,54,13,1,20,0,3,0,0,0,0,0
29-03-2021,0,0,0,6,74,0,18,8,3,69,36,0,0,3,6,5,4,11,11,35,0,9,15,9,5,0,1,0,0,1,0,15,0,138,57,0,12,0,0,21,0,5,0,0,50,41,0,0,21,8,4,3,0,0,0,0
30-03-2021,1,0,23,15,95,7,2,7,2,91,25,0,0,0,15,10,0,0,23,10,2,13,18,52,1,12,51,1,2,2,0,82,7,53,2,0,12,0,6,38,1,5,4,2,28,108,4,0,23,11,2,15,0,0,0,0
31-03-2021,27,0,26,10,127,8,4,0,3,87,68,0,1,5,37,1,14,11,25,9,5,13,37,11,12,19,5,0,3,10,1,75,5,89,25,0,18,103,2,46,5,1,20,0,10,10,4,2,10,10,36,23,5,0,0,0
01-04-2021,-1,0,10,10,138,10,11,0,2,69,64,0,0,1,22,9,8,0,18,20,1,17,32,55,12,16,6,1,1,7,7,30,5,76,24,0,14,0,2,35,3,5,28,3,11,243,3,0,16,15,7,11,0,0,0,0
02-04-2021,54,0,12,3,203,1,4,6,3,92,57,2,0,3,25,21,3,19,21,0,0,16,32,20,4,3,2,16,0,4,0,24,7,83,0,0,21,0,0,24,5,6,5,0,0,104,6,1,11,16,5,10,0,0,0,0
03-04-2021,30,0,2,2,65,6,0,0,1,66,34,0,4,0,9,5,68,0,20,0,1,23,32,65,11,4,5,11,0,14,2,17,0,94,0,0,8,0,6,32,0,0,17,0,0,77,1,1,8,0,5,5,0,0,0,0
04-04-2021,0,0,-1,2,54,2,0,1,0,22,2,0,0,0,19,0,0,0,0,0,0,8,0,0,0,0,0,1,0,0,2,5,0,82,0,0,20,0,1,8,5,0,0,0,0,21,0,0,42,0,2,-1,0,0,0,0
05-04-2021,1,0,0,5,66,0,19,0,2,36,0,0,0,6,11,1,0,-5,22,4,1,13,44,23,10,0,1,0,0,1,0,12,4,72,37,-1,13,0,2,7,5,-1,7,0,14,32,1,0,31,7,1,1,0,0,0,0
06-04-2021,14,0,6,5,85,6,7,1,2,70,26,0,0,2,8,9,13,0,13,9,0,15,12,61,4,18,9,11,2,22,0,51,8,45,16,2,27,0,33,38,3,3,1,0,38,86,4,0,41,14,11,8,1,0,0,0
07-04-2021,0,0,27,7,107,8,5,0,2,42,67,0,0,6,29,15,1,5,14,11,1,11,21,30,19,4,2,12,0,11,1,49,2,92,23,0,23,1716,7,51,2,3,9,0,9,103,2,1,14,7,15,7,0,0,0,0
08-04-2021,23,0,32,2,140,3,5,1,1,84,69,0,3,9,38,15,7,0,16,15,1,21,8,77,14,5,1,5,24,5,1,34,11,56,12,0,23,0,5,43,5,1,24,1,21,99,10,0,21,10,13,14,0,0,0,0
09-04-2021,11,0,7,-1,157,8,4,5,2,62,50,0,0,4,22,17,6,6,9,16,2,14,10,29,10,4,-1,27,12,10,2,43,2,79,24,2,20,0,1,45,6,2,11,7,4,104,8,1,15,6,2,5,0,0,0,0
10-04-2021,26,0,30,0,91,4,0,4,2,46,64,0,1,0,15,7,8,0,18,0,0,20,3,84,12,9,6,2,1,9,3,33,0,59,0,1,9,0,0,33,2,0,25,0,0,67,2,0,7,0,5,4,0,0,0,0
11-04-2021,0,0,-6,0,68,2,0,1,0,7,0,0,0,0,16,10,0,0,9,0,0,11,8,0,13,1,1,0,0,0,1,11,0,81,0,0,21,0,0,4,1,0,3,0,0,24,0,0,14,0,3,1,0,0,0,0
12-04-2021,0,1,0,4,39,0,13,3,3,35,35,0,0,3,16,3,0,-8,7,25,1,15,19,13,2,0,2,1,1,0,0,26,3,86,42,0,10,0,1,6,7,0,0,1,14,19,0,2,14,7,0,3,0,0,0,0
13-04-2021,10,0,19,8,49,11,17,6,1,64,25,0,0,4,17,16,0,0,4,14,2,14,7,81,3,23,83,2,5,7,0,49,9,52,15,2,11,0,5,56,12,2,13,0,7,58,2,0,20,11,2,11,2,0,0,0
14-04-2021,6,0,4,7,149,5,10,4,3,44,52,0,2,6,39,20,0,13,24,9,4,9,14,37,16,3,25,0,0,14,4,61,8,94,20,1,20,28,3,50,8,2,15,1,10,70,0,4,4,17,9,8,0,0,0,0
15-04-2021,8,20,14,6,89,4,6,4,2,74,62,0,0,9,31,7,13,0,17,9,1,19,5,123,11,5,5,2,-21,6,3,47,1,69,34,1,16,0,6,48,3,4,3,1,9,82,1,3,19,5,16,4,0,0,0,0
