,13-04-2020,14-04-2020,15-04-2020,16-04-2020,17-04-2020,18-04-2020,19-04-2020,20-04-2020,21-04-2020,22-04-2020,23-04-2020,24-04-2020,25-04-2020,26-04-2020,27-04-2020,28-04-2020,29-04-2020,30-04-2020,01-05-2020,02-05-2020,03-05-2020,04-05-2020,05-05-2020,06-05-2020,07-05-2020,08-05-2020,09-05-2020,10-05-2020,11-05-2020,12-05-2020,13-05-2020,14-05-2020,15-05-2020,16-05-2020,17-05-2020,18-05-2020,19-05-2020,20-05-2020,21-05-2020,22-05-2020,23-05-2020,24-05-2020,25-05-2020,26-05-2020,27-05-2020,28-05-2020,29-05-2020,30-05-2020,31-05-2020,01-06-2020,02-06-2020,03-06-2020,04-06-2020,05-06-2020,06-06-2020,07-06-2020,08-06-2020,09-06-2020,10-06-2020,11-06-2020,12-06-2020,13-06-2020,14-06-2020,15-06-2020,16-06-2020,17-06-2020,18-06-2020,19-06-2020,20-06-2020,21-06-2020,22-06-2020,23-06-2020,24-06-2020,25-06-2020,26-06-2020,27-06-2020,28-06-2020,29-06-2020,30-06-2020,01-07-2020,02-07-2020,03-07-2020,04-07-2020,05-07-2020,06-07-2020,07-07-2020,08-07-2020,09-07-2020,10-07-2020,11-07-2020,12-07-2020,13-07-2020,14-07-2020,15-07-2020,16-07-2020,17-07-2020,18-07-2020,19-07-2020,20-07-2020,21-07-2020,22-07-2020,23-07-2020,24-07-2020,25-07-2020,26-07-2020,27-07-2020,28-07-2020,29-07-2020,30-07-2020,31-07-2020,01-08-2020,02-08-2020,03-08-2020,04-08-2020,05-08-2020,06-08-2020,07-08-2020,08-08-2020,09-08-2020,10-08-2020,11-08-2020,12-08-2020,13-08-2020,14-08-2020,15-08-2020,16-08-2020,17-08-2020,18-08-2020,19-08-2020,20-08-2020,21-08-2020,22-08-2020,23-08-2020,24-08-2020,25-08-2020,26-08-2020,27-08-2020,28-08-2020,29-08-2020,30-08-2020,31-08-2020,01-09-2020,02-09-2020,03-09-2020,04-09-2020,05-09-2020,06-09-2020,07-09-2020,08-09-2020,09-09-2020,10-09-2020,11-09-2020,12-09-2020,13-09-2020,14-09-2020,15-09-2020,16-09-2020,17-09-2020,18-09-2020,19-09-2020,20-09-2020,21-09-2020,22-09-2020,23-09-2020,24-09-2020,25-09-2020,26-09-2020,27-09-2020,28-09-2020,29-09-2020,30-09-2020,01-10-2020,02-10-2020,03-10-2020,04-10-2020,05-10-2020,06-10-2020,07-10-2020,08-10-2020,09-10-2020,10-10-2020,11-10-2020,12-10-2020,13-10-2020,14-10-2020,15-10-2020,16-10-2020,17-10-2020,18-10-2020,19-10-2020,20-10-2020,21-10-2020,22-10-2020,23-10-2020,24-10-2020,25-10-2020,26-10-2020,27-10-2020,28-10-2020,29-10-2020,30-10-2020,31-10-2020,01-11-2020,02-11-2020,03-11-2020,04-11-2020,05-11-2020,06-11-2020,07-11-2020,08-11-2020,09-11-2020,10-11-2020,11-11-2020,12-11-2020,13-11-2020,14-11-2020,15-11-2020,16-11-2020,17-11-2020,18-11-2020,19-11-2020,20-11-2020,21-11-2020,22-11-2020,23-11-2020,24-11-2020,25-11-2020,26-11-2020,27-11-2020,28-11-2020,29-11-2020,30-11-2020,01-12-2020,02-12-2020,03-12-2020,04-12-2020,05-12-2020,06-12-2020,07-12-2020,08-12-2020,09-12-2020,10-12-2020,11-12-2020,12-12-2020,13-12-2020,14-12-2020,15-12-2020,16-12-2020,17-12-2020,18-12-2020,19-12-2020,20-12-2020,21-12-2020,22-12-2020,23-12-2020,24-12-2020,25-12-2020,26-12-2020,27-12-2020,28-12-2020,29-12-2020,30-12-2020,31-12-2020,01-01-2021,02-01-2021,03-01-2021,04-01-2021,05-01-2021,06-01-2021,07-01-2021,08-01-2021,09-01-2021,10-01-2021,11-01-2021,12-01-2021,13-01-2021,14-01-2021,15-01-2021,16-01-2021,17-01-2021,18-01-2021,19-01-2021,20-01-2021,21-01-2021,22-01-2021,23-01-2021,24-01-2021,25-01-2021,26-01-2021,27-01-2021,28-01-2021,29-01-2021,30-01-2021,31-01-2021,01-02-2021,02-02-2021,03-02-2021,04-02-2021,05-02-2021,06-02-2021,07-02-2021,08-02-2021,09-02-2021,10-02-2021,11-02-2021,12-02-2021,13-02-2021,14-02-2021,15-02-2021,16-02-2021,17-02-2021,18-02-2021,19-02-2021,20-02-2021,21-02-2021,22-02-2021,23-02-2021,24-02-2021,25-02-2021,26-02-2021,27-02-2021,28-02-2021,01-03-2021,02-03-2021,03-03-2021,04-03-2021,05-03-2021,06-03-2021,07-03-2021,08-03-2021,09-03-2021,10-03-2021,11-03-2021,12-03-2021,13-03-2021,14-03-2021,15-03-2021,16-03-2021,17-03-2021,18-03-2021,19-03-2021,20-03-2021,21-03-2021,22-03-2021,23-03-2021,24-03-2021,25-03-2021,26-03-2021,27-03-2021,28-03-2021,29-03-2021,30-03-2021,31-03-2021,01-04-2021,02-04-2021,03-04-2021,04-04-2021,05-04-2021,06-04-2021,07-04-2021,08-04-2021,09-04-2021,10-04-2021,11-04-2021,12-04-2021,13-04-2021,14-04-2021,15-04-2021
Alabama,6,15,4,15,15,5,4,6,20,13,6,7,0,10,9,14,14,16,17,-1,2,8,17,28,26,14,7,3,10,32,15,23,10,2,3,1,15,18,7,12,8,2,15,14,3,8,19,8,12,16,7,0,0,23,13,3,26,11,15,11,14,4,0,1,11,5,20,12,16,1,2,23,27,5,11,12,0,10,21,22,13,21,1,0,0,26,25,10,36,10,7,3,40,47,19,35,21,1,4,12,61,33,41,18,17,18,0,47,27,15,23,24,6,33,29,19,21,20,13,29,50,35,8,3,3,2,27,11,8,30,22,15,2,11,13,8,31,31,45,10,20,18,17,16,33,9,1,0,1,8,16,32,17,1,4,32,5,9,27,9,0,2,18,31,18,-15,10,0,0,16,23,8,2,8,0,1,21,21,36,16,11,0,1,0,41,50,30,2,0,1,16,23,15,16,7,0,0,26,19,3,18,35,6,0,14,19,20,23,33,2,0,36,81,12,18,15,2,1,52,46,72,32,6,0,2,13,60,40,0,0,5,1,60,73,65,55,46,12,3,50,43,49,52,16,0,0,22,74,56,42,93,0,0,63,135,89,4,5,6,21,25,37,53,45,0,1,5,8,108,86,111,108,35,13,226,187,185,85,89,1,1,5,157,96,107,171,3,2,234,276,168,226,0,122,0,206,309,162,84,64,2,8,56,309,133,159,62,0,2,13,89,78,149,17,2,0,68,84,87,38,61,-1,2,60,38,65,28,27,-1,0,38,36,52,25,28,0,2,8,26,28,34,11,0,0,14,37,17,19,3,0,0,1,27,-1,54,30,0,1,14,0,23,11,26,0,0,10,6,8
Alaska,0,1,0,0,0,0,0,0,0,0,0,0,0,0,0,0,0,0,0,0,0,0,0,1,0,0,0,0,0,0,0,0,0,0,0,0,0,0,0,0,0,0,0,0,0,0,0,0,0,0,0,0,0,0,0,0,0,1,0,0,1,0,0,0,0,0,0,0,0,0,0,0,0,0,2,0,0,0,0,0,0,1,1,0,0,1,0,0,0,0,0,0,0,0,0,0,1,0,0,0,1,0,0,1,0,1,1,0,1,0,1,0,1,0,0,0,0,1,0,0,0,1,0,0,1,0,0,1,0,0,1,1,1,0,4,1,0,0,0,0,0,2,0,1,0,2,0,0,0,0,0,1,1,0,0,0,0,0,1,0,0,0,0,0,1,6,0,4,0,0,0,2,0,1,0,0,0,1,1,0,0,0,0,0,4,0,1,1,0,0,0,1,0,0,0,0,0,2,1,6,4,1,3,1,0,0,0,0,0,0,0,8,4,0,1,1,0,0,2,0,1,0,1,1,0,13,0,2,0,2,0,0,1,0,8,11,1,0,3,0,4,5,3,18,0,0,3,2,2,0,1,0,0,10,3,2,0,1,0,0,1,2,3,0,9,0,3,0,2,3,0,1,0,0,1,1,2,1,0,0,0,1,23,1,0,5,0,0,1,1,1,0,0,0,0,17,0,0,0,0,0,0,1,0,0,2,0,0,0,5,1,0,1,0,0,1,0,0,0,0,0,0,10,2,1,0,2,0,0,0,0,0,0,1,0,0,0,0,1,3,0,0,0,0,2,0,1,0,0,0,0,0,0,0,0,0,0,0,0,0,0,0,0,0,1,0,0,20
Arizona,7,9,11,8,19,11,4,7,17,23,18,17,7,2,0,0,33,12,10,0,32,0,33,31,24,67,15,4,6,20,33,29,27,28,1,7,18,42,17,11,26,0,6,3,24,26,26,18,3,11,25,40,16,16,28,8,2,23,25,34,21,33,2,12,25,21,34,38,25,3,2,45,71,28,41,44,14,4,47,80,39,34,19,8,4,98,36,75,44,69,86,9,91,97,58,91,147,31,23,134,56,89,80,143,19,-1,104,46,172,68,53,18,14,66,87,70,79,56,13,4,45,148,36,40,69,14,0,23,105,50,4,68,15,0,21,104,33,49,29,23,-1,15,21,65,41,36,14,-2,2,30,22,15,27,7,0,22,27,38,42,16,10,1,20,27,34,28,35,1,1,8,18,24,19,12,1,1,6,20,10,3,13,0,0,8,5,17,17,18,3,3,7,17,5,6,4,5,1,16,14,13,16,45,0,3,38,39,28,22,38,17,0,28,36,12,17,43,2,0,10,53,19,43,30,7,0,51,9,44,20,36,10,5,48,52,82,64,40,25,0,23,108,73,91,77,35,1,64,108,147,142,118,34,1,153,54,115,115,15,3,42,171,78,146,151,46,0,3,253,127,297,197,98,105,6,335,191,182,185,208,18,-1,1,262,244,229,169,68,1,209,195,176,203,76,22,4,238,214,176,196,63,37,7,231,176,200,172,114,30,0,3,82,213,145,59,25,-3,148,43,121,83,70,13,-1,81,29,96,84,54,5,0,-2,78,57,58,27,7,0,21,12,59,46,42,12,0,53,44,32,24,14,6,0,23,26,10,12,2,-1,0,6,27,32,7,30,-6,0,19,4,14
Arkansas,2,3,1,4,0,1,1,2,1,0,3,2,1,3,0,6,0,4,3,8,4,4,3,4,0,1,0,3,3,1,2,1,0,0,0,2,2,5,3,3,2,1,1,2,1,5,7,1,0,0,3,6,9,1,2,0,1,6,4,6,5,1,2,3,6,9,11,6,10,1,2,10,3,0,9,10,5,1,5,7,2,2,5,1,5,9,4,4,4,6,2,2,8,4,6,12,4,0,6,11,6,6,8,5,2,7,20,6,8,11,5,6,11,15,18,7,6,14,9,11,11,6,10,5,13,-1,4,16,12,10,22,11,13,9,15,21,7,17,16,12,13,17,27,20,12,9,12,14,9,11,12,13,16,12,11,158,7,9,7,8,0,16,12,20,17,20,19,23,21,21,19,15,7,16,18,22,22,13,21,27,22,17,17,25,23,11,20,19,20,10,14,23,21,10,15,15,21,24,18,19,6,25,33,27,18,23,11,19,12,17,23,4,14,18,4,11,24,42,20,30,22,24,16,20,30,18,20,11,0,13,21,32,10,10,33,31,34,40,53,39,34,34,55,36,34,45,26,58,38,27,52,46,58,43,38,30,32,3,41,55,66,34,39,35,18,20,51,36,65,25,40,44,33,38,40,65,42,35,30,18,32,43,55,55,53,14,43,44,40,52,42,47,7,30,27,44,46,24,41,11,15,30,42,26,25,13,40,13,10,12,26,10,13,12,9,6,14,10,10,10,10,-174,7,4,7,12,10,14,22,24,14,25,28,27,18,19,7,12,14,8,14,4,6,5,3,13,11,12,7,5,6,15,10,10,3,2,2,5,5,7,2,-1,0,0,4,8,7,6
California,66,65,96,91,82,100,40,39,65,140,101,92,67,38,55,79,89,79,99,54,38,64,99,83,72,79,75,31,62,99,70,100,82,70,34,42,123,93,81,83,72,18,15,50,78,91,85,66,32,45,88,67,71,80,76,29,25,87,114,75,43,102,20,16,87,71,86,73,65,26,48,59,89,89,65,36,28,53,95,85,93,53,28,40,68,129,128,148,107,73,24,38,146,134,112,112,88,27,54,115,158,136,141,88,37,52,174,213,129,210,124,58,48,187,166,211,123,169,31,146,51,232,118,274,66,30,54,161,222,130,136,119,72,82,144,130,158,144,102,18,86,113,180,174,153,45,46,43,69,168,114,134,84,52,56,151,110,104,72,131,-4,38,131,110,91,136,60,22,25,151,123,89,80,62,23,27,69,92,78,74,85,15,10,64,90,82,89,41,23,8,72,85,94,54,39,17,28,76,64,32,52,58,23,25,52,52,65,61,35,16,55,37,32,31,76,37,12,41,55,86,101,99,64,18,58,100,104,39,65,43,22,61,110,107,148,221,98,57,101,209,201,173,215,123,70,92,335,344,320,289,167,87,210,369,338,302,82,238,62,257,424,491,542,347,234,91,382,499,543,519,544,563,311,476,658,508,624,689,386,235,174,679,630,735,554,509,237,426,709,534,782,692,484,240,499,448,583,630,609,384,230,346,493,475,553,464,415,222,70,409,410,363,558,316,241,210,348,1093,490,360,169,233,307,298,276,360,408,278,89,87,307,253,257,322,189,142,91,123,227,233,158,23,108,259,179,225,299,229,196,154,74,95,127,138,203,65,54,66,85,107,140,157,91,68,39,49,149,89
Colorado,17,21,1,27,17,17,31,0,63,23,46,122,10,4,18,30,30,11,44,11,10,9,52,16,25,16,7,4,16,23,52,24,64,42,23,9,33,42,11,14,3,5,1,19,40,29,15,7,2,13,16,20,18,12,3,0,16,10,19,10,0,15,1,7,12,14,7,5,4,0,4,14,2,2,4,1,2,5,9,7,4,0,0,0,-10,5,8,2,18,1,0,2,11,6,1,6,1,0,6,5,8,15,4,4,0,5,8,15,0,16,6,0,0,5,2,1,5,0,1,4,12,1,7,6,8,0,0,3,1,3,7,8,0,1,7,1,4,6,5,0,3,1,6,3,0,16,1,1,0,4,2,6,3,0,2,6,6,4,3,4,1,4,7,5,3,1,6,1,3,2,5,3,3,3,8,1,12,4,10,8,9,1,3,37,7,2,10,4,0,4,2,12,4,13,7,5,3,10,13,19,10,7,3,4,19,22,20,23,13,5,14,19,16,25,36,21,21,32,30,43,79,15,42,19,4,50,46,51,20,6,20,34,72,84,127,18,19,-1,2,14,267,120,87,25,87,11,116,71,70,33,80,29,10,-9,93,88,36,6,18,21,56,63,64,59,39,22,10,47,59,52,36,52,18,5,29,43,31,27,20,16,7,2,34,18,22,20,23,7,5,35,17,25,26,20,1,9,14,18,23,17,9,2,13,24,11,9,24,10,2,2,10,26,14,9,5,1,14,10,8,15,5,6,1,7,11,4,12,0,4,0,7,6,18,3,12,2,2,8,1,11,5,3,5,-3,4,3,5,4,3,3,0,7,8,10,1,6,2,0,6,8,3,8,4,2,0,11,5,4
Connecticut,48,69,197,103,65,50,41,204,92,121,95,128,98,59,88,75,82,88,82,97,0,120,77,85,79,77,58,35,41,33,84,94,66,54,69,42,22,57,54,54,38,18,49,27,34,23,42,44,32,26,2,17,18,31,17,16,13,13,23,26,13,27,15,3,6,9,7,12,13,9,3,14,10,11,9,4,5,4,2,2,2,9,0,0,3,0,5,5,0,0,0,23,1,8,9,7,0,0,10,0,0,4,3,0,0,5,5,2,6,1,0,0,5,0,0,0,4,0,0,3,0,6,0,3,0,0,3,0,1,1,2,0,0,0,3,0,2,0,0,0,0,1,1,1,0,0,0,0,6,0,4,2,0,0,5,0,2,1,4,0,0,3,1,1,2,2,0,0,2,2,3,3,2,0,0,4,4,1,5,3,0,0,2,1,4,3,2,0,0,12,5,8,2,8,0,0,12,6,9,5,7,0,0,11,8,10,11,15,0,0,27,9,9,10,11,0,0,22,12,13,21,23,0,0,43,10,45,0,35,0,0,59,20,51,20,35,0,0,78,18,43,42,36,0,0,81,22,40,46,29,0,0,95,27,33,55,0,0,0,113,20,40,31,0,104,0,69,24,38,57,37,0,0,92,33,87,17,41,0,0,76,12,44,48,45,0,0,92,23,42,44,26,0,0,73,14,24,28,29,0,0,68,16,28,28,27,0,0,66,2,27,20,27,0,0,39,10,23,19,8,0,0,29,7,20,15,11,0,0,21,14,13,9,4,0,0,23,11,8,15,10,0,0,9,4,7,10,3,0,0,18,2,4,11,4,0,0,19,7,5,5,4,0,0,13,17,10,6
Delaware,5,7,7,3,6,10,4,10,5,13,14,16,8,13,13,11,12,6,12,12,12,10,11,3,16,13,4,11,12,11,16,12,11,10,10,7,11,9,5,5,6,8,6,10,10,8,7,4,3,3,1,4,12,4,0,3,3,4,2,2,2,3,1,2,1,3,1,4,0,3,2,0,2,0,2,1,2,1,1,1,1,0,1,2,1,1,1,0,1,1,3,2,0,0,0,0,2,3,0,2,2,0,2,2,1,1,0,1,0,1,2,0,0,1,5,0,0,0,0,0,2,0,0,0,0,0,2,1,0,0,1,1,1,0,0,0,0,1,0,0,2,3,2,0,0,1,1,2,1,1,0,2,0,0,1,1,2,0,0,1,0,1,2,2,2,1,3,0,2,3,1,2,4,2,1,2,0,3,2,2,1,4,1,1,1,4,1,3,2,4,3,2,4,4,4,7,1,0,4,8,2,4,3,2,4,1,2,2,3,1,2,3,2,2,3,1,3,4,3,3,3,2,2,4,6,4,2,3,5,3,4,3,6,3,5,4,4,7,5,3,13,6,4,7,13,6,7,13,6,7,13,14,7,7,9,9,11,8,15,9,6,8,6,4,7,8,5,8,9,10,4,12,9,9,11,9,12,4,6,12,10,9,9,13,11,2,13,4,5,7,9,7,2,4,3,8,2,3,4,4,6,4,4,3,4,2,4,5,3,0,1,1,0,0,1,1,11,23,4,12,0,4,0,4,14,4,9,11,9,2,7,10,2,2,8,3,4,3,2,1,5,4,3,2,4,0,1,0,8,0,8,7,0,0,6,0,1,0,1,0,1,5,4,1,3,6,4,4
DistrictofColumbia,2,15,5,9,5,5,5,9,7,15,12,14,12,13,7,5,15,19,7,9,11,7,6,13,8,19,7,12,5,8,14,8,10,7,8,9,8,7,5,6,9,5,8,0,5,8,7,2,4,2,2,3,2,4,4,6,2,4,4,3,4,5,4,0,5,3,4,3,1,2,2,2,4,2,3,2,2,1,0,2,1,1,2,2,2,0,3,4,0,0,0,0,0,3,3,3,1,0,1,1,0,1,0,0,0,1,1,1,0,0,0,0,2,1,0,0,2,1,1,0,2,0,1,0,3,0,0,2,1,1,1,2,0,0,0,1,0,0,0,1,1,0,1,1,2,0,0,0,0,4,1,0,0,0,0,0,1,2,0,0,1,1,0,0,0,2,1,0,0,2,1,1,1,0,2,0,0,0,3,0,2,1,0,0,1,0,3,0,0,0,1,0,0,0,0,0,0,2,0,1,1,0,0,1,0,0,3,2,2,0,1,2,0,0,0,1,2,0,0,5,2,2,1,0,2,1,4,0,0,1,2,0,5,5,2,1,2,2,4,0,3,4,1,4,2,1,4,0,5,3,2,7,5,2,7,5,0,6,6,3,4,5,6,2,4,2,3,4,5,2,1,4,4,4,4,6,11,0,5,3,7,4,2,1,3,3,2,7,9,7,7,5,2,4,3,0,10,6,8,7,5,4,5,4,8,3,3,0,1,2,3,7,1,1,1,0,3,3,4,4,1,7,2,0,4,1,3,3,0,5,1,1,1,0,2,1,1,0,2,2,1,2,1,0,1,2,0,2,1,0,3,2,3,2,3,1,0,2,2,2,1,2,2,0,3,1,3,2
Florida,38,72,25,72,57,23,26,48,45,26,94,59,9,20,13,83,47,50,46,50,15,20,72,68,61,69,46,6,14,44,48,48,42,47,9,24,55,44,48,46,43,4,15,7,60,45,49,34,4,9,70,36,41,53,28,12,12,53,36,47,29,48,6,7,55,25,43,43,40,17,12,65,43,46,39,24,29,28,58,45,67,67,18,29,47,63,48,120,93,95,45,35,132,112,156,128,90,87,90,134,139,173,135,124,77,77,186,216,253,257,179,62,73,245,225,120,180,182,77,91,276,212,148,228,204,107,87,219,174,117,119,106,51,72,183,153,135,89,148,14,68,187,127,149,100,61,38,22,44,195,216,176,98,8,34,145,152,147,139,62,9,21,99,202,177,120,107,10,5,106,174,127,110,74,43,41,55,137,164,118,0,178,48,119,64,141,94,87,50,54,84,105,57,73,77,12,20,56,66,77,72,41,28,45,56,32,39,53,86,21,58,69,52,72,73,44,29,41,85,87,79,79,41,61,94,72,97,0,109,79,58,97,82,97,98,120,90,93,105,96,84,129,123,71,81,137,79,122,101,96,72,95,112,74,120,121,0,140,77,96,101,137,127,0,217,97,103,98,129,164,185,138,108,159,156,169,217,186,205,133,137,162,142,161,272,153,129,153,227,160,202,219,106,119,206,137,197,228,210,142,97,119,233,160,174,183,118,96,155,220,157,163,218,121,93,159,148,127,138,146,110,118,147,136,132,120,135,98,63,81,125,59,92,105,80,30,93,101,55,94,53,62,29,37,41,30,107,159,26,36,69,91,87,69,92,66,22,36,70,42,84,62,46,7,35,64,44,74
Georgia,32,60,27,35,63,23,14,88,23,50,33,18,8,9,79,41,65,31,37,8,7,62,53,28,28,45,3,3,38,54,19,28,43,10,12,39,26,22,78,33,14,5,21,48,37,40,14,17,49,41,8,21,26,25,4,2,28,77,44,46,43,29,4,43,35,46,30,31,6,1,5,47,3,47,25,6,2,6,21,22,22,8,0,3,18,21,23,8,35,31,7,23,28,37,14,27,37,5,3,77,81,26,82,51,4,11,54,79,29,81,73,15,2,79,63,42,91,69,13,30,122,105,82,35,96,33,25,67,55,55,94,94,40,24,106,49,82,78,105,28,29,100,62,73,63,46,60,7,26,58,76,42,41,46,20,44,22,55,62,63,3,2,69,96,47,58,40,32,15,33,27,42,43,27,29,30,37,30,35,54,45,23,13,25,16,22,64,51,31,19,17,30,25,37,42,1,18,17,32,47,32,24,2,18,480,43,56,30,39,1,29,53,76,75,24,51,1,10,41,57,37,40,37,19,17,6,76,39,44,44,18,10,63,52,81,77,68,13,45,22,48,54,56,44,1,28,56,68,66,38,49,2,16,64,56,63,49,54,4,7,83,67,88,24,2,4,7,101,93,65,84,143,1,17,187,141,172,163,153,5,64,212,206,111,171,186,4,53,179,161,184,159,210,2,44,208,137,169,102,232,2,38,171,120,92,195,142,21,57,246,99,130,207,132,2,91,92,137,135,20,75,1,81,104,145,125,65,90,1,42,30,58,81,47,52,-1,47,25,72,61,44,66,0,26,32,72,91,98,77,0,36,25,68,64,57,34,2,0,26,67,69,50,64,0,35,25,52,62
Hawaii,0,0,0,0,0,0,1,0,0,2,0,1,0,1,2,0,0,0,0,0,1,0,0,0,0,0,0,0,0,0,0,0,0,0,0,0,0,0,0,0,0,0,0,0,0,0,0,0,0,0,0,0,0,0,0,0,0,0,0,0,0,0,0,0,0,0,0,0,0,0,0,0,0,0,0,1,0,0,0,0,0,1,0,0,0,0,0,0,0,0,0,3,0,0,0,1,1,0,0,0,1,1,0,0,0,0,0,0,0,0,0,0,0,1,0,2,2,0,0,3,0,4,2,0,0,0,0,1,1,3,1,1,0,2,0,2,4,4,3,1,7,4,1,4,2,3,1,1,2,3,3,2,1,2,0,1,3,4,13,0,0,0,0,2,2,3,4,1,0,2,2,3,3,11,3,1,3,3,1,2,2,1,0,4,10,1,1,1,1,0,2,14,3,3,3,0,0,3,-2,2,1,3,0,0,0,0,0,0,1,1,0,1,0,0,0,0,0,0,0,1,0,1,7,2,0,0,2,2,3,0,4,0,0,0,2,10,5,1,0,0,4,2,1,2,3,0,0,4,2,1,0,1,0,0,3,0,0,0,0,0,0,0,3,1,0,0,0,0,10,0,4,5,1,0,0,3,6,0,2,2,0,2,1,3,4,4,6,0,59,3,2,1,0,3,0,0,4,2,0,0,2,0,0,5,1,1,0,1,0,0,1,1,2,0,1,0,0,4,0,2,2,0,0,0,2,0,2,1,1,0,0,3,0,1,1,1,0,0,0,0,1,1,1,0,0,3,1,1,3,0,0,0,1,0,0,4,0,0,0,0,3,0,1,0,0,0,2,0
Idaho,0,6,6,2,0,2,1,1,3,3,3,0,2,0,0,4,0,0,3,1,0,0,1,1,1,0,0,0,3,-1,0,3,0,1,0,1,0,3,0,2,0,0,0,0,2,1,0,0,0,0,1,0,0,0,0,0,0,2,0,0,2,0,0,0,1,0,1,0,0,0,0,0,0,1,0,1,0,0,1,0,0,1,0,0,1,0,4,2,1,1,0,0,1,7,4,4,1,0,3,4,9,3,6,0,2,6,8,13,4,11,9,0,3,10,7,6,6,6,2,2,7,0,5,14,4,0,4,9,7,7,9,1,1,7,12,11,6,10,5,1,2,6,5,0,10,2,1,0,4,31,-13,5,3,0,4,4,6,5,4,3,2,4,4,3,3,1,2,0,0,4,5,3,2,6,2,5,5,8,3,3,1,0,3,2,4,1,6,6,-1,3,4,11,7,9,10,1,7,5,14,16,11,3,1,2,15,17,7,8,4,3,12,16,19,16,3,7,0,4,35,14,23,10,2,2,17,8,21,0,14,4,7,9,31,31,23,18,0,3,20,19,29,33,15,18,6,19,20,17,28,16,0,5,21,12,11,25,0,5,0,23,16,10,33,0,12,0,11,12,17,29,6,5,6,10,12,8,27,12,2,2,0,30,-2,19,13,1,1,12,7,26,7,4,0,0,10,6,7,-1,11,9,0,9,4,11,0,5,7,0,0,3,11,9,0,0,0,0,14,0,10,9,1,0,7,4,5,0,0,3,0,11,2,9,5,3,1,0,6,13,6,3,3,0,0,5,5,1,2,0,0,0,3,0,5,1,3,0,0,6,2,6,9,4,0,0,3,4,6,9
Illinois,78,70,81,123,60,127,31,59,119,97,123,107,80,58,50,142,90,140,102,102,59,41,175,140,137,130,108,57,53,142,191,136,131,70,48,57,145,146,82,108,75,66,29,38,160,103,84,60,60,22,113,96,115,59,69,40,20,94,77,90,75,29,19,18,72,87,52,43,45,22,24,36,63,40,37,26,15,14,21,28,0,54,9,6,6,247,36,20,16,24,19,6,25,8,25,13,18,5,6,23,23,20,17,12,1,18,30,16,16,22,8,14,9,19,28,21,31,18,5,1,20,15,24,27,5,18,12,27,23,27,22,17,6,8,29,37,23,20,11,11,7,38,27,24,38,23,5,8,7,28,28,44,22,14,5,18,35,25,23,25,14,7,29,22,30,33,25,13,13,23,35,24,52,31,17,14,31,42,32,32,30,9,13,30,47,53,52,27,22,22,41,68,42,41,63,24,17,46,51,56,49,46,35,18,68,55,97,84,91,50,25,82,153,48,45,197,74,42,113,151,180,147,157,99,61,150,178,156,90,152,44,103,146,266,228,157,235,99,100,168,229,232,222,165,107,116,132,190,208,221,120,81,120,144,171,118,194,70,112,134,126,215,167,0,239,105,90,150,173,206,167,102,83,70,134,120,107,149,147,30,68,35,132,138,111,111,35,64,109,96,125,72,67,40,20,63,84,77,106,73,62,41,23,67,116,42,60,34,45,33,25,73,71,58,40,40,22,47,32,68,35,25,24,44,50,49,45,56,12,6,19,28,55,41,25,18,10,19,19,32,17,25,28,22,12,17,34,30,26,23,6,15,37,22,25,9,19,11,8,29,38,22,15,16,16,17,39,31
Indiana,35,46,38,34,36,28,37,38,50,51,38,37,42,35,43,36,44,45,37,44,36,39,39,44,34,28,33,34,42,39,28,44,33,30,30,41,30,32,39,18,25,15,22,20,15,19,22,23,17,20,20,26,23,21,10,15,17,25,17,15,16,13,21,14,15,17,25,12,10,11,15,4,10,13,12,11,9,9,10,12,8,11,7,12,16,9,8,11,7,11,13,9,6,11,10,9,9,9,14,9,13,10,11,11,10,4,6,21,9,11,13,9,9,11,5,15,14,12,7,16,13,15,15,16,12,12,23,5,16,17,8,15,12,14,11,3,16,9,12,9,13,7,10,6,14,11,14,11,15,13,12,12,4,18,14,12,8,15,12,10,7,11,15,17,13,13,24,12,20,19,13,18,18,24,15,13,15,18,23,25,17,21,23,29,20,35,42,24,30,20,36,33,36,29,25,30,42,40,35,39,49,35,40,43,43,52,40,57,49,60,44,60,59,43,46,51,69,63,82,74,77,72,69,77,86,81,80,91,84,74,81,81,86,99,87,98,97,88,94,106,102,106,110,95,89,107,92,92,113,107,94,86,107,79,92,73,80,93,92,101,119,98,76,78,94,63,110,65,83,75,63,68,58,70,54,63,66,65,69,68,68,50,66,51,66,47,46,41,50,50,43,40,42,34,35,40,37,189,89,66,65,58,67,59,26,90,32,24,18,40,19,31,44,11,36,35,43,17,27,37,25,17,22,28,10,30,34,29,11,7,18,13,27,22,22,10,8,12,17,14,15,4,20,1,12,16,7,20,9,12,5,10,1,9,21,5,0,1,9,15,15,17,7,10,3,16,20,7
Iowa,0,8,4,7,4,10,1,4,4,7,6,11,5,6,9,9,12,14,8,5,9,4,19,12,12,12,9,13,6,18,17,12,18,10,5,4,12,26,17,14,22,10,0,21,19,10,18,7,4,20,6,13,9,10,6,6,12,9,5,9,4,6,2,6,7,10,5,1,0,5,0,3,1,6,8,0,2,5,5,1,2,2,0,0,2,9,4,5,2,5,4,3,2,20,4,4,4,4,5,8,8,6,6,0,3,7,3,15,11,7,2,4,6,4,12,12,3,12,4,3,12,7,7,10,5,0,12,15,8,6,13,4,4,10,12,12,20,17,-8,13,7,5,8,3,22,6,3,3,15,19,3,9,2,2,4,10,14,2,14,1,0,19,9,5,5,9,2,2,8,17,17,8,11,4,6,11,15,6,14,21,5,3,19,10,14,11,8,4,4,16,28,18,7,28,5,1,22,23,11,14,9,2,17,23,24,21,13,14,14,3,27,26,29,19,26,13,4,34,41,38,25,32,32,11,20,48,42,37,11,15,24,27,23,69,85,62,17,35,6,1,0,0,469,15,1,60,67,14,100,0,82,56,0,64,15,71,5,0,1,0,68,10,69,7,48,0,46,7,61,5,59,3,11,1,83,10,19,6,64,2,1,8,62,51,33,8,1,1,4,8,32,45,74,250,5,13,56,58,34,41,0,2,35,29,22,27,13,0,1,26,43,15,15,0,0,38,26,15,23,25,7,1,1,26,3,35,13,3,6,1,15,27,20,9,3,8,1,15,9,6,0,2,1,0,8,6,19,8,2,7,4,0,14,8,3,68,0,0,13,1,7,6,8,0,0,0,0,13
Kansas,-2,16,-4,7,4,2,7,9,7,3,1,5,2,1,5,1,7,0,6,2,2,12,5,3,1,3,6,0,6,4,4,1,4,2,0,3,1,3,2,1,0,0,2,3,3,1,1,0,0,2,5,4,1,5,1,0,3,1,3,3,0,2,0,1,0,1,4,3,2,1,1,2,1,1,3,3,1,4,0,4,3,2,1,1,1,4,0,4,0,2,2,1,1,5,1,1,2,1,3,4,5,1,8,-1,2,4,5,9,8,1,0,3,6,1,4,6,2,0,1,6,6,4,6,1,2,0,1,4,4,4,7,0,0,3,1,12,4,1,4,0,2,3,5,10,10,0,1,5,-1,14,4,13,10,2,14,15,29,0,10,0,0,5,13,7,0,14,0,0,9,8,27,0,20,1,0,7,0,17,24,24,2,1,13,12,39,0,21,0,0,13,24,57,-1,23,0,0,1,7,24,1,21,0,0,17,11,30,0,79,0,0,15,0,34,0,41,0,0,10,0,60,0,84,0,1,46,0,47,0,26,0,0,31,0,120,1,107,1,0,70,1,85,0,131,0,1,37,0,138,8,90,0,1,109,0,42,12,2,1,0,42,26,167,0,137,1,0,18,95,35,1,122,0,1,108,1,101,1,141,0,1,22,0,54,0,22,0,0,29,1,94,1,61,0,2,30,0,75,0,203,0,1,92,0,103,0,59,0,0,41,0,112,0,91,0,0,29,0,79,0,11,0,0,8,0,72,0,7,-11,0,4,0,35,0,-29,0,0,13,0,2,0,5,0,0,8,0,30,1,11,0,0,11,0,11,0,19,0,0,-5,0,5,0,6,0,0,-8,0,13,0
Kentucky,16,-7,9,14,8,7,2,8,17,14,6,9,5,3,5,12,9,6,6,2,5,8,14,8,11,4,6,0,7,10,0,7,4,2,0,12,20,10,10,5,0,0,0,3,6,9,9,13,0,8,3,8,8,8,4,0,2,5,7,9,4,2,0,6,0,13,2,2,2,2,0,11,1,8,7,1,4,2,5,7,9,4,0,0,8,9,6,4,8,2,3,4,6,10,5,8,9,3,1,3,3,7,7,5,4,9,10,5,7,4,5,2,2,7,1,8,4,8,1,2,8,7,6,8,6,0,8,12,12,14,8,8,0,12,11,7,8,8,3,8,4,15,18,10,11,6,3,0,1,16,22,9,13,3,5,9,8,11,8,7,3,1,7,5,13,12,5,3,5,8,4,17,6,8,4,5,4,5,11,8,7,3,3,14,7,20,4,12,6,8,16,21,17,16,8,3,3,18,14,19,15,9,4,3,11,11,20,10,17,4,11,14,14,18,25,11,3,3,33,15,30,20,21,4,5,17,26,0,36,14,11,12,35,0,71,25,23,10,10,20,16,28,22,24,15,17,15,23,54,28,27,26,15,28,26,0,0,68,21,8,31,29,0,0,75,25,26,23,34,37,13,20,25,21,22,47,51,19,32,34,40,27,49,58,36,49,35,39,35,47,69,57,46,31,35,32,51,58,50,49,31,40,35,49,36,42,19,10,9,27,18,37,28,25,21,13,16,51,43,30,25,12,15,19,33,28,22,52,13,10,21,34,37,29,16,16,23,24,27,448,191,25,18,61,15,49,107,38,15,8,11,23,25,18,21,20,0,22,13,14,16,9,18,9,7,4,24,17
Louisiana,44,129,90,53,57,54,29,32,77,68,126,61,47,22,11,61,44,60,65,23,19,52,51,52,41,19,40,19,22,39,34,36,31,31,12,72,18,27,21,39,0,23,0,11,21,18,26,19,5,10,34,35,13,29,13,11,8,13,11,19,9,8,10,4,24,20,0,22,20,1,12,17,18,12,26,0,9,0,22,17,17,23,0,10,8,23,20,16,25,23,13,7,22,16,24,24,0,34,-81,36,60,16,141,0,48,23,26,71,42,24,0,58,17,27,45,50,61,0,56,24,26,43,46,28,0,77,19,28,55,28,50,0,59,18,33,54,23,30,0,27,19,34,20,17,14,0,58,12,13,22,21,41,0,33,17,26,18,17,29,0,26,9,11,19,16,21,0,21,15,10,21,8,26,0,32,9,6,12,5,26,0,20,14,10,16,12,20,0,23,16,6,12,15,21,0,17,17,18,18,18,11,0,7,8,17,24,20,21,0,20,12,10,0,39,24,0,11,7,17,28,15,34,0,27,24,39,27,0,41,0,16,13,35,46,23,24,0,36,23,45,32,40,43,0,51,27,50,38,31,30,0,48,65,51,68,46,0,0,19,45,61,51,40,0,0,49,48,50,46,47,105,0,40,45,53,51,58,0,0,123,50,71,59,59,41,0,82,25,31,67,55,58,0,58,53,41,53,38,32,0,43,23,20,50,27,37,0,16,33,0,66,15,34,0,26,11,26,25,33,26,0,21,20,19,21,18,30,0,32,10,11,43,16,33,0,23,19,22,30,19,14,0,0,42,7,19,17,14,0,0,35,10,9,20,0,0,0,4,9,11,15,16,0,0,25,14,9,9
Maine,0,1,4,3,2,3,2,1,1,3,5,3,0,3,1,0,1,1,2,1,1,0,4,1,0,1,1,0,1,0,1,3,0,1,0,1,2,0,0,2,2,1,0,1,2,3,1,4,0,0,5,1,0,3,0,1,0,1,0,0,0,0,0,1,0,1,0,0,0,0,0,0,1,0,0,1,0,1,0,0,0,0,2,2,0,1,0,1,0,1,2,0,0,0,0,1,2,0,0,1,0,0,0,1,0,0,2,0,1,1,0,0,1,-1,1,0,0,1,0,0,1,0,0,0,1,0,0,0,0,1,1,1,1,0,0,1,0,0,0,0,0,0,1,0,1,0,0,0,0,0,0,0,1,1,0,1,1,0,0,1,0,1,0,0,0,0,0,0,0,1,0,0,0,1,0,0,0,0,0,1,0,0,0,0,0,1,1,1,0,0,0,0,0,0,0,0,0,0,0,0,0,1,0,1,0,2,0,0,1,1,1,3,2,1,3,1,2,0,1,4,1,2,1,2,1,12,1,0,0,1,0,3,20,4,2,4,3,0,0,12,7,0,4,7,0,2,6,2,9,5,11,0,1,10,8,6,2,0,4,3,7,1,13,5,6,1,2,8,3,13,41,6,0,6,11,4,8,16,30,4,3,5,11,6,4,4,0,3,11,4,5,3,20,0,5,23,9,3,2,2,1,1,3,2,0,2,4,2,0,2,3,1,1,2,0,0,2,17,24,0,1,1,0,0,2,0,-1,0,2,0,17,0,0,0,1,0,1,0,0,2,1,0,1,0,2,0,0,0,5,0,0,2,5,1,0,1,0,1,0,1,1,2,0,0,1,2,4,1
Maryland,26,40,9,8,15,87,40,121,70,46,50,50,77,35,35,71,62,62,-60,171,30,36,73,47,66,57,54,30,39,73,53,57,45,46,35,31,58,42,36,48,36,34,25,31,59,36,38,43,23,20,45,44,27,34,38,9,27,35,33,31,25,26,13,8,35,14,20,14,22,14,8,18,16,21,13,15,11,7,15,15,7,11,13,7,3,20,9,13,15,7,9,6,9,7,6,12,9,9,5,20,3,4,13,11,7,7,11,20,10,5,13,9,8,7,6,15,14,12,8,6,13,8,8,11,5,3,2,9,11,8,5,11,6,3,13,10,5,5,19,6,3,6,5,12,11,7,3,5,3,9,8,4,8,2,1,10,6,6,8,7,3,4,12,7,7,8,8,10,3,8,3,0,1,7,1,3,6,6,6,11,5,4,4,9,10,6,4,4,1,4,9,8,12,8,13,5,3,9,7,12,10,10,5,3,7,10,10,12,7,11,9,12,16,12,12,20,9,7,26,16,21,26,17,19,14,33,37,29,22,33,23,16,32,42,49,26,30,26,19,51,46,50,52,36,17,25,64,64,49,39,54,36,23,48,49,59,32,21,32,28,63,45,47,47,25,27,33,55,50,41,43,30,26,29,66,37,45,45,47,26,29,54,39,46,57,45,28,35,63,33,41,39,31,20,27,34,32,31,36,42,20,23,41,33,21,36,33,18,26,32,18,31,16,20,18,17,30,27,16,33,18,13,10,26,14,3,8,11,14,8,25,14,12,16,8,10,7,25,19,14,19,26,12,14,11,19,3,15,14,5,9,13,13,17,16,23,8,13,15,11,21,14,20,11,15,14,9,19
Massachusetts,88,0,264,0,137,159,302,0,255,221,178,196,174,169,104,150,252,157,154,130,158,86,122,208,132,150,138,139,129,33,174,167,110,113,92,65,76,128,82,80,76,68,44,57,74,93,78,50,78,189,50,67,49,34,54,27,37,55,46,38,46,38,48,23,17,69,36,30,28,30,16,16,48,25,50,28,19,35,-41,0,79,17,23,11,15,15,30,25,28,14,15,5,10,28,12,22,17,12,2,17,18,16,14,12,19,7,15,29,0,29,17,12,10,9,2,32,18,12,14,6,10,18,21,20,16,12,4,6,28,12,13,20,0,28,12,26,21,16,12,13,11,4,-4,17,23,16,9,8,8,5,20,14,16,14,9,6,20,15,9,26,15,7,11,19,15,11,18,13,11,8,33,24,10,17,3,20,8,19,8,12,10,17,13,13,17,25,30,21,14,16,5,22,30,20,9,25,17,7,36,27,24,16,22,10,12,27,23,21,23,20,14,21,38,20,23,28,36,11,20,47,28,34,19,24,19,20,53,0,31,41,46,26,30,46,50,36,43,51,31,41,90,43,48,50,42,39,55,70,45,52,47,60,42,45,83,76,0,47,100,48,60,120,85,0,79,108,61,63,102,73,76,89,77,55,67,86,74,76,74,69,53,44,80,77,81,77,69,45,42,84,44,96,87,46,30,45,56,76,75,62,78,55,70,83,62,89,66,60,33,50,56,63,40,53,47,27,30,62,33,46,43,51,26,38,70,44,26,52,43,18,21,53,42,29,34,31,28,15,44,27,44,29,35,27,21,55,40,41,35,29,15,18,37,32,32,32,0,44,12,21,8,10,3,8,19,7,14,5
Michigan,123,166,153,75,231,81,83,77,107,238,164,108,70,160,92,161,102,119,77,155,32,86,44,73,89,54,131,25,29,90,40,73,38,56,10,24,102,43,69,29,65,5,13,25,68,38,34,58,27,25,37,17,25,259,40,4,18,32,7,30,5,23,3,2,16,2,25,6,20,3,7,12,5,19,1,19,4,4,32,5,14,3,3,0,3,30,11,9,14,28,1,7,5,4,18,7,9,2,7,9,6,7,5,0,0,5,16,1,21,7,7,0,10,4,7,28,18,-4,-1,7,7,6,16,11,20,6,0,16,10,16,0,21,4,4,21,6,16,6,0,36,5,14,14,10,7,8,0,4,1,75,8,6,11,0,10,11,11,12,-1,15,0,12,16,16,6,8,17,0,7,21,11,19,8,14,0,15,22,8,24,7,19,0,6,30,13,34,15,23,0,23,20,35,46,20,38,0,30,33,21,47,12,34,0,17,45,21,51,47,65,0,63,86,42,49,123,68,0,55,80,62,144,57,101,0,65,154,76,0,187,110,0,97,195,83,193,82,204,0,101,203,81,194,65,230,0,94,206,93,213,67,206,0,79,189,73,0,0,275,0,64,212,52,0,0,288,0,85,217,59,206,40,232,0,47,104,40,175,39,119,0,17,16,68,163,18,230,0,38,86,9,88,8,115,0,11,73,35,81,25,104,0,9,62,14,80,8,92,0,11,19,11,91,23,68,0,1,37,9,47,2,70,0,11,25,6,39,12,57,0,4,30,8,22,7,40,0,10,26,4,34,14,49,0,6,20,17,54,20,24,0,9,52,11,55,20,65,0,23,61,30,77,29,84,0,13,81,37,123
Minnesota,0,9,8,0,24,10,13,9,17,19,21,21,23,28,14,15,18,24,27,24,24,9,28,30,23,26,24,20,13,23,24,34,20,17,22,9,17,29,32,33,10,17,12,18,34,35,29,30,14,10,22,15,29,33,22,16,11,20,39,13,25,9,15,6,9,13,19,17,11,8,4,9,7,9,5,6,8,10,6,6,13,8,0,5,3,3,9,5,5,4,3,2,6,10,8,7,5,3,4,3,4,9,5,5,3,2,4,9,5,6,6,8,2,4,10,7,4,8,9,3,6,17,7,8,-34,47,6,9,17,7,8,8,6,4,8,15,15,4,4,2,1,5,11,7,10,4,6,3,2,7,15,13,9,13,3,5,6,9,8,13,2,4,10,6,3,6,10,4,7,5,17,13,10,14,7,3,4,14,6,14,10,10,3,7,29,19,13,5,17,5,7,35,20,13,14,21,4,15,19,32,19,20,18,9,15,31,25,36,34,31,19,23,58,39,46,35,31,12,26,67,72,68,51,40,24,38,75,0,101,45,57,15,22,77,92,61,75,64,21,22,82,89,94,67,85,18,21,92,83,65,57,70,22,24,75,79,0,57,40,13,36,66,61,0,54,53,13,18,76,44,48,43,44,4,13,50,43,33,37,40,12,6,34,32,21,31,32,3,8,18,16,28,19,13,2,8,24,17,22,16,10,3,6,11,24,19,7,7,2,2,10,14,8,11,9,1,1,9,7,12,13,8,3,4,17,14,13,12,4,6,140,9,19,13,4,5,1,2,7,6,9,6,5,0,7,9,26,7,4,5,5,1,12,12,4,11,0,10,4,19,14,10,12,13,2,3,16,11
Mississippi,2,13,11,7,11,12,7,10,14,10,8,8,12,6,2,10,11,11,20,10,12,7,32,32,22,13,12,9,5,22,8,15,13,17,11,6,27,16,10,15,21,9,10,17,18,23,17,13,11,5,28,15,12,9,8,6,20,10,21,0,13,8,2,4,20,23,0,0,0,0,40,11,22,5,6,13,4,20,14,9,10,11,4,4,3,44,30,16,11,15,19,1,22,18,18,24,14,9,3,31,34,13,27,15,15,5,42,23,48,52,30,10,8,42,51,21,23,26,22,16,32,45,22,32,37,4,11,32,36,27,24,23,3,8,67,58,26,14,14,14,32,20,33,10,22,11,15,1,0,38,33,14,15,12,9,28,22,24,12,17,1,0,36,24,4,20,17,8,2,36,12,10,20,12,2,0,14,24,23,6,16,5,0,14,25,12,8,11,0,0,31,21,8,7,17,0,8,20,19,8,18,6,14,0,36,13,8,14,14,10,0,37,17,17,5,21,3,2,36,20,18,23,15,19,0,53,16,18,6,10,27,1,29,15,28,37,33,12,0,56,24,42,41,56,19,5,48,42,26,34,36,19,2,79,43,23,6,3,41,28,85,28,40,29,24,31,13,91,38,0,88,45,21,19,98,31,41,55,70,40,3,50,64,30,45,39,20,5,75,65,28,38,35,27,11,76,26,24,40,44,3,1,72,25,23,39,32,1,2,37,23,7,3,19,0,0,24,28,8,25,31,12,0,43,19,21,19,22,3,0,26,11,19,19,13,5,2,26,7,2,7,10,1,0,21,4,6,11,2,1,0,12,19,16,3,4,0,0,18,4,5,4,9,1,0,23,3,5
Missouri,8,23,3,16,16,11,2,11,16,15,12,18,8,2,62,-13,9,12,10,16,6,6,23,19,22,34,10,8,13,16,22,15,15,13,6,11,20,9,28,9,5,4,3,6,-4,19,23,44,2,0,10,5,4,10,10,0,9,21,6,11,19,4,0,3,4,19,36,13,7,0,5,6,9,2,10,7,0,0,1,13,26,3,4,1,0,16,2,4,11,7,1,13,9,6,2,4,11,0,3,10,11,30,6,5,9,12,11,7,16,10,11,1,3,13,8,5,24,4,7,7,5,8,2,9,13,5,32,11,9,8,3,6,2,0,18,11,7,12,29,5,14,15,17,8,21,61,18,3,3,12,11,7,8,4,8,19,9,17,28,15,1,12,29,71,13,40,63,-1,4,9,3,5,72,18,9,2,21,29,30,125,27,1,0,0,105,-68,18,103,14,8,26,27,16,32,109,12,-4,39,29,7,51,94,1,5,34,24,18,24,21,3,0,138,24,23,21,15,3,15,64,22,32,38,17,4,8,184,38,33,1,8,6,11,165,51,64,75,60,8,5,141,40,74,7,51,7,4,224,63,51,29,68,28,12,213,105,45,9,11,1,6,101,86,30,23,4,19,2,215,35,72,37,42,7,4,199,28,46,35,31,3,4,13,199,36,45,18,7,7,129,34,23,14,15,1,3,266,75,26,14,17,2,1,10,11,225,31,28,2,1,4,34,176,51,11,0,3,144,17,32,15,12,-1,2,15,184,6,16,8,2,2,109,12,10,8,5,0,1,33,8,6,1,4,5,1,54,12,3,4,4,0,1,51,5,6,2,5,0,1,9,2,1,-1,6,1,2,83,25,5
Montana,1,0,0,0,1,2,0,0,2,2,0,0,0,0,0,1,1,0,0,0,0,0,0,0,0,0,0,0,0,0,0,0,0,0,0,0,0,0,0,0,0,0,0,1,0,0,0,0,0,0,0,0,0,1,0,0,0,0,0,0,0,0,1,0,0,1,0,0,0,0,1,0,0,0,1,0,0,0,0,0,0,1,0,0,0,0,0,2,3,1,0,3,2,0,1,2,0,0,2,1,2,1,3,0,0,1,4,3,1,5,1,0,3,0,1,0,5,5,0,0,2,3,1,0,1,0,0,2,0,5,0,1,0,1,6,1,0,2,4,0,0,1,4,2,3,2,1,1,1,3,1,8,2,2,3,2,1,2,3,10,1,3,3,2,0,5,1,2,1,3,3,1,5,0,1,3,2,1,4,9,3,1,2,5,8,5,5,4,2,0,11,23,3,4,12,3,6,2,20,12,27,11,1,10,13,5,3,12,26,11,1,5,10,0,5,37,6,2,21,18,0,6,33,3,11,16,22,6,-1,12,2,10,17,15,9,5,7,2,6,21,8,10,24,11,2,0,8,10,13,5,10,1,16,14,19,2,0,3,5,3,12,11,11,0,10,1,3,30,10,23,11,5,2,1,10,2,8,9,2,4,1,0,1,6,4,37,10,0,34,16,9,17,5,1,1,15,54,5,-1,5,2,0,1,5,0,4,3,0,1,3,3,3,2,2,1,-1,5,2,2,4,2,1,0,15,1,2,4,0,2,0,4,2,4,1,0,0,1,3,0,10,3,5,0,0,5,12,4,0,1,0,0,1,0,1,16,11,1,0,11,12,5,27,2,0,1,2,0,2
Nebraska,0,3,0,1,3,0,4,5,0,5,9,3,0,6,0,0,0,14,3,0,5,0,0,0,13,-1,0,0,8,2,3,0,10,10,0,0,0,15,0,9,0,0,0,0,6,10,1,6,0,0,0,0,17,0,0,0,1,1,2,21,3,0,0,5,11,3,5,5,0,0,5,7,1,3,6,1,0,2,5,2,6,2,0,0,-1,-1,0,2,2,-1,0,3,-2,5,8,2,0,0,12,-3,1,5,0,0,0,1,4,3,4,4,0,0,-4,4,8,0,5,0,0,3,3,5,4,1,0,0,1,7,2,2,3,0,2,5,0,3,5,1,0,0,5,2,0,5,0,0,0,0,3,14,9,7,0,-3,1,1,3,3,0,0,0,10,9,1,0,6,1,1,2,6,0,15,0,4,4,2,4,0,7,0,5,0,3,5,3,5,12,0,1,6,11,11,11,4,4,1,7,17,8,9,9,6,2,2,4,9,5,27,2,0,7,20,1,25,19,4,0,18,19,10,28,43,8,4,25,0,16,32,2,5,0,29,62,48,31,27,8,11,31,35,23,35,14,22,8,45,20,10,5,17,5,11,25,10,40,7,-10,1,0,28,16,8,40,17,1,3,10,10,11,16,14,4,23,12,19,12,15,19,0,0,5,0,20,6,10,1,0,15,11,12,4,0,-1,0,0,9,2,21,6,10,0,0,10,8,4,12,0,0,1,1,14,7,18,4,0,0,3,4,9,15,4,0,0,2,7,1,20,1,0,0,-3,10,2,2,3,0,0,1,1,1,3,2,0,0,2,28,9,1,0,0,0,2,3,1,0,0,0,0,2,0,24,12,1,0,1,5,0,-21
Nevada,2,12,5,6,5,9,7,1,4,9,23,2,8,1,0,13,11,13,3,9,3,7,5,19,8,-3,19,-3,2,9,10,2,10,4,3,8,0,19,6,3,1,-7,14,0,8,4,0,11,0,0,0,14,-1,6,1,1,4,4,3,10,2,1,1,2,2,6,2,4,7,1,2,0,0,6,3,2,0,4,3,4,14,3,2,4,3,11,5,18,8,13,1,0,19,6,8,11,9,1,1,28,28,5,13,10,2,5,20,21,21,29,2,0,15,15,28,10,20,29,8,6,18,15,34,15,24,3,5,25,32,38,13,12,0,3,30,20,21,16,15,0,3,8,23,27,12,13,1,4,0,19,17,10,10,3,4,26,12,12,18,4,3,0,15,10,8,9,9,3,0,8,7,3,6,11,3,0,6,7,13,8,2,2,3,10,17,7,9,0,3,2,15,5,4,2,5,5,1,7,10,3,8,0,4,3,23,7,10,21,5,1,1,7,18,3,13,15,1,8,27,3,6,29,29,6,6,24,24,22,2,24,17,8,20,38,48,22,29,14,4,40,25,50,45,41,19,9,47,56,20,35,43,30,6,38,46,45,27,1,8,21,45,47,59,21,5,32,26,29,60,44,55,56,17,33,46,50,62,40,63,18,5,8,71,47,48,53,15,3,59,46,47,37,46,6,8,46,49,51,39,33,24,2,37,23,55,26,31,15,11,13,41,31,26,37,4,10,21,16,14,9,15,0,0,10,20,18,15,16,1,3,14,13,13,17,20,1,3,14,12,10,4,10,1,2,14,15,12,11,10,0,1,2,10,7,4,14,0,1,22,11,5,10,9,0,0,7,14,6
NewHampshire,0,2,7,0,5,1,0,4,0,6,3,2,0,7,0,0,0,12,9,3,2,0,6,0,22,7,10,2,0,9,8,1,0,20,1,0,0,18,9,5,4,1,1,4,9,9,6,0,7,0,11,9,8,5,5,3,0,0,15,7,7,3,2,0,6,4,1,6,2,0,0,4,4,10,8,2,0,0,4,2,2,1,3,2,1,2,2,1,3,1,0,0,1,2,1,0,1,2,0,2,2,3,2,2,0,0,0,2,4,0,1,1,0,1,0,1,0,0,0,0,0,1,2,1,0,0,0,1,3,1,0,1,0,0,0,0,2,1,0,0,0,0,0,0,0,0,1,0,0,0,1,0,1,1,0,2,0,0,0,0,0,0,0,0,0,0,1,0,0,0,0,2,1,0,1,0,3,0,2,2,5,1,0,0,2,5,2,1,0,2,0,1,1,1,2,0,2,0,3,4,0,1,0,0,0,1,2,2,1,0,0,0,3,3,3,1,0,1,2,2,2,1,1,4,0,1,1,0,3,6,3,0,2,9,7,8,7,5,2,0,4,14,6,10,3,1,0,21,4,9,12,6,0,0,21,13,0,11,7,7,20,6,18,0,10,11,1,11,24,11,19,16,7,0,9,7,12,11,19,6,0,5,12,12,9,10,6,3,4,12,16,14,6,15,2,0,17,9,6,7,6,2,3,7,1,9,4,3,2,1,12,2,2,1,1,0,1,2,6,4,3,0,0,0,5,3,0,3,3,0,1,2,4,4,4,0,0,3,0,5,6,4,0,0,1,10,1,2,4,2,0,0,1,7,0,2,2,0,0,1,1,2,3,1,0,0,4,3
NewJersey,93,362,351,362,322,230,292,134,257,397,276,257,231,24,106,398,329,457,310,204,129,39,334,305,258,153,156,140,84,191,183,232,202,113,102,76,148,162,97,139,97,56,9,47,145,70,122,103,64,25,48,109,90,79,57,70,38,89,74,66,46,132,38,49,84,43,34,33,22,15,35,51,51,1796,42,34,27,17,43,43,29,57,25,22,18,52,51,116,31,46,0,35,22,52,31,19,15,7,9,22,-30,23,35,11,11,17,21,-27,11,10,11,6,10,11,-15,7,0,20,5,4,12,-5,8,10,7,2,4,9,1,6,9,2,3,0,7,-39,7,9,3,4,8,5,14,7,7,7,4,2,5,12,6,9,4,4,3,9,11,3,4,3,3,2,7,6,9,6,6,3,1,10,5,18,-9,4,1,2,9,5,9,3,7,3,1,7,9,6,5,2,7,3,13,18,18,10,8,4,7,14,18,8,7,11,4,3,14,20,12,13,9,4,11,21,15,19,27,26,18,14,38,37,34,23,34,15,11,47,67,39,17,23,13,15,90,62,64,46,51,15,15,90,116,66,54,70,19,24,97,131,77,44,49,21,29,103,140,78,51,18,17,21,126,175,90,118,27,21,17,157,141,123,110,98,0,0,185,122,0,159,94,25,19,54,152,96,115,59,17,21,133,115,81,82,72,29,29,71,109,100,93,78,25,22,92,147,79,64,47,14,12,31,135,89,63,50,24,16,104,99,70,45,46,14,21,48,128,42,30,36,17,16,45,133,46,40,34,15,22,41,79,31,27,31,40,7,61,50,38,28,24,7,15,82,75,30,24,17,5,12,51,49,34,43,33,11,26,49,61,47
NewMexico,0,5,5,0,8,9,2,3,0,13,7,6,9,6,0,6,7,11,8,7,13,5,6,7,3,9,10,9,8,11,12,11,11,6,6,5,6,7,11,8,0,15,3,5,4,6,9,7,5,6,5,8,8,4,5,4,4,4,6,10,0,11,4,5,7,5,4,8,2,3,0,7,4,5,4,2,1,1,4,3,3,8,2,0,2,4,8,6,6,4,2,3,3,6,5,3,4,2,7,10,3,5,5,6,7,5,7,6,3,7,9,3,1,3,9,2,6,6,4,5,3,2,2,6,8,3,4,5,6,5,5,4,2,4,3,3,9,3,2,1,9,8,3,1,3,6,3,4,0,6,3,2,3,2,0,7,2,4,5,6,2,2,3,3,2,6,5,0,3,2,2,5,5,3,2,2,0,2,3,3,5,4,4,3,3,1,6,1,5,1,7,8,3,7,5,2,9,4,11,3,13,11,8,10,9,14,23,6,16,14,12,14,14,18,22,10,7,21,28,26,12,23,25,33,17,28,23,18,35,23,13,28,21,40,44,33,32,11,7,0,67,23,43,24,44,21,28,43,54,25,27,16,9,23,40,29,35,9,30,36,21,33,41,25,32,17,23,20,47,39,30,22,17,15,30,13,29,38,36,22,26,17,34,35,33,38,30,12,14,27,28,22,17,18,12,15,28,17,23,8,13,13,18,31,18,23,14,13,9,12,12,18,19,11,14,11,9,14,13,14,15,16,13,11,13,16,18,9,12,3,19,9,6,4,1,2,1,7,12,5,5,7,0,3,11,6,7,7,2,0,0,7,5,5,7,0,0,4,8,2,11,2,0,0,3,9,8,1
NewYork,644,785,758,3263,2299,503,637,327,439,324,1538,428,606,267,374,249,552,104,449,162,512,277,116,513,516,100,375,33,340,294,190,159,235,172,187,110,212,79,109,112,173,110,89,73,176,45,112,65,74,123,52,51,147,62,44,92,43,42,80,38,178,37,30,33,50,30,35,41,66,42,51,56,25,44,41,26,29,6,629,10,21,73,20,49,13,24,8,32,46,12,7,45,13,19,19,17,13,17,11,14,38,36,2,12,22,15,8,5,24,6,5,16,9,6,29,2,4,8,6,7,6,10,8,22,6,7,6,11,8,-3,3,7,12,4,31,3,5,8,4,13,6,9,6,4,6,5,0,15,14,4,0,0,4,0,7,8,4,27,15,-4,6,72,104,1,5,14,3,7,9,8,14,8,38,3,14,13,7,12,8,30,5,3,13,8,10,23,9,14,13,16,7,8,23,11,9,8,8,16,10,19,29,6,23,11,10,20,64,15,13,20,20,16,23,14,19,17,22,23,96,31,28,38,44,24,27,23,26,56,38,38,48,48,59,60,62,58,70,61,80,90,68,87,98,88,118,76,124,108,128,129,124,114,133,158,150,149,132,130,125,131,141,153,141,174,120,146,178,146,166,204,165,190,162,200,185,170,240,204,172,188,182,193,215,200,187,164,194,213,180,162,206,185,178,182,172,171,166,150,168,201,179,124,170,172,140,147,156,134,116,134,125,167,158,112,111,106,111,120,105,125,110,117,102,97,117,114,104,94,88,65,79,92,117,68,94,104,63,93,62,91,73,67,25,18,18,255,72,58,81,89,138,53,89,76,83,94,82,72,45,92,56,79,59,81,86,52,94,69
NorthCarolina,5,18,18,20,27,10,13,18,27,20,16,13,11,19,16,23,19,24,13,12,3,8,30,20,21,17,21,13,11,25,25,16,26,9,10,7,0,33,2,47,3,6,6,11,43,32,43,10,8,11,13,38,7,9,13,4,9,27,22,16,15,6,5,8,29,12,7,14,13,8,55,18,29,11,12,5,-1,5,23,18,11,10,3,1,9,14,16,15,20,16,9,7,42,18,18,16,25,4,25,28,27,24,33,22,6,21,22,28,34,20,37,4,60,18,24,41,34,24,8,7,49,32,7,26,30,4,1,48,35,34,29,27,10,4,35,36,24,22,31,9,10,39,38,24,36,50,1,7,12,49,32,33,24,5,8,51,38,31,27,28,8,4,39,30,40,53,31,1,4,49,38,47,29,21,5,3,33,23,29,25,18,5,3,43,40,18,36,19,5,5,53,40,50,32,30,13,13,41,34,38,49,46,5,7,67,50,41,34,23,2,8,45,38,8,14,36,50,8,38,46,38,43,26,29,5,35,64,0,72,9,21,21,23,82,44,57,49,27,17,45,56,53,38,44,27,32,26,98,86,60,59,40,16,51,69,0,0,166,23,12,13,155,19,0,144,18,31,55,80,137,115,97,142,11,60,107,80,108,83,67,0,56,61,139,125,122,109,25,56,139,131,111,130,48,7,67,169,150,113,85,57,8,55,135,113,82,77,38,10,61,108,96,54,76,30,8,31,109,63,49,26,0,42,34,75,36,47,56,0,33,17,43,27,41,28,0,18,13,35,26,22,15,0,16,18,40,93,41,0,0,57,2,25,24,0,0,0,37,16,23,12,24,0,0,42,15,20,34
NorthDakota,1,0,1,0,0,0,0,0,4,1,1,0,1,1,2,0,0,0,4,1,1,0,0,6,0,2,2,0,1,2,2,0,2,0,1,1,1,4,2,1,0,1,1,0,2,1,2,1,1,0,4,1,0,5,1,0,0,0,1,1,0,0,0,0,0,0,1,1,0,1,0,1,0,0,0,0,1,0,0,1,0,0,0,0,0,4,1,0,0,2,0,0,1,0,1,1,0,2,1,1,2,1,2,0,0,0,1,2,1,0,0,2,0,2,1,1,1,2,0,1,5,2,0,1,0,4,1,2,2,0,2,3,1,1,1,0,1,0,2,1,1,2,3,2,0,5,1,0,0,1,3,4,3,1,2,2,5,5,2,8,0,1,3,7,8,8,8,4,3,5,7,10,8,7,3,3,3,24,6,11,15,1,8,12,8,5,18,11,5,4,4,10,9,9,8,8,5,15,12,11,13,12,7,9,15,12,29,17,15,11,5,30,12,11,10,19,10,7,32,16,10,23,16,6,6,37,4,10,5,13,5,7,27,12,11,12,18,6,9,0,58,23,21,22,0,5,13,25,9,21,6,0,2,5,5,17,4,0,2,4,6,6,17,17,1,0,2,17,5,7,11,1,0,0,3,1,8,23,8,3,0,2,1,13,6,8,0,0,4,1,1,2,3,0,0,0,0,0,4,2,0,1,3,2,1,1,0,0,0,0,0,4,0,2,1,0,1,1,1,1,3,0,0,2,1,0,0,1,0,0,0,2,4,1,2,0,0,1,1,0,1,1,0,0,2,1,2,1,0,0,0,0,0,0,0,0,0,-1,2,0,0,2,1,0,0,2,1,1
Ohio,36,35,36,34,48,35,31,43,38,43,40,48,31,50,46,55,41,30,49,42,43,29,38,42,40,39,40,34,26,39,37,27,45,34,36,38,33,29,37,32,43,27,27,20,26,20,27,21,30,30,21,29,22,17,23,11,16,14,13,13,25,21,19,14,8,13,13,17,8,7,17,12,8,9,14,14,16,16,6,17,11,13,12,15,13,15,12,20,17,20,14,13,13,12,21,14,24,29,24,13,26,23,29,30,19,24,31,34,26,24,14,23,19,16,24,25,26,18,23,25,24,19,29,27,19,20,15,23,23,24,30,26,29,23,25,22,23,25,19,21,24,25,25,22,15,20,20,17,17,21,20,23,22,18,17,12,11,22,25,7,13,16,18,22,18,24,12,17,19,21,18,20,10,15,13,16,23,26,27,17,25,17,28,22,19,25,26,33,27,29,26,37,34,34,33,40,30,40,42,40,41,37,52,49,53,53,56,52,71,61,77,73,60,79,71,63,77,69,79,98,107,121,123,130,110,126,138,110,144,149,150,156,156,167,150,187,176,178,177,191,187,194,182,189,180,184,185,211,207,209,187,188,193,199,155,141,157,182,175,182,160,148,152,144,153,134,164,135,153,119,140,131,146,142,148,144,118,142,121,119,125,102,97,100,121,98,108,101,85,80,82,85,83,73,70,76,84,70,63,69,60,65,59,46,50,51,36,43,55,50,47,39,45,37,33,37,25,31,35,30,27,26,29,29,30,27,25,21,26,23,22,25,21,23,23,15,18,13,16,17,22,16,16,14,12,12,20,14,14,12,12,12,18,14,21,8,20,13,27,23,23,20,9,21,10,11,20,16
Oklahoma,3,9,15,8,5,0,4,3,21,6,9,9,6,1,2,10,7,8,8,8,0,0,9,6,7,6,4,2,2,4,0,6,1,3,0,0,5,6,5,3,4,0,2,5,4,3,4,5,0,0,5,2,3,1,2,1,0,6,2,2,2,-1,0,0,4,1,2,1,1,1,0,2,1,3,2,7,1,0,2,2,6,3,0,0,1,5,3,3,6,5,1,2,4,4,6,7,6,0,1,9,13,3,7,12,0,0,13,14,13,5,8,1,1,15,17,10,7,3,0,2,13,9,11,6,13,4,4,14,20,10,6,10,1,4,14,19,15,8,11,2,1,8,13,14,11,4,3,0,1,9,13,12,11,6,0,7,12,6,9,4,3,2,14,8,11,12,11,2,1,11,13,4,9,7,0,4,11,9,10,6,4,3,6,15,13,11,11,8,9,2,18,19,11,13,11,4,2,22,13,20,20,11,8,9,21,17,21,16,0,9,6,7,19,11,12,23,12,10,6,26,18,15,21,10,15,15,16,0,24,13,19,7,15,54,24,24,14,22,15,11,23,35,27,35,22,8,14,42,16,17,28,23,6,22,43,45,0,29,13,13,22,48,36,0,38,20,5,19,62,39,31,35,23,14,29,44,34,43,27,35,7,43,48,55,47,44,48,14,30,65,35,48,33,43,17,38,52,27,29,51,52,4,53,30,48,11,35,30,17,20,28,23,20,23,26,22,24,37,38,18,59,49,50,56,0,0,0,0,0,0,167,0,0,0,0,0,0,87,0,0,0,0,0,0,0,62,0,0,0,0,0,0,103,0,0,0,0,0,0,1716,0,0,0,0,0,0,28,0
Oregon,1,2,3,6,6,2,2,1,3,0,5,3,1,5,0,7,2,2,1,5,0,0,4,2,6,3,3,0,3,0,4,3,0,0,0,1,2,4,1,2,0,1,0,0,0,3,0,2,0,1,3,2,0,2,0,2,1,5,0,2,2,0,0,7,2,1,4,1,0,0,4,0,3,2,5,0,0,2,3,1,1,0,4,2,0,5,4,6,2,0,2,3,7,3,2,5,3,3,2,7,2,2,9,0,7,0,14,8,5,6,3,1,2,5,5,1,9,7,1,1,11,7,8,2,1,2,0,9,11,4,2,3,0,3,8,5,5,9,7,4,1,5,4,2,5,5,1,1,4,8,3,2,6,4,0,10,2,0,0,4,1,3,3,6,1,3,0,1,4,8,4,1,3,8,1,0,9,2,11,3,2,0,0,6,3,3,6,2,1,7,6,2,0,14,4,0,2,9,7,2,2,14,2,1,9,4,5,6,13,1,4,3,5,4,7,6,2,4,13,10,20,4,7,1,6,21,20,0,18,11,9,7,24,17,20,30,24,6,12,35,30,13,15,12,5,6,52,49,21,21,36,1,6,35,21,12,0,7,5,6,16,19,9,0,15,8,6,44,8,10,7,28,1,9,54,41,29,21,41,1,3,5,24,11,22,12,3,2,22,20,6,8,19,0,1,23,10,7,4,18,3,1,7,13,12,38,43,0,0,1,5,6,0,5,1,1,6,32,10,2,2,0,4,13,27,32,9,3,0,2,5,2,11,3,3,0,2,22,3,4,4,5,1,2,2,1,2,3,2,0,0,6,2,2,0,6,1,2,33,7,5,1,0,0,1,5,3,6
Pennsylvania,38,106,87,74,83,121,239,77,254,64,56,21,53,28,81,162,316,97,165,59,32,127,315,161,240,122,59,36,28,81,176,181,133,61,18,15,116,141,101,144,100,25,15,18,96,100,87,73,19,14,99,73,83,65,33,13,11,56,50,52,48,51,7,28,31,43,41,37,19,5,4,39,53,39,21,24,4,9,37,33,25,33,3,4,2,32,23,36,31,18,7,10,21,25,26,21,12,9,3,20,26,16,22,9,3,5,24,14,23,11,12,4,2,24,7,29,14,14,1,3,29,36,16,39,17,3,0,22,33,13,17,18,2,2,24,29,8,20,14,2,0,19,26,19,10,15,0,21,8,14,13,23,0,1,27,6,22,11,26,21,21,23,18,35,17,11,18,3,2,13,27,15,19,18,15,12,16,23,21,21,33,6,18,14,29,23,22,9,23,10,41,28,28,32,28,11,12,24,23,36,29,26,3,10,30,37,45,39,37,4,3,72,57,49,28,43,39,25,34,117,110,107,100,43,28,80,142,105,25,43,66,38,172,174,183,182,142,70,65,203,198,235,214,194,125,66,247,318,216,218,211,89,58,318,257,255,135,24,118,90,288,320,288,215,28,58,101,199,358,262,207,252,94,88,245,347,300,225,214,113,75,83,387,255,204,187,79,62,227,216,190,169,128,58,39,125,141,130,160,145,64,29,142,126,114,104,95,25,21,15,185,98,76,75,27,16,97,78,80,58,1,73,16,76,65,78,44,53,29,12,45,39,40,32,2,1,56,95,39,22,36,27,14,-23,43,36,41,31,28,12,21,38,46,35,24,32,8,7,38,51,43,45,33,4,6,56,50,48
RhodeIsland,9,8,17,14,21,15,11,10,18,18,15,15,14,14,10,22,18,24,14,24,21,18,16,21,21,22,15,14,15,22,13,15,14,15,10,18,11,22,20,11,13,8,10,15,10,8,12,12,3,5,10,11,12,11,6,4,4,1,4,6,2,3,3,5,8,6,7,3,4,2,2,7,5,1,1,5,6,1,5,1,3,3,2,2,4,2,0,0,3,3,3,1,1,0,1,2,4,2,2,1,1,0,0,3,1,1,1,0,1,1,1,2,1,2,2,0,2,1,0,1,3,1,0,3,0,7,2,5,0,3,2,1,1,1,1,1,2,2,2,2,1,2,2,3,1,1,1,1,2,1,1,0,3,0,2,2,5,0,2,4,4,2,1,0,1,1,1,0,2,1,1,2,2,2,2,4,0,2,4,3,2,6,5,7,2,2,2,2,2,1,4,3,3,3,1,2,3,5,3,4,5,3,4,6,1,4,4,5,1,6,4,6,9,5,2,10,8,6,5,7,5,7,10,12,12,12,7,12,9,4,9,7,13,14,12,12,16,15,24,21,15,26,20,19,30,15,16,19,17,15,20,14,11,18,10,17,21,11,13,14,17,11,19,14,13,17,18,13,19,11,13,14,12,21,14,11,10,16,15,8,18,12,24,9,16,8,16,13,11,7,14,7,9,8,11,14,14,7,6,7,12,8,7,10,10,5,7,3,3,8,1,2,6,3,3,2,5,4,3,0,0,0,15,8,9,5,2,0,0,8,7,3,4,4,0,0,9,7,5,6,1,0,0,9,2,0,1,1,0,0,5,5,1,5,6,0,0,-1,3,3,1,2,0,0,0,2,2,4
SouthCarolina,0,15,9,5,5,3,1,3,1,16,10,7,9,8,3,15,39,13,12,11,8,8,13,9,11,4,10,1,15,9,7,9,9,0,5,6,8,8,9,3,6,10,5,6,20,4,13,4,7,6,1,0,0,38,0,7,11,11,7,13,5,6,1,2,5,10,4,18,5,9,6,14,10,10,1,17,5,4,19,27,18,9,20,7,7,19,38,21,24,22,10,11,21,5,72,26,39,20,9,57,64,49,51,80,26,15,59,50,52,45,39,26,16,54,47,48,20,45,24,17,50,46,40,20,56,9,19,55,17,41,58,34,11,7,18,44,55,27,43,11,11,37,37,13,39,31,10,20,5,30,33,53,12,24,13,21,34,26,19,11,11,13,31,19,17,18,26,3,11,22,19,22,9,33,11,3,15,31,12,16,21,1,7,17,17,14,8,22,13,11,35,12,47,22,16,9,21,19,34,13,7,39,1,10,22,17,7,13,10,21,5,21,14,8,17,9,2,31,13,26,19,30,43,9,5,25,4,0,29,0,7,28,23,40,22,30,21,49,13,6,27,15,46,12,54,12,5,44,43,29,23,40,27,14,52,15,0,81,31,18,25,51,47,0,89,84,15,14,84,79,34,63,53,15,34,51,23,103,71,129,11,11,69,45,31,75,68,5,26,95,230,39,72,28,241,35,76,93,66,58,40,39,3,49,95,57,17,87,36,21,62,38,58,43,68,8,25,41,45,34,21,48,16,14,44,40,39,20,35,6,3,18,41,11,37,5,3,3,52,5,28,11,30,20,3,25,28,9,12,18,0,4,20,28,5,17,0,7,1,9,24,11,25,3,0,13,15,3
SouthDakota,0,0,0,1,0,0,0,0,1,1,0,1,0,1,0,0,2,4,4,0,0,0,3,5,2,0,3,0,0,5,0,4,1,0,0,0,2,0,2,2,0,0,0,0,4,0,5,3,0,0,0,0,2,0,1,0,0,3,1,4,1,1,0,0,2,1,0,3,0,0,0,2,1,3,1,3,0,0,0,2,4,0,0,0,0,1,0,3,6,2,0,0,0,2,4,1,0,2,0,0,1,2,1,0,1,0,0,6,0,1,4,1,0,1,1,4,3,2,0,0,0,1,1,2,2,1,0,1,1,2,2,1,1,0,0,1,0,3,2,0,0,0,2,0,1,3,0,0,0,0,4,0,6,1,0,0,8,1,2,5,2,0,0,0,8,6,2,0,0,5,0,13,1,11,0,0,0,10,14,5,9,0,2,0,3,13,3,8,8,0,7,3,14,9,10,9,0,0,9,19,12,10,12,1,8,14,22,28,13,13,1,3,27,0,1,53,23,0,0,30,31,36,36,42,0,2,28,0,39,54,1,3,2,47,38,31,27,19,0,1,36,30,33,33,16,0,2,39,1,28,21,11,20,0,8,41,0,16,0,0,0,18,24,0,13,12,0,0,6,25,12,14,15,0,0,19,10,15,4,23,11,0,0,6,11,12,9,0,0,34,24,5,7,3,0,1,3,6,10,6,5,0,0,6,14,2,7,6,0,0,0,3,6,6,4,0,0,1,8,7,7,2,0,0,5,3,0,2,2,1,0,3,1,2,2,3,0,0,3,4,0,3,1,0,0,1,3,1,5,0,0,2,0,3,0,0,0,0,0,0,1,7,0,0,1,0,1,1
Tennessee,3,15,0,12,5,1,6,4,5,0,14,-2,8,4,3,4,7,4,5,5,1,9,7,13,-1,4,0,1,8,15,7,14,3,5,3,3,4,0,8,2,14,7,2,5,10,3,5,3,0,0,17,7,13,7,9,1,3,14,2,4,25,6,2,8,11,5,10,7,9,2,5,11,14,11,10,7,0,8,12,5,11,13,4,8,7,13,20,25,13,15,3,8,18,16,13,19,23,5,4,24,17,37,13,26,3,11,21,21,13,27,7,6,19,25,27,42,20,9,8,10,38,18,24,13,19,21,21,37,28,36,61,14,4,21,40,20,25,28,24,22,7,27,16,18,22,25,3,4,27,35,57,37,39,14,19,30,24,13,32,20,2,15,28,16,35,40,22,3,12,31,34,47,14,45,17,20,24,21,63,27,26,9,7,23,31,36,7,32,6,13,30,18,41,65,24,31,32,44,34,22,78,12,0,26,75,24,31,32,49,5,15,62,89,27,64,25,16,30,72,53,80,74,9,55,35,71,94,53,7,15,13,48,36,50,93,95,29,38,66,100,62,69,87,73,62,79,74,53,177,115,0,111,65,133,111,51,0,12,69,76,122,100,97,0,63,55,143,99,112,113,126,86,81,80,146,137,84,79,44,36,39,41,85,128,93,42,40,111,192,154,101,44,113,76,103,147,133,169,203,58,6,97,65,100,81,81,9,31,4,17,31,72,7,51,18,20,45,68,55,56,16,18,10,15,23,42,33,9,4,9,32,18,17,16,0,0,-1,12,8,23,28,0,0,4,34,45,4,20,0,0,50,28,10,11,0,0,0,14,38,9,21,4,0,0,14,7,10,9
Texas,31,26,43,34,39,22,20,21,32,22,49,18,15,21,18,47,39,44,35,35,23,25,19,29,33,35,36,33,29,37,22,71,47,39,23,12,35,42,23,11,13,44,11,14,34,21,19,39,17,12,24,29,37,25,27,10,11,19,31,30,30,19,17,23,51,38,32,32,30,14,23,26,40,47,39,41,24,30,29,56,45,54,36,33,55,101,93,134,63,79,90,73,86,154,170,149,129,84,112,116,233,196,182,175,125,696,213,258,256,140,288,17,164,240,381,860,276,209,109,92,-22,304,238,304,190,134,57,222,243,251,233,153,124,57,174,192,222,168,128,77,41,135,177,186,126,144,77,47,102,130,16,277,107,80,44,142,138,88,111,91,43,51,104,123,138,102,103,42,63,87,109,114,99,70,30,116,91,120,106,96,78,31,32,89,104,94,95,70,30,24,74,93,17,116,137,47,38,84,106,117,108,74,52,42,105,140,128,131,103,46,54,121,139,275,29,130,90,47,116,178,210,172,153,91,55,194,195,181,61,104,69,72,202,211,226,232,211,80,58,170,269,197,232,183,95,47,210,266,246,330,184,114,110,178,258,288,183,24,55,75,231,305,325,293,83,54,74,238,310,380,630,185,166,106,310,382,416,393,342,172,111,321,459,451,439,344,186,179,330,457,415,358,274,150,171,374,420,414,440,289,140,160,317,349,387,366,248,124,63,50,110,134,202,209,121,139,220,310,254,291,143,178,212,277,277,294,290,202,66,96,171,214,211,222,137,57,96,132,176,198,173,100,48,100,81,162,133,125,92,54,41,108,10,243,104,77,21,32,86,103,99,104,67,24,19,58,70,82
Utah,-5,5,2,0,3,2,2,1,4,0,3,4,2,0,0,0,4,1,0,3,1,0,6,2,3,0,5,1,1,5,2,0,2,1,2,0,8,2,2,1,4,0,1,3,4,1,1,5,1,0,0,4,0,3,1,0,3,3,1,3,8,0,0,4,2,4,3,3,0,3,0,5,0,1,2,1,0,1,4,1,3,5,0,3,6,4,7,4,2,5,3,1,10,7,1,1,8,0,4,4,9,7,6,1,0,7,5,6,8,4,6,1,3,7,6,3,5,0,1,9,4,2,2,7,3,0,1,5,8,4,2,2,0,5,7,4,2,4,0,0,0,2,1,4,5,1,2,1,1,3,3,1,2,0,3,0,1,0,0,3,0,1,2,1,0,4,0,5,0,4,2,0,15,2,2,4,6,8,5,4,5,7,5,0,5,2,8,3,3,3,5,6,6,4,1,4,2,4,10,10,3,3,10,0,6,5,7,17,9,1,2,11,6,9,14,9,8,5,9,8,16,17,14,6,4,11,26,0,15,14,5,3,19,16,11,8,14,0,10,23,23,21,9,13,17,7,15,19,30,14,8,7,6,12,23,8,0,8,2,5,16,21,13,0,25,7,4,7,18,29,22,9,2,4,26,27,11,12,13,8,7,7,10,30,24,11,13,2,16,7,0,35,8,2,3,17,12,14,17,5,3,2,10,17,9,11,5,4,2,1,9,7,21,8,10,1,12,14,11,17,22,6,5,9,6,11,4,5,1,1,13,2,23,2,4,6,0,5,5,4,17,2,2,0,15,5,6,3,10,13,0,4,4,3,6,1,0,1,4,2,10,8,2,0,0,2,0,1
Vermont,1,1,0,4,2,3,0,0,2,0,3,1,2,0,1,0,0,2,1,1,2,-1,0,0,1,0,0,0,0,0,0,0,0,0,1,0,0,0,0,0,0,0,0,0,0,1,0,0,0,0,0,0,0,0,0,0,0,0,0,0,0,0,0,0,0,0,1,0,0,0,0,0,0,0,0,0,0,0,0,0,0,0,0,0,0,0,0,0,0,0,0,0,0,0,0,0,0,0,0,0,0,0,0,0,0,0,0,0,1,0,0,0,0,0,0,1,0,0,0,0,0,0,0,0,0,0,0,0,0,0,0,0,0,0,0,0,0,0,0,0,0,0,0,0,0,0,0,0,0,0,0,0,0,0,0,0,0,0,0,0,0,0,0,0,0,0,0,0,0,0,0,0,0,0,0,0,0,0,0,0,0,0,0,0,0,0,0,0,0,0,0,0,0,0,0,0,0,0,0,0,0,0,0,0,0,0,0,0,1,0,0,0,0,0,0,0,0,0,0,1,1,1,1,0,0,1,0,0,3,0,0,2,3,2,1,2,2,0,2,4,1,3,4,2,0,1,4,5,0,2,1,3,0,1,5,3,0,1,6,2,1,4,2,0,3,1,4,5,3,3,1,0,0,0,2,0,4,1,0,0,0,0,2,3,1,1,0,1,0,1,0,0,1,1,1,1,3,2,0,1,1,0,3,1,1,1,0,0,1,1,0,2,0,3,1,1,1,2,2,1,0,0,1,1,1,0,0,1,0,0,3,0,0,1,2,0,0,1,2,0,0,2,0,0,1,2,1,1,0,1,0,0,2,0,1,1,0,0,0,1,0,1,0,0,2,0,4,3
Virginia,8,5,41,13,23,27,19,23,24,25,24,38,26,12,11,32,30,30,29,36,43,24,29,0,56,43,15,12,11,42,36,28,22,25,7,5,27,33,25,36,23,12,37,28,45,57,20,12,5,17,15,21,17,9,7,11,5,19,18,6,14,7,5,6,18,13,3,16,5,4,9,25,16,14,25,24,8,8,23,23,30,29,4,4,0,28,24,32,21,4,4,2,9,15,15,6,12,2,4,17,3,3,13,8,3,4,13,30,16,33,41,3,0,26,30,25,18,5,4,1,17,8,11,7,11,0,4,11,14,17,9,7,24,4,23,21,12,23,18,1,11,32,29,11,10,15,1,6,2,11,11,3,11,2,19,96,45,36,29,41,25,6,39,29,24,23,8,15,13,15,21,20,22,20,3,3,15,12,25,16,10,4,3,11,9,7,20,14,11,24,28,30,9,15,39,1,2,19,16,20,7,11,1,3,8,11,11,-6,22,3,6,13,15,17,27,14,1,6,29,25,36,16,26,0,4,37,29,21,15,10,4,4,31,20,34,13,37,3,8,52,21,54,35,39,2,3,56,38,45,45,45,7,4,51,55,31,29,20,14,7,59,64,48,49,36,7,8,59,35,49,37,69,2,10,84,75,74,30,50,23,10,59,63,79,62,77,-1,3,93,54,80,71,70,15,10,43,58,75,82,41,5,42,78,34,26,8,30,16,4,21,38,15,8,99,134,155,172,149,156,234,185,170,231,160,383,31,71,91,77,87,107,59,53,59,24,34,41,44,50,28,-90,12,13,10,10,6,4,7,24,20,21,23,10,16,11,8,42,31,41,14,21,15,7,14,14,20,4,19
Washington,20,17,10,21,19,17,24,19,16,9,13,15,17,20,11,10,8,8,14,12,12,11,13,13,14,16,11,16,6,16,6,8,12,8,11,6,7,4,9,5,9,9,4,6,11,4,6,2,6,5,6,5,11,5,4,11,10,5,1,12,5,4,2,2,8,6,7,7,4,5,5,10,3,4,11,7,4,5,6,6,10,9,7,7,9,9,8,16,9,7,5,9,12,3,6,6,7,9,11,12,8,9,13,12,15,8,14,16,13,15,16,9,10,18,21,8,17,9,11,11,8,14,10,15,11,11,7,7,12,8,4,5,4,7,6,15,9,8,5,5,8,6,6,6,2,10,6,4,2,4,7,7,6,5,7,9,8,6,8,5,8,6,11,6,6,7,4,7,7,5,7,10,7,6,4,8,11,5,7,7,3,3,12,4,9,4,5,6,10,10,6,11,11,7,11,8,9,10,12,4,11,14,8,5,10,12,12,14,5,11,10,14,7,13,11,16,12,15,12,13,12,16,22,17,19,14,17,19,14,19,17,31,21,23,17,26,18,16,22,10,7,11,6,2,0,0,0,101,75,-13,0,0,2,25,31,22,0,0,0,11,174,51,41,0,0,-2,23,59,64,29,65,-1,0,1,90,49,38,27,0,0,0,37,0,125,49,0,0,34,19,44,32,42,0,0,33,-2,72,28,33,0,0,2,107,45,30,42,0,0,0,34,50,44,19,0,0,35,24,31,30,14,0,0,13,19,24,20,9,0,0,22,14,23,7,16,0,0,12,14,7,12,6,0,0,9,3,14,13,5,0,0,8,11,10,15,16,0,0,7,14,7,10,6,0,0,7,11,17,5
WestVirginia,2,1,1,2,4,0,2,6,2,1,4,1,0,2,0,4,0,3,5,2,0,0,0,2,1,1,0,2,0,4,0,2,4,0,3,1,0,1,1,2,0,0,0,0,2,0,0,1,0,1,2,0,1,5,0,0,0,0,1,1,2,0,0,0,0,0,0,0,0,1,0,3,0,0,0,1,0,0,0,0,0,0,1,0,1,0,0,0,0,1,0,1,0,1,1,1,0,0,0,1,0,1,1,0,0,1,4,3,1,4,0,1,0,7,0,0,3,4,8,2,6,6,0,4,3,0,0,2,4,1,4,6,2,0,8,3,8,3,14,-1,1,9,9,7,5,1,3,-1,4,3,3,6,2,1,11,5,10,4,3,11,3,1,5,2,6,7,2,2,3,8,5,4,2,2,1,3,3,5,1,6,5,-2,3,2,3,2,3,3,1,0,9,3,6,4,0,1,1,8,4,7,8,6,1,1,10,3,8,7,14,1,31,11,7,2,10,9,8,3,13,14,11,16,19,4,5,15,13,17,0,6,11,6,23,20,11,10,30,9,3,29,31,20,17,28,2,10,34,27,32,20,31,6,1,42,23,34,19,6,1,9,21,34,20,23,12,3,20,46,39,37,36,16,12,12,40,37,31,31,28,15,8,31,21,13,7,16,23,4,29,25,30,23,9,9,4,3,27,22,20,19,10,2,19,25,12,13,1,9,2,4,9,11,12,6,7,2,11,11,5,1,6,3,0,1,8,0,9,5,2,0,1,4,8,173,8,11,1,15,19,5,30,0,6,6,1,6,5,4,3,3,4,2,36,7,5,5,2,1,11,15,13,2,5,3,0,2,9,16
Wisconsin,10,16,13,14,9,6,8,10,14,4,10,5,3,6,9,19,8,8,11,7,5,1,13,9,12,10,14,2,9,9,3,13,11,8,0,6,8,14,6,9,11,3,4,3,22,11,18,20,4,3,12,9,10,7,12,2,-1,15,10,11,7,2,1,2,9,10,6,11,14,0,1,5,7,9,0,11,0,0,7,2,7,3,0,0,0,9,2,2,5,7,-1,0,6,1,4,2,10,1,2,13,6,13,0,13,1,1,13,5,8,15,13,1,1,12,9,8,12,6,2,0,8,5,7,7,13,1,0,0,21,7,1,13,0,0,13,6,11,2,6,3,0,8,12,4,7,15,0,0,0,15,10,4,12,1,0,10,8,3,7,3,1,2,7,8,6,9,7,0,2,17,27,21,5,19,5,4,18,16,9,16,18,7,9,34,28,17,21,0,0,26,33,48,22,42,25,8,10,64,45,51,24,59,16,3,52,54,38,62,45,11,17,66,62,164,62,56,12,13,103,58,85,81,52,7,8,114,71,72,19,30,23,7,117,92,70,69,92,18,21,81,88,67,57,58,15,13,56,85,68,71,90,21,8,128,74,66,6,4,10,21,92,40,50,12,2,5,8,97,69,42,52,38,3,5,58,46,49,42,135,1,20,47,62,55,45,49,6,9,65,38,32,56,40,4,2,44,16,49,30,36,2,1,49,42,18,11,10,1,4,39,10,18,36,19,0,0,39,26,58,5,15,0,0,36,19,13,12,9,3,0,28,16,10,4,14,-2,1,5,19,7,14,18,0,0,0,23,4,4,3,0,3,15,23,11,10,5,-1,1,8,7,14,5,4,1,3,11,8,4
Wyoming,1,0,0,1,0,0,0,0,0,4,1,0,0,0,0,0,0,0,0,0,0,0,0,0,0,0,0,0,0,0,0,0,0,0,1,2,0,1,1,0,0,0,0,1,1,1,0,1,0,1,0,0,0,0,0,0,0,0,1,0,0,0,0,0,0,0,0,2,0,0,0,0,0,0,0,0,0,0,0,0,0,0,0,0,0,1,0,0,0,0,0,0,1,0,2,0,0,1,-1,1,0,0,0,0,0,0,1,0,0,0,0,0,1,0,0,0,1,0,0,0,1,0,1,0,0,0,0,0,4,0,3,0,0,0,0,0,0,0,0,0,0,0,4,0,1,0,0,0,0,0,0,0,0,0,0,0,8,-1,0,0,0,0,0,1,0,0,0,0,0,0,0,3,0,0,0,0,0,0,1,0,0,0,0,3,0,0,0,0,0,0,4,0,7,0,0,0,9,0,0,10,0,0,0,10,-4,12,0,0,9,0,0,13,0,0,0,17,0,0,11,0,21,0,0,0,26,0,13,0,0,0,0,0,24,0,27,0,0,0,23,0,10,0,22,0,0,0,7,0,23,0,0,0,0,22,0,0,0,0,0,32,0,0,33,0,0,0,0,26,0,25,0,0,0,0,33,0,0,0,0,0,0,28,0,0,21,0,0,0,25,0,0,0,0,0,0,28,0,0,0,0,0,0,23,0,0,0,0,0,0,15,0,0,0,0,0,0,9,0,0,0,0,0,0,11,0,0,0,0,0,0,9,0,0,0,0,0,0,2,0,0,0,0,0,0,2,0,0,0,0,0,0,0,5,0,0,0,0,0,1,0,0,0,0,0,0,2,0,0
PuertoRico,1,0,6,5,2,2,2,1,1,-1,6,8,6,1,0,2,0,6,2,1,2,0,2,0,3,5,1,3,2,1,1,2,5,0,1,1,0,1,1,0,1,0,2,0,0,2,1,1,3,0,2,2,0,1,1,0,0,0,1,1,2,0,1,0,0,0,0,0,0,2,0,0,0,2,0,1,1,0,0,0,0,1,1,0,0,2,2,0,0,8,0,0,2,2,1,5,1,0,2,0,5,3,3,10,0,0,8,2,3,5,6,5,0,7,9,12,7,9,5,0,8,8,11,11,12,6,0,11,10,11,7,7,9,0,5,9,8,12,4,6,0,1,8,5,7,9,13,0,5,18,12,11,12,4,3,9,19,18,11,6,3,1,4,4,10,8,7,2,4,6,7,4,8,8,5,9,1,9,10,5,8,2,5,3,4,1,15,3,5,2,1,5,9,8,3,7,3,4,5,1,6,2,10,7,3,8,5,7,0,10,10,7,12,8,5,7,14,7,9,20,11,9,21,5,15,6,14,17,7,7,11,12,16,22,11,18,12,7,11,3,13,19,11,17,6,10,12,18,11,10,9,26,14,9,17,15,9,0,13,11,4,24,19,18,5,19,10,7,8,18,4,24,14,12,3,14,20,13,11,0,0,0,14,15,29,10,2,5,5,11,7,11,11,6,7,10,7,8,6,5,11,5,5,4,5,5,8,4,1,4,6,10,7,10,22,4,3,21,9,7,9,4,1,3,8,5,3,3,0,0,7,0,7,4,0,3,1,2,2,4,3,4,0,2,2,3,3,3,3,0,0,1,5,3,5,0,5,5,3,2,5,6,2,1,7,12,8,3
