date,death,deathIncrease,inIcuCumulative,inIcuCurrently,hospitalizedIncrease,hospitalizedCurrently,hospitalizedCumulative,negative,negativeIncrease,onVentilatorCumulative,onVentilatorCurrently,positive,positiveIncrease,states,totalTestResults,totalTestResultsIncrease,recovered
1/19/20,0,0,0,0,0,0,0,0,0,0,0,1,1,1,0,0,0
1/20/20,0,0,0,0,0,0,0,0,0,0,0,1,0,1,0,0,0
1/21/20,0,0,0,0,0,0,0,0,0,0,0,2,1,1,0,0,0
1/22/20,0,0,0,0,0,0,0,0,0,0,0,2,0,2,1,1,0
1/23/20,0,0,0,0,0,0,0,0,0,0,0,2,0,2,2,1,0
1/24/20,0,0,0,0,0,0,0,0,0,0,0,2,0,2,2,0,0
1/25/20,0,0,0,0,0,0,0,0,0,0,0,2,0,2,2,0,0
1/26/20,0,0,0,0,0,0,0,0,0,0,0,2,0,2,2,0,0
1/27/20,0,0,0,0,0,0,0,0,0,0,0,2,0,3,3,1,0
1/28/20,0,0,0,0,0,0,0,0,0,0,0,2,0,3,3,0,0
1/29/20,0,0,0,0,0,0,0,0,0,0,0,2,0,4,5,2,0
1/30/20,0,0,0,0,0,0,0,0,0,0,0,2,0,4,5,0,0
1/31/20,0,0,0,0,0,0,0,0,0,0,0,2,0,4,8,3,0
2/1/20,0,0,0,0,0,0,0,0,0,0,0,2,0,4,8,0,0
2/2/20,0,0,0,0,0,0,0,0,0,0,0,2,0,4,8,0,0
2/3/20,0,0,0,0,0,0,0,0,0,0,0,3,1,4,11,3,0
2/4/20,0,0,0,0,0,0,0,0,0,0,0,3,0,4,15,4,0
2/5/20,0,0,0,0,0,0,0,0,0,0,0,3,0,4,15,0,0
2/6/20,0,0,0,0,0,0,0,0,0,0,0,5,2,4,16,1,0
2/7/20,0,0,0,0,0,0,0,0,0,0,0,5,0,4,16,0,0
2/8/20,0,0,0,0,0,0,0,0,0,0,0,5,0,4,18,2,0
2/9/20,0,0,0,0,0,0,0,0,0,0,0,5,0,4,18,0,0
2/10/20,0,0,0,0,0,0,0,0,0,0,0,5,0,5,19,1,0
2/11/20,0,0,0,0,0,0,0,0,0,0,0,5,0,5,20,1,0
2/12/20,0,0,0,0,0,0,0,0,0,0,0,5,0,5,21,1,0
2/13/20,0,0,0,0,0,0,0,0,0,0,0,6,1,5,22,1,0
2/14/20,0,0,0,0,0,0,0,0,0,0,0,7,1,5,22,0,0
2/15/20,0,0,0,0,0,0,0,0,0,0,0,7,0,6,26,4,0
2/16/20,0,0,0,0,0,0,0,0,0,0,0,7,0,6,28,2,0
2/17/20,0,0,0,0,0,0,0,0,0,0,0,7,0,6,29,1,0
2/18/20,0,0,0,0,0,0,0,0,0,0,0,7,0,6,29,0,0
2/19/20,0,0,0,0,0,0,0,0,0,0,0,7,0,6,35,6,0
2/20/20,0,0,0,0,0,0,0,0,0,0,0,7,0,6,36,1,0
2/21/20,0,0,0,0,0,0,0,0,0,0,0,7,0,6,37,1,0
2/22/20,0,0,0,0,0,0,0,0,0,0,0,7,0,6,38,1,0
2/23/20,0,0,0,0,0,0,0,0,0,0,0,8,1,6,38,0,0
2/24/20,0,0,0,0,0,0,0,0,0,0,0,9,1,6,40,2,0
2/25/20,0,0,0,0,0,0,0,0,0,0,0,10,1,6,41,1,0
2/26/20,2,2,0,0,0,0,0,0,0,0,0,12,2,6,41,0,0
2/27/20,2,0,0,0,0,0,0,0,0,0,0,13,1,7,6487,6446,0
2/28/20,4,2,0,0,0,0,0,0,0,0,0,15,2,7,6490,3,0
2/29/20,5,1,0,0,0,0,0,24,24,0,0,18,3,7,6552,62,0
3/1/20,8,3,0,0,0,0,0,85,61,0,0,42,24,10,6661,109,0
3/2/20,11,3,0,0,0,0,0,243,158,0,0,72,30,11,6873,212,0
3/3/20,14,3,0,0,0,0,0,452,209,0,0,114,42,14,7171,298,0
3/4/20,16,2,0,0,4,0,4,1388,936,0,0,240,126,24,8197,1026,0
3/5/20,20,4,0,0,1,0,5,2877,1489,0,0,305,65,30,9791,1594,0
3/6/20,26,6,0,0,1,0,6,4930,2053,0,0,437,132,39,12030,2239,0
3/7/20,27,1,0,0,0,0,6,5674,744,0,0,574,137,51,13011,981,0
3/8/20,31,4,0,0,0,0,6,6582,908,0,0,744,170,51,14184,1173,0
3/9/20,35,4,0,0,3,0,9,8353,1771,0,0,1020,276,51,16341,2157,0
3/10/20,37,2,0,0,0,0,9,11038,2685,0,0,1408,388,51,19562,3221,0
3/11/20,43,6,0,0,3,0,12,14953,3915,0,0,1828,420,51,24311,4749,0
3/12/20,51,8,0,0,5,0,17,20631,5678,0,0,2511,683,51,31313,7002,0
3/13/20,56,5,0,0,6,0,23,27445,6814,0,0,3354,843,51,41397,10084,0
3/14/20,64,8,0,0,4,0,27,33706,6261,0,0,4379,1025,51,51452,10055,0
3/15/20,79,15,0,0,10,0,37,40197,6491,0,0,5668,1289,51,61536,10084,0
3/16/20,100,21,0,0,6,0,43,60207,20010,0,0,7383,1715,56,86922,25386,0
3/17/20,124,24,0,0,33,325,76,78062,17855,0,0,9471,2088,56,113611,26689,0
3/18/20,152,28,0,0,18,416,94,99159,21097,0,0,12828,3357,56,146317,32706,0
3/19/20,203,51,0,0,34,617,128,126166,27007,0,0,17442,4614,56,185964,39647,0
3/20/20,273,70,0,0,44,1042,172,157496,31330,0,0,23544,6102,56,233760,47796,0
3/21/20,335,62,0,0,1849,1492,2021,201710,44214,0,0,30476,6932,56,289715,55955,0
3/22/20,480,145,0,0,962,2173,2983,236453,34743,0,0,39699,9223,56,340462,50747,0
3/23/20,581,101,0,0,950,2812,3933,283492,47039,0,0,50891,11192,56,400173,59711,0
3/24/20,817,236,0,0,1186,3938,5119,347736,64244,0,0,61773,10882,56,480215,80042,0
3/25/20,1058,241,74,0,1954,5140,7073,424012,76276,0,167,74404,12631,56,562847,82632,146
3/26/20,1371,313,91,1299,2449,7805,9522,506769,82757,0,258,92020,17616,56,668507,105660,97
3/27/20,1781,410,124,1792,2589,10887,12111,590051,83282,0,293,111274,19254,56,768256,99749,2418
3/28/20,2332,551,140,2174,2406,12393,14517,661255,71204,0,390,131045,19771,56,879193,110937,3145
3/29/20,2837,505,156,2456,2797,14055,17314,730003,68748,0,433,150709,19664,56,963465,84272,4076
3/30/20,3422,585,187,3087,2473,15892,19787,818111,88108,0,449,171911,21202,56,1065997,102532,4560
3/31/20,4330,908,230,3487,3995,18155,23782,906893,88782,0,506,196848,24937,56,1181328,115331,5666
4/1/20,5336,1006,256,3937,4148,20906,27930,994445,87552,32,561,223119,26271,56,1300869,119541,7084
4/2/20,6511,1175,305,4513,4164,22995,32094,1091594,97149,32,576,251182,28063,56,1427708,126839,8586
4/3/20,7798,1287,335,4928,4621,25723,36715,1196977,105383,39,623,283072,31890,56,1567434,139726,10861
4/4/20,9276,1478,403,5500,4993,30456,41708,1290132,93155,39,656,316130,33058,56,1799831,232397,12844
4/5/20,10618,1342,609,5811,3953,32180,45661,1379474,89342,39,650,342040,25910,56,1922157,122326,14589
4/6/20,11932,1314,663,7079,2962,36159,48623,1495559,116085,39,2961,370283,28243,56,2060620,138463,16557
4/7/20,13970,2038,738,9978,2931,43849,51554,1624724,129165,43,4047,400759,30476,56,2226071,165451,18481
4/8/20,15973,2003,862,10276,4387,45359,55941,1746679,121955,39,4142,431718,30959,56,2389599,163528,21132
4/9/20,18024,2051,918,12445,3829,51323,59770,1866706,120027,39,5798,466834,35116,56,2564727,175128,24835
4/10/20,20107,2083,1179,12693,4911,53167,64681,1986331,119625,39,5937,500442,33608,56,2723715,158988,29015
4/11/20,22182,2075,1399,13293,3735,55563,68416,2100445,114114,152,5986,531705,31263,56,2871593,147878,31567
4/12/20,23882,1700,1449,13597,3322,55294,71738,2211120,110675,158,5962,559820,28115,56,3010708,139115,34081
4/13/20,25515,1633,1622,13605,4491,56211,76229,2313156,102036,208,6170,584101,24281,56,3135874,125166,35381
4/14/20,27867,2352,1715,14047,3172,59610,79401,2435597,122441,221,5981,609975,25874,56,3294589,158715,39304
4/15/20,30412,2545,1783,14639,3502,59930,82903,2548873,113276,223,6033,639896,29921,56,3445808,151219,43448
4/16/20,32606,2194,1834,15136,3172,59496,86075,2688116,139243,176,5940,671423,31527,56,3627383,181575,48851
4/17/20,34724,2118,2052,14910,3366,58892,89441,2815406,127290,187,6098,703407,31984,56,3795588,168205,53562
4/18/20,36619,1895,2096,14764,3440,57799,92881,2939771,124365,205,5733,731357,27950,56,3963169,167581,62923
4/19/20,38382,1763,2145,14385,2177,56497,95058,3066565,126794,214,5603,758880,27523,56,4110248,147079,67227
4/20/20,40198,1816,2193,14463,2309,56721,97367,3182120,115555,214,5569,784847,25967,56,4255490,145242,69507
4/21/20,42249,2051,2315,14945,2736,59779,100103,3309599,127479,214,5514,810886,26039,56,4423105,167615,72870
4/22/20,44334,2085,2370,15016,3086,59207,103189,3606730,297131,227,5474,840062,29176,56,4765373,342268,92996
4/23/20,46143,1809,2428,14737,2820,59214,106009,3775469,168739,227,5463,872015,31953,56,4977349,211976,96947
4/24/20,48117,1974,2468,14623,2388,57370,108397,3978286,202817,227,5194,906241,34226,56,5217585,240236,103423
4/25/20,49746,1629,2516,14411,2297,57340,110694,4208914,230628,227,5266,941975,35734,56,5491401,273816,112603
4/26/20,50965,1219,2571,14093,2215,56161,112909,4383093,174179,227,5119,969289,27314,56,5693156,201755,116565
4/27/20,52255,1290,3720,13812,2245,56183,115154,4543456,160363,252,4867,991696,22407,56,5883916,190760,121464
4/28/20,54333,2078,3798,13562,2014,56034,117168,4736790,193334,252,4760,1016930,25234,56,6107371,223455,139080
4/29/20,57009,2676,4093,13550,2946,56009,120114,4949651,212861,365,4803,1043106,26176,56,6363156,255785,147234
4/30/20,59169,2160,4192,13246,2382,54905,122496,5159302,209651,373,4708,1073152,30046,56,6637454,274298,154587
5/1/20,60978,1809,4300,12861,2008,54897,124504,5364692,205390,376,4712,1105960,32808,56,6920279,282825,163554
5/2/20,62505,1527,4386,12904,1995,54008,126499,5573220,208528,375,4846,1135156,29196,56,7186998,266719,174886
5/3/20,63753,1248,4502,12724,1855,52623,128354,5783745,210525,425,4762,1160945,25789,56,7423928,236930,178754
5/4/20,64781,1028,4579,12701,1765,52375,130119,5984049,200304,430,4852,1183140,22195,56,7654314,230386,186670
5/5/20,67271,2490,4794,12620,1932,53164,132051,6235291,251242,439,4810,1205484,22344,56,7935811,281497,189316
5/6/20,69189,1918,4911,12480,2154,52609,134205,6471388,236097,449,4758,1230740,25256,56,8225137,289326,189134
5/7/20,71937,2748,5174,12135,4191,51445,138396,6751918,280530,529,7067,1257969,27229,56,8550599,325462,194375
5/8/20,73721,1784,6294,11786,3603,49770,141999,7025620,273702,531,6793,1285166,27197,56,8861733,311134,198423
5/9/20,75177,1456,6367,11504,1680,48581,143679,7307426,281806,543,6550,1310486,25320,56,9180405,318672,211899
5/10/20,76212,1035,6445,11382,1043,46735,144722,7553122,245696,547,6392,1331602,21116,56,9454347,273942,215479
5/11/20,77103,891,6488,11153,1374,46550,146096,7891087,337965,551,6349,1349742,18140,56,9825652,371305,232012
5/12/20,78612,1509,6585,11241,1486,47343,147582,8194089,303002,559,6350,1372184,22442,56,10167555,341903,238863
5/13/20,80342,1730,6713,10991,1786,46921,149368,8496601,302512,572,6164,1393684,21500,56,10508810,341255,243078
5/14/20,82195,1853,6795,10655,1464,45923,150832,8837971,341370,582,5940,1420457,26773,56,10896628,387818,246231
5/15/20,83733,1538,6890,10476,1314,44553,152146,9170873,332902,589,5744,1445947,25490,56,11302121,405493,250665
5/16/20,84970,1237,6945,10276,1796,43515,153942,9508127,337254,592,5532,1469690,23743,56,11685836,383715,268206
5/17/20,85843,873,7003,9945,1134,42019,155076,9861963,353836,593,5467,1490126,20436,56,12036148,350312,272009
5/18/20,86697,854,7064,9748,1132,41940,156208,10177651,315688,602,5260,1510723,20597,56,12384941,348793,282949
5/19/20,88014,1317,7217,9598,1548,42023,157756,10574768,397117,606,5032,1531410,20687,56,12804732,419791,289283
5/20/20,89411,1397,7319,9522,1756,41856,159512,10980554,405786,613,4907,1552703,21293,56,13259723,454991,294133
5/21/20,90791,1380,7412,9092,4547,41359,164059,11433770,453216,616,4871,1575717,23014,56,13772581,512858,298183
5/22/20,92081,1290,7689,9042,3949,40008,168008,11851423,417653,633,4714,1599832,24115,56,14223245,450664,349966
5/23/20,93121,1040,7770,8739,1385,38625,169393,12250657,399234,638,4621,1622393,22561,56,14673593,450348,361116
5/24/20,93809,688,7801,8491,1028,37742,170421,12623303,372646,639,4380,1641455,19062,56,15060773,387180,366510
5/25/20,94365,556,7847,8467,898,37703,171319,13016068,392765,642,4232,1660010,18555,56,15471008,410235,378892
5/26/20,95030,665,7899,8580,1170,37751,172489,13303990,287922,650,4221,1676700,16690,56,15786421,315413,384190
5/27/20,96365,1335,8015,8552,1561,38300,174050,13597576,293586,666,4223,1695872,19172,56,16209686,423265,391223
5/28/20,97600,1235,8109,8392,1594,38000,175644,14039363,441787,676,4079,1718671,22799,56,16697665,487979,477608
5/29/20,98774,1174,8235,8170,1571,36942,177215,14521081,481718,689,4028,1742289,23618,56,17231482,533817,484191
5/30/20,99697,923,8305,7960,1421,35759,178636,14927502,406421,698,4008,1765885,23596,56,17683042,451560,494152
5/31/20,100352,655,8445,7625,895,34925,179531,15300926,373424,704,3669,1787526,21641,56,18108021,424979,522441
6/1/20,101031,679,8485,7592,2862,34325,182393,15687866,386940,704,3950,1807627,20101,56,18524535,416514,535938
6/2/20,102002,971,8566,7410,1735,33956,184128,16105330,417464,710,3854,1827506,19879,56,18982537,458002,541613
6/3/20,102977,975,8688,7229,2145,33227,186273,16579252,473922,717,3754,1847688,20182,56,19476601,494064,556914
6/4/20,103860,883,8787,7044,2146,32802,188419,17030160,450908,723,3662,1868165,20477,56,19986407,509806,569233
6/5/20,104695,835,8863,6921,1518,32502,189937,17532660,502500,740,3520,1891215,23050,56,20597155,610748,575902
6/6/20,105409,714,8920,6762,989,31994,190926,18050680,518020,750,3476,1913961,22746,56,21160878,563723,585024
6/7/20,106023,614,8957,6501,655,31490,191581,18465761,415081,753,3298,1933017,19056,56,21592825,431947,590504
6/8/20,106698,675,9013,6398,1071,31105,192652,18833712,367951,762,3238,1949940,16923,56,21997224,404399,602715
6/9/20,107584,886,9141,6453,1279,31179,193931,19236227,402515,771,3088,1966856,16916,56,22449769,452545,609180
6/10/20,108477,893,9225,6256,1239,30961,195170,19669705,433478,780,3022,1987736,20880,56,22928584,478815,617676
6/11/20,109373,896,9295,6075,1526,29850,196696,20102282,432577,792,2885,2009727,21991,56,23411513,482929,628032
6/12/20,110139,766,9373,6009,1376,29306,198072,20568371,466089,814,2738,2032868,23141,56,24036770,625257,635502
6/13/20,110833,694,9430,5883,954,28578,199026,21057821,489450,830,2726,2058321,25453,56,24576086,539316,644761
6/14/20,111188,355,9466,5749,610,28020,199636,21507685,449864,834,2716,2079979,21658,56,25054050,477964,649974
6/15/20,111573,385,9516,5700,664,28034,200300,21917899,410214,835,2636,2098234,18255,56,25500159,446109,664469
6/16/20,112293,720,9590,5570,1184,28370,201484,22369690,451791,845,2591,2121072,22838,56,26002241,502082,671645
6/17/20,113073,780,9665,5608,1077,28647,202561,22866233,496543,857,2584,2145225,24153,56,26557660,555419,680406
6/18/20,113755,682,9736,5472,1108,28538,203669,23362302,496069,869,2518,2172267,27042,56,27113434,555774,690121
6/19/20,114407,652,9876,5337,1578,28693,205247,23950620,588318,884,2433,2203132,30865,56,27766210,652776,697525
6/20/20,115022,615,9908,5229,699,28084,205946,24495738,545118,888,2380,2235368,32236,56,28372490,606280,708341
6/21/20,115315,293,9944,5195,519,28325,206465,24947803,452065,904,2321,2264556,29188,56,28871654,499164,712904
6/22/20,115603,288,10002,5325,824,28963,207289,25396709,448906,909,2301,2291385,26829,56,29362501,490847,730966
6/23/20,116327,724,10077,5392,1271,30355,208560,25863702,466993,918,2292,2324832,33447,56,30019975,657474,738438
6/24/20,117031,704,10173,5292,1246,31270,209806,26387118,523416,934,2247,2363949,39117,56,30577346,557371,747031
6/25/20,117679,648,10257,5319,1296,31922,211102,27034410,647292,951,2214,2403656,39707,56,31283437,706091,756075
6/26/20,118297,618,10334,5290,1542,31850,212644,27639806,605396,966,2069,2447996,44340,56,32074412,790975,763402
6/27/20,118805,508,10415,5314,1058,32566,213702,28244441,604635,977,2159,2491054,43058,56,32774579,700167,771895
6/28/20,119078,273,10473,5252,547,32575,214249,28840850,596409,983,2077,2532799,41745,56,33393673,619094,777667
6/29/20,119414,336,10542,5389,731,33742,214980,29433662,592812,990,2021,2572197,39398,56,34065648,671975,797672
6/30/20,119993,579,10669,5426,1473,35337,216453,30057626,623964,1008,2044,2619207,47010,56,34778911,713263,813197
7/1/20,120691,698,10752,5492,1429,36526,217882,30690357,632731,1027,2099,2670253,51046,56,35512932,734021,822580
7/2/20,121390,699,10843,5636,1697,37646,219579,31333169,642812,1041,2104,2723764,53511,56,36287534,774602,874493
7/3/20,121993,603,10936,5597,1358,37927,220937,32034033,700864,1059,2049,2777963,54199,56,37071263,783729,883025
7/4/20,122289,296,10977,5633,872,38281,221809,32615436,581403,1063,1982,2832844,54881,56,37749219,677956,893652
7/5/20,122498,209,11010,5653,582,38872,222391,33192239,576803,1064,2080,2878178,45334,56,38390068,640849,901881
7/6/20,122735,237,11058,5678,762,39960,223153,33673072,480833,1070,2104,2919103,40925,56,39038110,648042,923394
7/7/20,123640,905,11177,5838,1976,41949,225129,34281991,608919,1084,2102,2970093,50990,56,39763717,725607,935819
7/8/20,124459,819,11303,5872,1890,43207,227019,34915603,633612,1103,2167,3032906,62813,56,40543883,780166,952731
7/9/20,125322,863,11370,5843,1661,44051,228680,35606240,690637,1138,2129,3091968,59062,56,41388121,844238,968341
7/10/20,126161,839,11523,5899,2196,51724,230876,36368038,761798,1118,2192,3159079,67111,56,42287560,899439,982489
7/11/20,126916,755,11612,5939,1700,51982,232576,37046653,678615,1128,2169,3221648,62569,56,43106333,818773,994923
7/12/20,127388,472,11679,5930,894,52860,233470,37735234,688581,1136,2182,3283253,61605,56,43922519,816186,1005644
7/13/20,127717,329,11749,6063,1120,54118,234590,38351578,616344,1142,2254,3340413,57160,56,44674570,752051,1031134
7/14/20,128458,741,11857,6238,2246,55678,236836,39087155,735577,1154,2263,3399022,58609,56,45520194,845624,1048365
7/15/20,129321,863,12002,6328,2388,56340,239224,39836493,749338,1166,2322,3468395,69373,56,46428195,908001,1075159
7/16/20,130262,941,12091,6349,2210,57602,241434,40620688,784195,1175,2314,3538884,70489,56,47371805,943610,1089852
7/17/20,131201,939,12243,6451,2485,57871,243919,41389944,769256,1200,2352,3615408,76524,56,48304083,932278,1106096
7/18/20,132077,876,12342,6397,1992,57822,245911,42068793,678849,1211,2343,3680158,64750,56,49157181,853098,1121955
7/19/20,132604,527,12393,6384,1374,58052,247285,42734056,665263,1216,2362,3744388,64230,56,49953756,796575,1130378
7/20/20,132980,376,12475,6551,1563,58518,248848,43357368,623312,1223,2403,3801051,56663,56,50689673,735917,1159207
7/21/20,134021,1041,12629,6717,2551,59476,251399,44046303,688935,1242,2414,3863971,62920,56,51517283,827610,1182115
7/22/20,135170,1149,12790,10460,2238,59758,253637,44779410,733107,1258,2444,3933393,69422,56,52419369,902086,1210067
7/23/20,136240,1070,12933,10423,2373,59860,256010,45551533,772123,1280,2467,4004829,71436,56,53351390,932021,1232275
7/24/20,137415,1175,13182,10389,3063,59800,259073,46283301,731768,1297,2709,4079890,75061,56,54357768,1006378,1260709
7/25/20,138429,1014,13279,10380,1820,59382,260893,46987645,704344,1300,2729,4144735,64845,56,55225676,867908,1278557
7/26/20,139441,1012,13343,10353,1380,58731,262273,47725937,738292,1336,2723,4205503,60768,56,56080866,855190,1296974
7/27/20,140507,1066,13412,10328,1631,58987,263904,48385240,659303,1356,2723,4259982,54479,56,56864761,783895,1324782
7/28/20,141618,1111,13559,10463,4068,57185,267972,49108508,723268,1372,2748,4318439,58457,56,57702017,837256,1354486
7/29/20,143121,1503,13744,10535,2860,57422,270832,49863685,755177,1400,2771,4382582,64143,56,58609890,907873,1389701
7/30/20,144369,1248,13875,10519,3291,56571,274123,50587396,723711,1415,2762,4451543,68961,56,59497803,887913,1413003
7/31/20,145697,1328,14044,10473,2532,55721,276655,51236394,648998,1437,2701,4519370,67827,56,60486154,988351,1437145
8/1/20,146898,1201,14227,10450,2386,54554,279041,51881764,645370,1445,2698,4580049,60679,56,61287807,801653,1460930
8/2/20,147394,496,14288,10415,831,54106,279872,52540900,659136,1448,2645,4633350,53301,56,62069505,781698,1467653
8/3/20,147910,516,14370,10233,1558,53517,281430,53162669,621769,1463,2664,4676088,42738,56,62803118,733613,1512351
8/4/20,149151,1241,14537,10207,4423,53436,285853,53834119,671450,1493,2701,4727286,51198,56,63591815,788697,1528017
8/5/20,150506,1355,14687,9988,2118,53435,287971,54500205,666086,1524,2721,4779984,52698,56,64408899,817084,1576705
8/6/20,151747,1241,14810,9996,2615,53219,290586,55194494,694289,1534,2714,4834032,54048,56,65257845,848946,1597486
8/7/20,153070,1323,14925,9698,2558,51327,293144,55898062,703568,1549,2628,4894855,60823,56,66143550,885705,1622743
8/8/20,154156,1086,15024,9662,1494,50071,294638,56545324,647262,1561,2566,4948384,53529,56,66921589,778039,1641953
8/9/20,154777,621,15081,9307,862,48997,295500,57211083,665759,1578,2507,4999150,50766,56,67708350,786761,1655695
8/10/20,155207,430,15158,9209,1554,48751,297054,57872891,661808,1592,2529,5051230,52080,56,68471835,763485,1669448
8/11/20,156527,1320,15331,9135,2624,48600,299678,58596026,723135,1612,2422,5106165,54935,56,69300058,828223,1713812
8/12/20,158044,1517,15524,9564,2971,48067,302649,59343004,746978,1629,2602,5162351,56186,56,69885872,585814,1753938
8/13/20,159207,1163,15629,9480,2675,47303,305324,60107230,764226,1649,2574,5214114,51763,56,70817560,931688,1773505
8/14/20,160433,1226,15764,9277,2141,45868,307465,60896430,789200,1665,2555,5271215,57101,56,71788042,970482,1795048
8/15/20,161660,1227,15891,9087,1891,44922,309356,61582545,686115,1663,2526,5327261,56046,56,72658477,870435,1817332
8/16/20,162277,617,15924,8958,685,44155,310041,62237129,654584,1665,2481,5369764,42503,56,73424191,765714,1831798
8/17/20,162688,411,15985,8881,1224,43614,311265,62841424,604295,1678,2444,5407515,37751,56,74143699,719508,1864156
8/18/20,163867,1179,16123,8859,2261,43840,313526,63478075,636651,1695,2467,5447585,40070,56,74899701,756002,1887820
8/19/20,165278,1411,16377,8747,1983,43406,315509,64155883,677808,1705,2375,5492658,45073,56,75730693,830992,1923539
8/20/20,166407,1129,16487,8486,1983,42109,317492,64801314,645431,1716,2330,5536502,43844,56,76578166,847473,1945370
8/21/20,167526,1119,16563,8358,1783,41049,319275,65518378,717064,1730,2288,5582958,46456,56,77473824,895658,1963656
8/22/20,168561,1035,16657,8207,1603,40017,320878,66211110,692732,1736,2204,5629012,46054,56,78353638,879814,1984030
8/23/20,169138,577,16697,7949,698,39064,321576,66789396,578286,1737,2131,5666912,37900,56,79063222,709584,1996283
8/24/20,169479,341,16787,7854,1031,38806,322607,67440750,651354,1764,2112,5701455,34543,56,79806287,743065,2019265
8/25/20,170619,1140,16920,7854,1988,38831,324595,68062477,621727,1789,2161,5738294,36839,56,80523671,717384,2052181
8/26/20,171919,1300,17046,7742,1804,38515,326399,68671570,609093,1809,2143,5782625,44331,56,81285777,762106,2083058
8/27/20,173047,1128,17181,7712,1654,37498,328053,69382832,711262,1831,2128,5826736,44111,56,82131065,845288,2099845
8/28/20,174067,1020,17304,7564,1642,37356,329695,70098220,715388,1856,2087,5872851,46115,56,83044206,913141,2116819
8/29/20,175084,1017,17401,7413,1299,36516,330994,70798731,700511,1864,2062,5916846,43995,56,83929467,885261,2139034
8/30/20,175561,477,17439,7268,662,35801,331656,71493166,694435,1870,2055,5955612,38766,56,84761542,832075,2152344
8/31/20,175941,380,17537,7047,710,35453,332366,72116760,623594,1877,2075,5987332,31720,56,85459005,697463,2183106
9/1/20,176955,1014,17655,7084,1867,35338,334233,72744661,627901,1902,2041,6029574,42242,56,86262695,803690,2200969
9/2/20,177990,1035,17784,7091,1521,35660,335754,73368490,623829,1918,2027,6060229,30655,56,87046476,783781,2229854
9/3/20,179062,1072,17894,6923,1488,34753,337242,74050757,682267,1928,2038,6104872,44643,56,87941683,895207,2265262
9/4/20,180061,999,18012,6922,1249,34177,338491,74802724,751967,1943,1998,6156472,51600,56,89018913,1077230,2281694
9/5/20,180987,926,18089,6766,1173,33626,339664,75542999,740275,1956,1956,6201332,44860,56,89971923,953010,2300418
9/6/20,181439,452,18125,6700,499,32497,340163,76162616,619617,1960,1912,6234365,33033,56,90721837,749914,2314245
9/7/20,181666,227,18156,6630,474,32116,340637,76699084,536468,1967,1879,6262482,28117,56,91369206,647369,2331821
9/8/20,182013,347,18189,6543,934,32339,341571,77176748,477664,1975,1881,6284792,22310,56,91943853,574647,2357253
9/9/20,183101,1088,18322,6659,1970,32653,343541,77739157,562409,1994,1906,6315525,30733,56,92671501,727648,2385765
9/10/20,184262,1161,18453,6522,1498,32521,345039,78318861,579704,2008,1923,6352934,37409,56,93474345,802844,2401767
9/11/20,185277,1015,18549,6376,1510,31530,346549,79024598,705737,2031,1716,6397632,44698,56,94392707,918362,2416107
9/12/20,186094,817,18648,6451,1145,30758,347694,79808673,784075,2051,1619,6439482,41850,56,95361034,968327,2437110
9/13/20,186486,392,18692,6233,781,29921,348475,80406748,598075,2056,1562,6474061,34579,56,96126311,765277,2448271
9/14/20,186893,407,18748,6249,912,30071,349387,81120378,713630,2061,1513,6507633,33572,56,96981095,854784,2476089
9/15/20,187927,1034,18847,6308,1484,30427,350871,81776379,656001,2071,1574,6542411,34778,56,97805556,824461,2493288
9/16/20,189117,1190,18961,6303,1461,30345,352332,82394485,618106,2090,1647,6582730,40319,56,98628649,823093,2523812
9/17/20,189997,880,19057,6285,1549,30035,353881,83128601,734116,2092,1662,6626372,43642,56,99595480,966831,2538611
9/18/20,190898,901,19163,6175,1423,29651,355304,83936752,808151,2107,1608,6673261,46889,56,100660590,1065110,2556013
9/19/20,191645,747,19243,6163,1051,29185,356355,84814320,877568,2111,1577,6718929,45668,56,101779020,1118430,2575546
9/20/20,191972,327,19281,6100,855,28724,357210,85597552,783232,2112,1595,6754462,35533,56,102755446,976426,2587314
9/21/20,192253,281,19353,6138,1064,28849,358274,86219553,622001,2116,1570,6793624,39162,56,103518993,763547,2614029
9/22/20,193112,859,19324,6188,1534,29645,359808,86902473,682920,2130,1558,6842610,48986,56,104396009,877016,2645001
9/23/20,194268,1156,19452,6200,1454,30015,361262,87687310,784837,2154,1545,6882108,39498,56,105389907,993898,2670337
9/24/20,195206,938,19555,6274,1484,30159,362746,88424176,736866,2177,1560,6925449,43341,56,106380019,990112,2708301
9/25/20,196053,847,19919,6220,1322,29888,364068,89295975,871799,2264,1508,6980686,55237,56,107501431,1121412,2725469
9/26/20,196926,873,20002,6143,1225,29670,365293,90156218,860243,2272,1509,7027954,47268,56,108604224,1102793,2748595
9/27/20,197236,310,20050,6170,1063,29579,366356,90830317,674099,2277,1511,7062944,34990,56,109519159,914935,2764336
9/28/20,197482,246,20121,6048,1181,29696,367537,91604085,773768,2285,1513,7098320,35376,56,110545182,1026023,2792677
9/29/20,198206,724,20247,6172,1673,30601,369210,92343009,738924,2298,1497,7135086,36766,56,111507296,962114,2811338
9/30/20,199270,1064,20390,6241,1618,31021,370828,93035688,692679,2319,1510,7179995,44909,56,112454114,946818,2838482
10/1/20,200132,862,20492,6262,1757,30942,372585,93804513,768825,2334,1543,7225715,45720,56,113441678,987564,2858686
10/2/20,200974,842,20612,6195,1443,30880,374028,94616352,811839,2348,1534,7275142,49427,56,114672164,1230486,2871287
10/3/20,201712,738,20686,6073,1088,30209,375116,95413935,797583,2358,1501,7326016,50874,56,115738066,1065902,2895293
10/4/20,202092,380,20729,6056,663,30063,375779,96200618,786683,2362,1485,7364181,38165,56,116742026,1003960,2909644
10/5/20,202423,331,20812,6292,1447,31426,377226,97032168,831550,2370,1514,7401933,37752,56,117728149,986123,2932961
10/6/20,203036,613,20973,6490,1986,32726,379212,97752256,720088,2388,1609,7440779,38846,56,118656816,928667,2950304
10/7/20,203965,929,21112,6591,2138,33565,381350,98523796,771540,2410,1650,7491995,51216,56,119691687,1034871,2997942
10/8/20,204944,979,21217,6694,2134,34446,383484,99142549,618753,2427,1638,7547303,55308,56,120895786,1204099,3019299
10/9/20,205857,913,21389,6775,1735,34974,385219,100112385,969836,2437,1651,7604296,56993,56,122132740,1236954,3037145
10/10/20,206548,691,21512,6752,1486,34700,386705,101051223,938838,2451,1667,7661931,57635,56,123375550,1242810,3061045
10/11/20,207019,471,21553,6749,981,34609,387686,101831397,780174,2454,1646,7708603,46672,56,124443546,1067996,3072920
10/12/20,207304,285,21625,6860,1106,35148,388792,102672066,840669,2464,1663,7751837,43234,56,125463772,1020226,3104644
10/13/20,208022,718,21735,7104,2058,36171,390850,103542982,870916,2485,1757,7798816,46979,56,126544301,1080529,3122531
10/14/20,208823,801,21889,7236,2437,37184,393287,104412066,869084,2516,1775,7856056,57240,56,127625672,1081371,3153746
10/15/20,209751,928,22051,7303,2010,37423,395297,105292693,880627,2531,1773,7919697,63641,56,128776780,1151108,3175500
10/16/20,210642,891,22202,7333,1866,37479,397163,106234167,941474,2547,1740,7988202,68505,56,130004877,1228097,3195422
10/17/20,211422,780,22320,7466,1546,37474,398709,107201575,967408,2553,1791,8045877,57675,56,131323361,1318484,3218561
10/18/20,211827,405,22391,7383,1306,36536,400015,107949704,748129,2557,1762,8099809,53932,56,132363184,1039823,3231947
10/19/20,212270,443,22475,8063,1605,37976,401620,108940721,991017,2577,1804,8157459,57650,56,133476485,1113301,3270429
10/20/20,213103,833,22662,8206,2309,39391,403929,109717598,776877,2593,2042,8218033,60574,56,134468362,991877,3293315
10/21/20,214131,1028,22855,8291,2123,40397,406052,110462674,745076,2622,2083,8279743,61710,56,135487768,1019406,3321258
10/22/20,215248,1117,23018,8180,2505,41114,408557,111402692,940018,2641,2147,8353162,73419,56,136764300,1276532,3350982
10/23/20,216197,949,23221,8342,2496,41614,411053,112442240,1039548,2679,2180,8435737,82575,56,138165501,1401201,3373284
10/24/20,217093,896,23356,8675,1822,42087,412875,113377608,935368,2691,2230,8519529,83792,56,139486074,1320573,3404503
10/25/20,217484,391,23420,8590,1076,41883,413951,114265073,887465,2693,2176,8584000,64471,56,140670993,1184919,3420713
10/26/20,217881,397,23542,8946,1697,42988,415648,115227667,962594,2703,2300,8647430,63430,56,141876881,1205888,3458204
10/27/20,218803,922,23701,8985,2290,44391,417938,116046439,818772,2719,2283,8719685,72255,56,142970300,1093419,3485474
10/28/20,219850,1047,23883,9133,2461,45214,420399,116889446,843007,2744,2354,8799385,79700,56,144136954,1166654,3515953
10/29/20,220910,1060,24082,9320,2321,46191,422720,117904489,1015043,2760,2399,8888750,89365,56,145499206,1362252,3552166
10/30/20,221857,947,24230,9550,2403,46880,425123,118888404,983915,2776,2477,8986692,97942,56,146896615,1397409,3576201
10/31/20,222815,958,24375,9613,2116,47486,427239,119936370,1047966,2786,2502,9077986,91294,56,148311342,1414727,3610296
11/1/20,223225,410,24457,9665,1166,47615,428405,120726092,789722,2797,2553,9162487,84501,56,149438267,1126925,3631622
11/2/20,223700,475,24560,9957,1399,48750,429804,121751472,1025380,2809,2633,9245941,83454,56,150740058,1301791,3672742
11/3/20,225217,1517,24796,10538,3135,50509,432939,122649462,897990,2833,2734,9335953,90012,56,151946445,1206387,3702925
11/4/20,226348,1131,25041,10892,3107,52166,436046,123541855,892393,2853,2832,9441057,105104,56,153223963,1277518,3741442
11/5/20,227502,1154,25276,11050,2553,53380,438599,124739478,1197623,2872,2876,9559652,118595,56,154834177,1610214,3779523
11/6/20,228687,1185,25498,11213,3121,55005,441720,125896974,1157496,2885,2850,9688578,128926,56,156497312,1663135,3808730
11/7/20,229812,1125,25721,11215,2341,56037,444061,126894371,997397,2898,2947,9820215,131637,56,157900041,1402729,3849345
11/8/20,230325,513,25819,11223,1467,56942,445528,127767441,873070,2900,2977,9932474,112259,56,159121807,1221766,3879255
11/9/20,230902,577,26087,11636,2176,59342,447704,128910278,1142837,2907,3111,10050708,118234,56,160575730,1453923,3926618
11/10/20,232260,1358,26335,12057,4070,62119,451774,129915413,1005135,2922,3202,10183831,133123,56,161912785,1337055,3959700
11/11/20,233837,1577,26584,12626,3281,65549,455055,130939190,1023777,2947,3365,10332562,148731,56,163372164,1459379,3995023
11/12/20,234949,1112,26803,12917,3562,67236,458617,131980643,1041453,2954,3622,10489618,157056,56,164942695,1570531,4049143
11/13/20,236250,1301,26997,13280,3673,68585,462290,133192727,1212084,2967,3766,10663572,173954,56,166642725,1700030,4093148
11/14/20,237603,1353,27172,13491,3468,69588,465758,134381444,1188717,2972,3945,10830755,167183,56,168346431,1703706,4146419
11/15/20,238315,712,27269,13849,2926,70202,468684,135465677,1084233,2975,3939,10977685,146930,56,169909237,1562806,4183378
11/16/20,238922,607,27437,14471,2907,73320,471591,136602113,1136436,2988,4156,11127396,149711,56,171443539,1534302,4242683
11/17/20,240475,1553,27681,15009,3887,77047,475478,137748212,1146099,3004,4379,11286423,159027,56,173041278,1597739,4292094
11/18/20,242360,1885,27989,15557,4352,79478,479830,138858281,1110069,3024,4699,11453996,167573,56,174694234,1652956,4348089
11/19/20,244370,2010,28216,15759,4456,80669,484286,140125455,1267174,3052,4860,11641165,187169,56,176500349,1806115,4410709
11/20/20,246280,1910,28472,16146,3903,82318,488189,141503674,1378219,3078,5058,11837659,196494,56,178440235,1939886,4457930
11/21/20,247831,1551,28693,16264,3375,83346,491564,142935283,1431609,3087,5103,12020860,183201,56,180490965,2050730,4529788
11/22/20,248754,923,28828,16411,2291,83882,493855,144181067,1245784,3094,5233,12174696,153836,56,182262128,1771163,4526635
11/23/20,249607,853,28990,17060,2835,85945,496690,145452953,1271886,3106,5455,12329277,154581,56,184011025,1748897,4633600
11/24/20,251698,2091,29245,17317,4685,88132,501375,146836128,1383175,3123,5626,12494528,165251,56,185816645,1805620,4696996
11/25/20,253979,2281,29540,17738,4538,90043,505913,148051769,1215641,3147,5987,12682205,187677,56,187645458,1828813,4835956
11/26/20,255371,1392,29673,18019,2333,90564,508246,148953568,901799,3153,5986,12811268,129063,56,188976514,1331056,4871312
11/27/20,256775,1404,29858,18056,3418,89913,511664,150358517,1404949,3171,6028,13009527,198259,56,191020431,2043917,4947446
11/28/20,258018,1243,30109,18249,3485,91762,515149,151568818,1210301,3179,6148,13160591,151064,56,192636491,1616060,5024447
11/29/20,258843,825,30274,18437,2429,93357,517578,152431041,862223,3184,6245,13297558,136967,56,193923420,1286929,5065148
11/30/20,259880,1037,30469,18807,3394,96134,520972,153646040,1214999,3205,6520,13447074,149516,56,195536151,1612731,5146643
12/1/20,262369,2489,30749,19292,4916,98736,525888,154657532,1011492,3223,6643,13626211,179137,56,196992167,1456016,5226581
12/2/20,265180,2811,31038,19687,5238,100327,531126,155748932,1091400,3252,6855,13827957,201746,56,198551838,1559671,5322128
12/3/20,268002,2822,31276,19714,5369,100746,536495,157016847,1267915,3280,6871,14042762,214805,56,200444782,1892944,5404018
12/4/20,270565,2563,31608,19853,4654,101309,541149,158276558,1259711,3305,6992,14271646,228884,56,202306404,1861622,5470389
12/5/20,273051,2486,31831,19947,3513,101192,544662,159826073,1549515,3321,7006,14489416,217770,56,204528357,2221953,5576152
12/6/20,274214,1163,31946,20145,2311,101501,546973,160941382,1115309,3322,7095,14671767,182351,56,206148583,1620226,5624609
12/7/20,275505,1291,32120,20097,3461,102122,550434,162211227,1269845,3328,7067,14853240,181473,56,207874219,1725636,5714557
12/8/20,278185,2680,32406,20475,4410,104637,554844,163490429,1279202,3359,7251,15069193,215953,56,209526407,1652188,5788509
12/9/20,281354,3169,32720,20903,5300,106671,560144,164758940,1268511,3376,7621,15284153,214960,56,211330220,1803813,5891885
12/10/20,284486,3132,32919,21024,4450,107300,564594,166030686,1271746,3394,7444,15503438,219285,56,213217407,1887187,5985047
12/11/20,287233,2747,33237,21012,5411,108101,570005,167372728,1342042,3424,7488,15738909,235471,56,215204606,1987199,6135314
12/12/20,289730,2497,33419,21198,3789,108461,573794,168561649,1188921,3430,7515,15964196,225287,56,217039353,1834747,6246808
12/13/20,291231,1501,33494,21230,2314,109298,576108,169776069,1214420,3432,7535,16150959,186763,56,218809516,1770163,6298331
12/14/20,292588,1357,33693,21458,3461,110573,579569,171104722,1328653,3442,7699,16343821,192862,56,220905384,2095868,6399531
12/15/20,295512,2924,33958,21897,4430,112816,583999,172453656,1348934,3460,7702,16534414,190593,56,222702454,1797070,6490879
12/16/20,298965,3453,34237,21943,4776,113257,588775,173668669,1215013,3488,7782,16766264,231850,56,224504540,1802086,6597661
12/17/20,302430,3465,34485,21912,5167,114492,593942,174926543,1257874,3504,7848,17007292,241028,56,226369128,1864588,6681651
12/18/20,305296,2866,34716,21745,5214,113955,599156,176464979,1538436,3519,7786,17247029,239737,56,228566874,2197746,6762700
12/19/20,308004,2708,34949,21692,3429,113914,602585,177673808,1208829,3529,7786,17450375,203346,56,230329358,1762484,6882996
12/20/20,309672,1668,35030,21763,2382,113601,604967,178894395,1220587,3530,7695,17647338,196963,56,232121438,1792080,6935156
12/21/20,311152,1480,35178,21884,3111,115358,608078,180454105,1559710,3539,7783,17826335,178997,56,234146865,2025427,7043814
12/22/20,314289,3137,35428,22213,4567,117777,612645,181722879,1268774,3554,7830,18016467,190132,56,235874354,1727489,7127027
12/23/20,317682,3393,35695,22489,4795,119463,617440,182910971,1188092,3579,7819,18238373,221906,56,237614387,1740033,7234883
12/24/20,320640,2958,35899,22623,4289,120200,621729,184185657,1274686,3587,7792,18442670,204297,56,239551294,1936907,7337694
12/25/20,322193,1553,35945,22418,2047,118948,623776,185171477,985820,3592,7831,18568537,125867,56,240924569,1373275,7362280
12/26/20,323619,1426,36038,22373,2292,117344,626068,186055269,883792,3593,7809,18758652,190115,56,243046630,2122061,7473612
12/27/20,325016,1397,36164,22447,2302,118720,628370,187066552,1011283,3604,7878,18911630,152978,56,244386970,1340340,7530424
12/28/20,326506,1490,36308,22579,3723,121202,632093,188190535,1123983,3612,7948,19074968,163338,56,245863830,1476860,7603260
12/29/20,329795,3289,36583,22838,5261,124686,637354,189139511,948976,3635,7885,19271050,196082,56,247155673,1291843,7702010
12/30/20,333695,3900,36855,23069,5514,125220,642868,190105227,965716,3653,7930,19496958,225908,56,248690047,1534374,7807570
12/31/20,336992,3297,37066,23097,4348,125423,647216,191225012,1119785,3672,8004,19719994,223036,56,250437792,1747745,7919313
1/1/21,339584,2592,37196,23255,4550,125047,651766,192116343,891331,3681,7990,19900482,180488,56,251798001,1360209,7950638
1/2/21,341990,2406,37309,23133,3051,123614,654817,193475082,1358739,3684,7910,20093842,193360,56,253858221,2060220,8091965
1/3/21,343445,1455,37433,23243,2226,125562,657043,194476279,1001197,3688,7939,20301598,207756,56,255259670,1401449,8137391
1/4/21,344992,1547,37586,23435,3892,128210,660935,195668557,1192278,3692,7930,20480036,178438,56,256828216,1568546,8299717
1/5/21,348476,3484,37841,23509,4290,131195,665225,196903181,1234624,3718,7976,20695122,215086,56,258507055,1678839,8377851
1/6/21,352378,3902,38064,23708,6607,132474,671832,197907293,1004112,3739,7946,20943208,248086,56,260107884,1600829,8478384
1/7/21,356457,4079,38236,23821,5312,132370,677144,199122916,1215623,3748,7900,21212533,269325,56,262023102,1915218,8588540
1/8/21,360237,3780,38432,23912,4705,131921,681849,200487488,1364572,3756,7908,21504737,292204,56,264140542,2117440,8662589
1/9/21,363774,3537,38607,23718,6683,130781,688532,201861156,1373668,3767,7791,21771136,266399,56,266204645,2064103,8766538
1/10/21,365842,2068,38706,23640,2413,129223,690945,203267095,1405939,3771,7878,21998844,227708,56,268192527,1987882,8812187
1/11/21,367575,1733,38823,23501,3045,129793,693990,204651571,1384476,3773,7786,22192984,194140,56,270036371,1843844,8925430
1/12/21,371639,4064,39049,23881,4657,131326,698647,206067381,1415810,3796,7879,22407793,214809,56,271960830,1924459,9009581
1/13/21,375726,4087,39248,23857,5312,130391,703959,207305442,1238061,3811,7902,22629350,221557,56,273765086,1804256,9103704
1/14/21,379641,3915,39418,23891,3792,128947,707751,208647679,1342237,3829,7878,22852294,222944,56,275775230,2010144,9221778