date,death,deathIncrease,inIcuCumulative,inIcuCurrently,hospitalizedIncrease,hospitalizedIncrease_alt,hospitalizedCurrently,hospitalizedCumulative,negative,negativeIncrease,onVentilatorCumulative,onVentilatorCurrently,positive,positiveIncrease,states,totalTestResults,totalTestResultsIncrease,recovered
1/19/20,0,0,0,0,0,0,0,0,0,0,0,0,1,1,1,0,0,0
1/20/20,0,0,0,0,0,0,0,0,0,0,0,0,1,0,1,0,0,0
1/21/20,0,0,0,0,0,0,0,0,0,0,0,0,2,1,1,0,0,0
1/22/20,0,0,0,0,0,0,0,0,0,0,0,0,2,0,2,1,1,0
1/23/20,0,0,0,0,0,0,0,0,0,0,0,0,2,0,2,2,1,0
1/24/20,0,0,0,0,0,0,0,0,0,0,0,0,2,0,2,2,0,0
1/25/20,0,0,0,0,0,0,0,0,0,0,0,0,2,0,2,2,0,0
1/26/20,0,0,0,0,0,0,0,0,0,0,0,0,2,0,2,2,0,0
1/27/20,0,0,0,0,0,0,0,0,0,0,0,0,2,0,3,3,1,0
1/28/20,0,0,0,0,0,0,0,0,0,0,0,0,2,0,3,3,0,0
1/29/20,0,0,0,0,0,0,0,0,0,0,0,0,2,0,4,5,2,0
1/30/20,0,0,0,0,0,0,0,0,0,0,0,0,2,0,4,5,0,0
1/31/20,0,0,0,0,0,0,0,0,0,0,0,0,2,0,4,8,3,0
2/1/20,0,0,0,0,0,0,0,0,0,0,0,0,2,0,4,8,0,0
2/2/20,0,0,0,0,0,0,0,0,0,0,0,0,2,0,4,8,0,0
2/3/20,0,0,0,0,0,0,0,0,0,0,0,0,3,1,4,11,3,0
2/4/20,0,0,0,0,0,0,0,0,0,0,0,0,3,0,4,15,4,0
2/5/20,0,0,0,0,0,0,0,0,0,0,0,0,3,0,4,15,0,0
2/6/20,0,0,0,0,0,0,0,0,0,0,0,0,5,2,4,16,1,0
2/7/20,0,0,0,0,0,0,0,0,0,0,0,0,5,0,4,16,0,0
2/8/20,0,0,0,0,0,0,0,0,0,0,0,0,5,0,4,18,2,0
2/9/20,0,0,0,0,0,0,0,0,0,0,0,0,5,0,4,18,0,0
2/10/20,0,0,0,0,0,0,0,0,0,0,0,0,5,0,5,19,1,0
2/11/20,0,0,0,0,0,0,0,0,0,0,0,0,5,0,5,20,1,0
2/12/20,0,0,0,0,0,0,0,0,0,0,0,0,5,0,5,21,1,0
2/13/20,0,0,0,0,0,0,0,0,0,0,0,0,6,1,5,22,1,0
2/14/20,0,0,0,0,0,0,0,0,0,0,0,0,7,1,5,22,0,0
2/15/20,0,0,0,0,0,0,0,0,0,0,0,0,7,0,6,26,4,0
2/16/20,0,0,0,0,0,0,0,0,0,0,0,0,7,0,6,28,2,0
2/17/20,0,0,0,0,0,0,0,0,0,0,0,0,7,0,6,29,1,0
2/18/20,0,0,0,0,0,0,0,0,0,0,0,0,7,0,6,29,0,0
2/19/20,0,0,0,0,0,0,0,0,0,0,0,0,7,0,6,35,6,0
2/20/20,0,0,0,0,0,0,0,0,0,0,0,0,7,0,6,36,1,0
2/21/20,0,0,0,0,0,0,0,0,0,0,0,0,7,0,6,37,1,0
2/22/20,0,0,0,0,0,0,0,0,0,0,0,0,7,0,6,38,1,0
2/23/20,0,0,0,0,0,0,0,0,0,0,0,0,8,1,6,38,0,0
2/24/20,0,0,0,0,0,0,0,0,0,0,0,0,9,1,6,40,2,0
2/25/20,0,0,0,0,0,0,0,0,0,0,0,0,10,1,6,41,1,0
2/26/20,2,2,0,0,0,0,0,0,0,0,0,0,12,2,6,41,0,0
2/27/20,2,0,0,0,0,0,0,0,0,0,0,0,13,1,7,6487,6446,0
2/28/20,4,2,0,0,0,0,0,0,0,0,0,0,15,2,7,6490,3,0
2/29/20,5,1,0,0,0,0,0,0,24,24,0,0,18,3,7,6552,62,0
3/1/20,8,3,0,0,0,0,0,0,85,61,0,0,42,24,10,6661,109,0
3/2/20,11,3,0,0,0,0,0,0,243,158,0,0,72,30,11,6873,212,0
3/3/20,14,3,0,0,0,0,0,0,452,209,0,0,114,42,14,7171,298,0
3/4/20,16,2,0,0,4,4,0,4,1388,936,0,0,240,126,24,8197,1026,0
3/5/20,20,4,0,0,1,1,0,5,2877,1489,0,0,305,65,30,9791,1594,0
3/6/20,26,6,0,0,1,1,0,6,4930,2053,0,0,437,132,39,12030,2239,0
3/7/20,27,1,0,0,0,0,0,6,5674,744,0,0,574,137,51,13011,981,0
3/8/20,31,4,0,0,0,0,0,6,6582,908,0,0,744,170,51,14184,1173,0
3/9/20,35,4,0,0,3,3,0,9,8353,1771,0,0,1020,276,51,16341,2157,0
3/10/20,37,2,0,0,0,0,0,9,11038,2685,0,0,1408,388,51,19562,3221,0
3/11/20,43,6,0,0,3,3,0,12,14953,3915,0,0,1828,420,51,24311,4749,0
3/12/20,51,8,0,0,5,5,0,17,20631,5678,0,0,2511,683,51,31313,7002,0
3/13/20,56,5,0,0,6,6,0,23,27445,6814,0,0,3354,843,51,41397,10084,0
3/14/20,64,8,0,0,4,4,0,27,33706,6261,0,0,4379,1025,51,51452,10055,0
3/15/20,79,15,0,0,10,10,0,37,40197,6491,0,0,5668,1289,51,61536,10084,0
3/16/20,100,21,0,0,6,6,0,43,60207,20010,0,0,7383,1715,56,86922,25386,0
3/17/20,124,24,0,0,33,33,325,76,78062,17855,0,0,9471,2088,56,113611,26689,0
3/18/20,152,28,0,0,18,18,416,94,99159,21097,0,0,12828,3357,56,146317,32706,0
3/19/20,203,51,0,0,34,34,617,128,126166,27007,0,0,17442,4614,56,185964,39647,0
3/20/20,273,70,0,0,44,44,1042,172,157496,31330,0,0,23544,6102,56,233760,47796,0
3/21/20,335,62,0,0,1849,1849,1492,2021,201710,44214,0,0,30476,6932,56,289715,55955,0
3/22/20,480,145,0,0,962,962,2173,2983,236453,34743,0,0,39699,9223,56,340462,50747,0
3/23/20,581,101,0,0,950,950,2812,3933,283492,47039,0,0,50891,11192,56,400173,59711,0
3/24/20,817,236,0,0,1186,1186,3938,5119,347736,64244,0,0,61773,10882,56,480215,80042,0
3/25/20,1058,241,74,0,1954,1954,5140,7073,424012,76276,0,167,74404,12631,56,562847,82632,146
3/26/20,1371,313,91,1299,2449,2449,7805,9522,506769,82757,0,258,92020,17616,56,668507,105660,97
3/27/20,1781,410,124,1792,2589,2589,10887,12111,590051,83282,0,293,111274,19254,56,768256,99749,2418
3/28/20,2332,551,140,2174,2406,2406,12393,14517,694892,104841,0,390,131045,19771,56,879193,110937,3145
3/29/20,2837,505,156,2456,2797,2797,14055,17314,763640,68748,0,433,150709,19664,56,963465,84272,4076
3/30/20,3422,585,187,3087,2473,2473,15892,19787,851748,88108,0,449,171911,21202,56,1065997,102532,4560
3/31/20,4330,908,230,3487,3995,3995,18155,23782,940530,88782,0,506,196848,24937,56,1181328,115331,5666
4/1/20,5336,1006,256,3937,4148,4148,20906,27930,1028082,87552,32,561,223119,26271,56,1300869,119541,7084
4/2/20,6511,1175,305,4513,4164,4164,22995,32094,1125231,97149,32,576,251182,28063,56,1427708,126839,8586
4/3/20,7798,1287,335,4928,4621,4621,25723,36715,1230614,105383,39,623,283072,31890,56,1567434,139726,10861
4/4/20,9276,1478,403,5500,4993,4993,30456,41708,1428863,198249,39,656,316130,33058,56,1799831,232397,12844
4/5/20,10618,1342,609,5811,3953,3953,32180,45661,1518205,89342,39,650,342040,25910,56,1922157,122326,14589
4/6/20,11932,1314,663,7079,2962,2962,36159,48623,1634290,116085,39,2961,370283,28243,56,2060620,138463,16557
4/7/20,13970,2038,738,9978,2931,2931,43849,51554,1763455,129165,43,4047,400759,30476,56,2226071,165451,18481
4/8/20,15973,2003,862,10276,4387,4387,45359,55941,1885410,121955,39,4142,431718,30959,56,2389599,163528,21132
4/9/20,18024,2051,918,12445,3829,3829,51323,59770,2025697,140287,39,5798,466834,35116,56,2564727,175128,24835
4/10/20,20107,2083,1179,12693,4911,4911,53167,64681,2145322,119625,39,5937,500442,33608,56,2723715,158988,29015
4/11/20,22182,2075,1399,13293,3735,3735,55563,68416,2259436,114114,152,5986,531705,31263,56,2871593,147878,31567
4/12/20,23882,1700,1449,13597,3322,3322,55294,71738,2370111,110675,158,5962,559820,28115,56,3010708,139115,34081
4/13/20,25515,1633,1622,13605,4491,4491,56211,76229,2472147,102036,208,6170,584101,24281,56,3135874,125166,35381
4/14/20,27867,2352,1715,14047,3172,3172,59610,79401,2594588,122441,221,5981,609975,25874,56,3294589,158715,39304
4/15/20,30412,2545,1783,14639,3502,3502,59930,82903,2707864,113276,223,6033,639896,29921,56,3445808,151219,43448
4/16/20,32606,2194,1834,15136,3172,3172,59496,86075,2847107,139243,176,5940,671423,31527,56,3627383,181575,48851
4/17/20,34724,2118,2052,14910,3366,3366,58892,89441,2974397,127290,187,6098,703407,31984,56,3795588,168205,53562
4/18/20,36619,1895,2096,14764,3440,3440,57799,92881,3098762,124365,205,5733,731357,27950,56,3963169,167581,62923
4/19/20,38382,1763,2145,14385,2177,2177,56497,95058,3225556,126794,214,5603,758880,27523,56,4110248,147079,67227
4/20/20,40198,1816,2193,14463,2309,2309,56721,97367,3341111,115555,214,5569,784847,25967,56,4255490,145242,69507
4/21/20,42677,2479,2315,14945,2736,2736,59779,100103,3468590,127479,214,5514,810886,26039,56,4423105,167615,72870
4/22/20,44762,2085,2370,15016,3086,3086,59207,103189,3765721,297131,227,5474,840062,29176,56,4765373,342268,92996
4/23/20,46571,1809,2428,14737,2820,2820,59214,106009,3934460,168739,227,5463,872015,31953,56,4977349,211976,96947
4/24/20,48545,1974,2468,14623,2388,2388,57370,108397,4137277,202817,227,5194,906241,34226,56,5217585,240236,103423
4/25/20,50174,1629,2516,14411,2297,2297,57340,110694,4367905,230628,227,5266,941975,35734,56,5491401,273816,112603
4/26/20,51393,1219,2571,14093,2215,2215,56161,112909,4542084,174179,227,5119,969289,27314,56,5693156,201755,116565
4/27/20,52683,1290,3720,13812,2245,2245,56183,115154,4702447,160363,252,4867,991696,22407,56,5883916,190760,121464
4/28/20,54761,2078,3798,13562,2014,2014,56034,117168,4895781,193334,252,4760,1016930,25234,56,6107371,223455,139080
4/29/20,57437,2676,4093,13550,2946,2946,56009,120114,5108642,212861,365,4803,1043106,26176,56,6363156,255785,147234
4/30/20,59597,2160,4192,13246,2382,2382,54905,122496,5318293,209651,373,4708,1073152,30046,56,6637454,274298,154587
5/1/20,61406,1809,4300,12861,9874,9874,54897,132370,5582413,264120,376,4712,1105960,32808,56,6920279,282825,163554
5/2/20,62933,1527,4386,12904,1995,1995,54008,134365,5790941,208528,375,4846,1135156,29196,56,7186998,266719,174886
5/3/20,64181,1248,4502,12724,1855,1855,52623,136220,6001466,210525,425,4762,1160945,25789,56,7423928,236930,178754
5/4/20,65209,1028,4579,12701,1765,1765,52375,137985,6201770,200304,430,4852,1183140,22195,56,7654314,230386,186670
5/5/20,67699,2490,4794,12620,1932,1932,53164,139917,6453012,251242,439,4810,1205484,22344,56,7935811,281497,189316
5/6/20,69617,1918,4911,12480,2154,2154,52609,142071,6689109,236097,449,4758,1230740,25256,56,8225137,289326,189134
5/7/20,72365,2748,5174,12135,4191,4191,51445,146262,6969639,280530,529,7067,1257969,27229,56,8550599,325462,194375
5/8/20,74149,1784,6294,11786,6230,6230,49770,152492,7243341,273702,531,6793,1285166,27197,56,8861733,311134,198423
5/9/20,75605,1456,6367,11504,1680,1680,48581,154172,7525147,281806,543,6550,1310486,25320,56,9180405,318672,211899
5/10/20,76640,1035,6445,11382,1043,1043,46735,155215,7770843,245696,547,6392,1331602,21116,56,9454347,273942,215479
5/11/20,77531,891,6488,11153,1374,1374,46550,156589,8108808,337965,551,6349,1349742,18140,56,9825652,371305,232012
5/12/20,79040,1509,6585,11241,1486,1486,47343,158075,8411810,303002,559,6350,1372184,22442,56,10167555,341903,238863
5/13/20,80770,1730,6713,10991,1786,1786,46921,159861,8714322,302512,572,6164,1393684,21500,56,10508810,341255,243078
5/14/20,82623,1853,6795,10655,3160,3160,45923,163021,9055692,341370,582,5940,1420457,26773,56,10896628,387818,246231
5/15/20,84161,1538,6890,10476,1314,1314,44553,164335,9388594,332902,589,5744,1445947,25490,56,11302121,405493,250665
5/16/20,85398,1237,6945,10276,1796,1796,43515,166131,9725848,337254,592,5532,1469690,23743,56,11685836,383715,268206
5/17/20,86271,873,7003,9945,1134,1134,42019,167265,10079684,353836,593,5467,1490126,20436,56,12036148,350312,272009
5/18/20,87125,854,7064,9748,1132,1132,41940,168397,10395372,315688,602,5260,1510723,20597,56,12384941,348793,282949
5/19/20,88442,1317,7217,9598,1548,1548,42023,169945,10792489,397117,606,5032,1531410,20687,56,12804732,419791,289283
5/20/20,89839,1397,7319,9522,1756,1756,41856,171701,11198275,405786,613,4907,1552703,21293,56,13259723,454991,294133
5/21/20,91219,1380,7412,9092,4547,4547,41359,176248,11651491,453216,616,4871,1579534,26831,56,13772581,512858,298183
5/22/20,92509,1290,7689,9042,3949,3949,40008,180197,12069144,417653,633,4714,1603649,24115,56,14223245,450664,349966
5/23/20,93549,1040,7770,8739,1385,1385,38625,181582,12468378,399234,638,4621,1626210,22561,56,14673593,450348,361116
5/24/20,94237,688,7801,8491,1028,1028,37742,182610,12841024,372646,639,4380,1645272,19062,56,15060773,387180,366510
5/25/20,94793,556,7847,8467,898,898,37703,183508,13233789,392765,642,4232,1663827,18555,56,15471008,410235,378892
5/26/20,95458,665,7899,8580,17287,1229,37751,200795,13521711,287922,650,4221,1680517,16690,56,15786421,315413,384190
5/27/20,96793,1335,8015,8552,1561,1561,38300,202356,13815297,293586,666,4223,1699689,19172,56,16209686,423265,391223
5/28/20,98028,1235,8109,8392,1594,1594,38000,203950,14257084,441787,676,4079,1722488,22799,56,16697665,487979,477608
5/29/20,99202,1174,8235,8170,1571,1571,36942,205521,14738802,481718,689,4028,1746106,23618,56,17231482,533817,484191
5/30/20,100125,923,8305,7960,1421,1421,35759,206942,15145223,406421,698,4008,1769702,23596,56,17683042,451560,494152
5/31/20,100780,655,8445,7625,895,895,34925,207837,15518647,373424,704,3669,1791343,21641,56,18108021,424979,522441
6/1/20,101459,679,8485,7592,2862,2862,34325,210699,15905587,386940,704,3950,1811444,20101,56,18524535,416514,535938
6/2/20,102430,971,8566,7410,1735,1735,33956,212434,16323051,417464,710,3854,1831323,19879,56,18982537,458002,541613
6/3/20,103405,975,8688,7229,2145,2145,33227,214579,16796973,473922,717,3754,1851505,20182,56,19476601,494064,556914
6/4/20,104288,883,8787,7044,-2856,1831,32802,211723,17247881,450908,723,3662,1871982,20477,56,19986407,509806,569233
6/5/20,105123,835,8863,6921,1518,1518,32502,213241,17750381,502500,740,3520,1895032,23050,56,20597155,610748,575902
6/6/20,105837,714,8920,6762,989,989,31994,214230,18268401,518020,750,3476,1917778,22746,56,21160878,563723,585024
6/7/20,106284,447,8957,6501,655,655,31490,214885,18683482,415081,753,3298,1936834,19056,56,21592825,431947,590504
6/8/20,106959,675,9013,6398,1071,1071,31105,215956,19051433,367951,762,3238,1953757,16923,56,21997224,404399,602715
6/9/20,107845,886,9141,6453,1279,1279,31179,217235,19453948,402515,771,3088,1970673,16916,56,22449769,452545,609180
6/10/20,108738,893,9225,6256,1239,1239,30961,218474,19887426,433478,780,3022,1991553,20880,56,22928584,478815,617676
6/11/20,109634,896,9295,6075,1526,1526,29850,220000,20320003,432577,792,2885,2013544,21991,56,23411513,482929,628032
6/12/20,110400,766,9373,6009,1376,1376,29306,221376,20935083,615080,814,2738,2036685,23141,56,24036770,625257,635502
6/13/20,111094,694,9430,5883,954,954,28578,222330,21424533,489450,830,2726,2062138,25453,56,24576086,539316,644761
6/14/20,111449,355,9466,5749,610,610,28020,222940,21874397,449864,834,2716,2083796,21658,56,25054050,477964,649974
6/15/20,111834,385,9516,5700,664,664,28034,223604,22284611,410214,835,2636,2102051,18255,56,25500159,446109,664469
6/16/20,112554,720,9590,5570,1184,1184,28370,224788,22736402,451791,845,2591,2124889,22838,56,26002241,502082,671645
6/17/20,113334,780,9665,5608,1077,1077,28647,225865,23232945,496543,857,2584,2149042,24153,56,26557660,555419,680406
6/18/20,114016,682,9736,5472,1108,1108,28538,226973,23729014,496069,869,2518,2176084,27042,56,27113434,555774,690121
6/19/20,114668,652,9876,5337,1578,1578,28693,228551,24317332,588318,884,2433,2206949,30865,56,27766210,652776,697525
6/20/20,115283,615,9908,5229,699,699,28084,229250,24862450,545118,888,2380,2239185,32236,56,28372490,606280,708341
6/21/20,115576,293,9944,5195,519,519,28325,229769,25314515,452065,904,2321,2268373,29188,56,28871654,499164,712904
6/22/20,115864,288,10002,5325,824,824,28963,230593,25763421,448906,909,2301,2295202,26829,56,29362501,490847,730966
6/23/20,116588,724,10077,5392,1271,1271,30355,231864,26230414,466993,918,2292,2328649,33447,56,30019975,657474,738438
6/24/20,117292,704,10173,5292,1246,1246,31270,233110,26753830,523416,934,2247,2367766,39117,56,30577346,557371,747031
6/25/20,117940,648,10257,5319,1296,1296,31922,234406,27401122,647292,951,2214,2407473,39707,56,31283437,706091,756075
6/26/20,118558,618,10334,5290,1542,1542,31850,235948,28006518,605396,966,2069,2451813,44340,56,32074412,790975,763402
6/27/20,119066,508,10415,5314,1058,1058,32566,237006,28611153,604635,977,2159,2494871,43058,56,32774579,700167,771895
6/28/20,119339,273,10473,5252,547,547,32575,237553,29159782,548629,983,2077,2536616,41745,56,33393673,619094,777667
6/29/20,119675,336,10542,5389,731,731,33742,238284,29752594,592812,990,2021,2576014,39398,56,34065648,671975,797672
6/30/20,120254,579,10669,5426,1473,1473,35337,239757,30376558,623964,1008,2044,2623024,47010,56,34778911,713263,813197
7/1/20,120952,698,10752,5492,1429,1429,36526,241186,31009289,632731,1027,2099,2674070,51046,56,35512932,734021,822580
7/2/20,121651,699,10843,5636,1697,1697,37646,242883,31652101,642812,1041,2104,2727581,53511,56,36287534,774602,874493
7/3/20,122254,603,10936,5597,1358,1358,37927,244241,32352965,700864,1059,2049,2781780,54199,56,37071263,783729,883025
7/4/20,122550,296,10977,5633,872,872,38281,245113,32934368,581403,1063,1982,2836661,54881,56,37749219,677956,893652
7/5/20,122759,209,11010,5653,582,582,38872,245695,33511171,576803,1064,2080,2881995,45334,56,38390068,640849,901881
7/6/20,122996,237,11058,5678,762,762,39960,246457,33992004,480833,1070,2104,2922920,40925,56,39038110,648042,923394
7/7/20,123901,905,11177,5838,1976,1976,41949,248433,34600923,608919,1084,2102,2973910,50990,56,39763717,725607,935819
7/8/20,124720,819,11303,5872,1890,1890,43207,250323,35234535,633612,1103,2167,3036723,62813,56,40543883,780166,952731
7/9/20,125583,863,11370,5843,1661,1661,44051,251984,35925172,690637,1138,2129,3095785,59062,56,41388121,844238,968341
7/10/20,126422,839,11523,5899,2196,2196,51724,254180,36686970,761798,1118,2192,3162896,67111,56,42287560,899439,982489
7/11/20,127177,755,11612,5939,5088,5088,51982,259268,37365585,678615,1128,2169,3225465,62569,56,43106333,818773,994923
7/12/20,127649,472,11679,5930,894,894,52860,260162,38054166,688581,1136,2182,3287070,61605,56,43922519,816186,1005644
7/13/20,127978,329,11749,6063,1120,1120,54118,261282,38670510,616344,1142,2254,3344230,57160,56,44674570,752051,1031134
7/14/20,128719,741,11857,6238,2246,2246,55678,263528,39406087,735577,1154,2263,3402839,58609,56,45520194,845624,1048365
7/15/20,129582,863,12002,6328,2388,2388,56340,265916,40155425,749338,1166,2322,3472212,69373,56,46428195,908001,1075159
7/16/20,130523,941,12091,6349,2210,2210,57602,268126,40939620,784195,1175,2314,3542701,70489,56,47371805,943610,1089852
7/17/20,131462,939,12243,6451,2485,2485,57871,270611,41708876,769256,1200,2352,3619225,76524,56,48304083,932278,1106096
7/18/20,132338,876,12342,6397,1992,1992,57822,272603,42387725,678849,1211,2343,3683975,64750,56,49157181,853098,1121955
7/19/20,132865,527,12393,6384,888,888,58052,273491,43052988,665263,1216,2362,3748205,64230,56,49953756,796575,1130378
7/20/20,133241,376,12475,6551,1563,1563,58518,275054,43676300,623312,1223,2403,3804868,56663,56,50689673,735917,1159207
7/21/20,134282,1041,12629,6717,2551,2551,59476,277605,44365235,688935,1242,2414,3867788,62920,56,51517283,827610,1182115
7/22/20,135431,1149,12790,10460,2238,2238,59758,279843,45098342,733107,1258,2444,3937210,69422,56,52419369,902086,1210067
7/23/20,136501,1070,12933,10423,2373,2373,59860,282216,45870465,772123,1280,2467,4008646,71436,56,53351390,932021,1232275
7/24/20,137676,1175,13182,10389,3063,3063,59800,285279,46719461,848996,1297,2709,4083707,75061,56,54357768,1006378,1260709
7/25/20,138690,1014,13279,10380,1820,1820,59382,287099,47423805,704344,1300,2729,4148552,64845,56,55225676,867908,1278557
7/26/20,139251,561,13343,10353,1380,1380,58731,288479,48162097,738292,1336,2723,4209320,60768,56,56080866,855190,1296974
7/27/20,140317,1066,13412,10328,1631,1631,58987,290110,48821400,659303,1356,2723,4263799,54479,56,56864761,783895,1324782
7/28/20,141428,1111,13559,10463,4068,4068,57185,294178,49544668,723268,1372,2748,4322256,58457,56,57702017,837256,1354486
7/29/20,142931,1503,13744,10535,2860,2860,57422,297038,50299845,755177,1400,2771,4386399,64143,56,58609890,907873,1389701
7/30/20,144179,1248,13875,10519,3291,3291,56571,300329,51023556,723711,1415,2762,4455360,68961,56,59497803,887913,1413003
7/31/20,145507,1328,14044,10473,2532,2532,55721,302861,51672554,648998,1437,2701,4523187,67827,56,60486154,988351,1437145
8/1/20,146708,1201,14227,10450,2386,2386,54554,305247,52317924,645370,1445,2698,4583866,60679,56,61287807,801653,1460930
8/2/20,147204,496,14288,10415,831,831,54106,306078,52977060,659136,1448,2645,4637167,53301,56,62069505,781698,1467653
8/3/20,147720,516,14370,10233,1558,1558,53517,307636,53598829,621769,1463,2664,4679905,42738,56,62803118,733613,1512351
8/4/20,148961,1241,14537,10207,4423,4423,53436,312059,54270279,671450,1493,2701,4731103,51198,56,63591815,788697,1528017
8/5/20,150316,1355,14687,9988,2118,2118,53435,314177,54936365,666086,1524,2721,4783801,52698,56,64408899,817084,1576705
8/6/20,151557,1241,14810,9996,2615,2615,53219,316792,55630654,694289,1534,2714,4837849,54048,56,65257845,848946,1597486
8/7/20,152880,1323,14925,9698,7994,7994,51327,324786,56334222,703568,1549,2628,4898672,60823,56,66143550,885705,1622743
8/8/20,153966,1086,15024,9662,1494,1494,50071,326280,56981484,647262,1561,2566,4952201,53529,56,66921589,778039,1641953
8/9/20,154587,621,15081,9307,862,862,48997,327142,57647243,665759,1578,2507,5002967,50766,56,67708350,786761,1655695
8/10/20,155017,430,15158,9209,1554,1554,48751,328696,58309051,661808,1592,2529,5044337,41370,56,68471835,763485,1669448
8/11/20,156337,1320,15331,9135,2624,2624,48600,331320,59032186,723135,1612,2422,5099272,54935,56,69300058,828223,1713812
8/12/20,157854,1517,15524,9564,2971,2971,48067,334291,59496042,463856,1629,2602,5155458,56186,56,69885872,585814,1753938
8/13/20,159017,1163,15629,9480,2675,2675,47303,336966,60260268,764226,1649,2574,5207221,51763,56,70817560,931688,1773505
8/14/20,160243,1226,15764,9277,2141,2141,45868,339107,61049468,789200,1665,2555,5264322,57101,56,71788042,970482,1795048
8/15/20,161470,1227,15891,9087,1891,1891,44922,340998,61735583,686115,1663,2526,5320368,56046,56,72658477,870435,1817332
8/16/20,162087,617,15924,8958,685,685,44155,341683,62390167,654584,1665,2481,5362871,42503,56,73424191,765714,1831798
8/17/20,162498,411,15985,8881,1224,1224,43614,342907,62994462,604295,1678,2444,5400622,37751,56,74143699,719508,1864156
8/18/20,163677,1179,16123,8859,2261,2261,43840,345168,63631113,636651,1695,2467,5440692,40070,56,74899701,756002,1887820
8/19/20,165088,1411,16377,8747,1983,1983,43406,347151,64308921,677808,1705,2375,5485765,45073,56,75730693,830992,1923539
8/20/20,166217,1129,16487,8486,1983,1983,42109,349134,64954352,645431,1716,2330,5529609,43844,56,76578166,847473,1945370
8/21/20,167336,1119,16563,8358,1783,1783,41049,350917,65671416,717064,1730,2288,5576065,46456,56,77473824,895658,1963656
8/22/20,168371,1035,16657,8207,1603,1603,40017,352520,66364148,692732,1736,2204,5622119,46054,56,78353638,879814,1984030
8/23/20,168948,577,16697,7949,698,698,39064,353218,66942434,578286,1737,2131,5660019,37900,56,79063222,709584,1996283
8/24/20,169289,341,16787,7854,1031,1031,38806,354249,67593788,651354,1764,2112,5694562,34543,56,79806287,743065,2019265
8/25/20,170429,1140,16920,7854,1988,1988,38831,356237,68215515,621727,1789,2161,5731401,36839,56,80523671,717384,2052181
8/26/20,171729,1300,17046,7742,1804,1804,38515,358041,68824608,609093,1809,2143,5775732,44331,56,81285777,762106,2083058
8/27/20,172857,1128,17181,7712,1654,1654,37498,359695,69535870,711262,1831,2128,5819843,44111,56,82131065,845288,2099845
8/28/20,173877,1020,17304,7564,1642,1642,37356,361337,70251258,715388,1856,2087,5865958,46115,56,83044206,913141,2116819
8/29/20,174894,1017,17401,7413,1299,1299,36516,362636,70951769,700511,1864,2062,5909953,43995,56,83929467,885261,2139034
8/30/20,175371,477,17439,7268,662,662,35801,363298,71646204,694435,1870,2055,5948719,38766,56,84761542,832075,2152344
8/31/20,175751,380,17537,7047,710,710,35453,364008,72269798,623594,1877,2075,5980439,31720,56,85459005,697463,2183106
9/1/20,176765,1014,17655,7084,1867,1867,35338,365875,72897699,627901,1902,2041,6022681,42242,56,86262695,803690,2200969
9/2/20,177800,1035,17784,7091,1521,1521,35660,367396,73521528,623829,1918,2027,6053336,30655,56,87046476,783781,2229854
9/3/20,178872,1072,17894,6923,1488,1488,34753,368884,74203795,682267,1928,2038,6097979,44643,56,87941683,895207,2265262
9/4/20,179871,999,18012,6922,1249,1249,34177,370133,75082274,878479,1943,1998,6149579,51600,56,89018913,1077230,2281694
9/5/20,180797,926,18089,6766,1173,1173,33626,371306,75822549,740275,1956,1956,6194439,44860,56,89971923,953010,2300418
9/6/20,181249,452,18125,6700,499,499,32497,371805,76442166,619617,1960,1912,6227472,33033,56,90721837,749914,2314245
9/7/20,181476,227,18156,6630,474,474,32116,372279,76978634,536468,1967,1879,6255589,28117,56,91369206,647369,2331821
9/8/20,181823,347,18189,6543,934,934,32339,373213,77456298,477664,1975,1881,6277899,22310,56,91943853,574647,2357253
9/9/20,182911,1088,18322,6659,1970,1970,32653,375183,78018707,562409,1994,1906,6308632,30733,56,92671501,727648,2385765
9/10/20,184072,1161,18453,6522,1498,1498,32521,376681,78598411,579704,2008,1923,6346041,37409,56,93474345,802844,2401767
9/11/20,185087,1015,18549,6376,1510,1510,31530,378191,79304148,705737,2031,1716,6390739,44698,56,94392707,918362,2416107
9/12/20,185904,817,18648,6451,1145,1145,30758,379336,80088223,784075,2051,1619,6432589,41850,56,95361034,968327,2437110
9/13/20,186296,392,18692,6233,545,545,29921,379881,80686298,598075,2056,1562,6467168,34579,56,96126311,765277,2448271
9/14/20,186703,407,18748,6249,912,912,30071,380793,81399928,713630,2061,1513,6500740,33572,56,96981095,854784,2476089
9/15/20,187737,1034,18847,6308,1484,1484,30427,382277,82055929,656001,2071,1574,6535518,34778,56,97805556,824461,2493288
9/16/20,188927,1190,18961,6303,1461,1461,30345,383738,82674035,618106,2090,1647,6575837,40319,56,98628649,823093,2523812
9/17/20,189807,880,19057,6285,1549,1549,30035,385287,83408151,734116,2092,1662,6619479,43642,56,99595480,966831,2538611
9/18/20,190708,901,19163,6175,1423,1423,29651,386710,84216302,808151,2107,1608,6666368,46889,56,100660590,1065110,2556013
9/19/20,191455,747,19243,6163,1051,1051,29185,387761,85093870,877568,2111,1577,6712036,45668,56,101779020,1118430,2575546
9/20/20,191782,327,19281,6100,525,525,28724,388286,85877102,783232,2112,1595,6747569,35533,56,102755446,976426,2587314
9/21/20,192063,281,19353,6138,1064,1064,28849,389350,86499103,622001,2116,1570,6786731,39162,56,103518993,763547,2614029
9/22/20,192922,859,19324,6188,1534,1534,29645,390884,87182023,682920,2130,1558,6835717,48986,56,104396009,877016,2645001
9/23/20,194078,1156,19452,6200,1454,1454,30015,392338,87966860,784837,2154,1545,6875215,39498,56,105389907,993898,2670337
9/24/20,195016,938,19555,6274,1484,1484,30159,393822,88703726,736866,2177,1560,6918556,43341,56,106380019,990112,2708301
9/25/20,195863,847,19919,6220,1322,1322,29888,395144,89575525,871799,2264,1508,6973793,55237,56,107501431,1121412,2725469
9/26/20,196736,873,20002,6143,1225,1225,29670,396369,90435768,860243,2272,1509,7021061,47268,56,108604224,1102793,2748595
9/27/20,197046,310,20050,6170,613,613,29579,396982,91109867,674099,2277,1511,7056051,34990,56,109519159,914935,2764336
9/28/20,197292,246,20121,6048,1181,1181,29696,398163,91883635,773768,2285,1513,7091427,35376,56,110545182,1026023,2792677
9/29/20,198016,724,20247,6172,1673,1673,30601,399836,92622559,738924,2298,1497,7128193,36766,56,111507296,962114,2811338
9/30/20,199080,1064,20390,6241,1618,1618,31021,401454,93315238,692679,2319,1510,7173102,44909,56,112454114,946818,2838482
10/1/20,199942,862,20492,6262,1757,1757,30942,403211,94084063,768825,2334,1543,7218822,45720,56,113441678,987564,2858686
10/2/20,200784,842,20612,6195,1443,1443,30880,404654,95023870,939807,2348,1534,7268249,49427,56,114672164,1230486,2871287
10/3/20,201522,738,20686,6073,1088,1088,30209,405742,95821453,797583,2358,1501,7319123,50874,56,115738066,1065902,2895293
10/4/20,201902,380,20729,6056,663,663,30063,406405,96608136,786683,2362,1485,7357288,38165,56,116742026,1003960,2909644
10/5/20,202233,331,20812,6292,1447,1447,31426,407852,97439686,831550,2370,1514,7395040,37752,56,117728149,986123,2932961
10/6/20,202846,613,20973,6490,-752,1792,32726,407100,98159774,720088,2388,1609,7433886,38846,56,118656816,928667,2950304
10/7/20,203775,929,21112,6591,2138,2138,33565,409238,98931314,771540,2410,1650,7485102,51216,56,119691687,1034871,2997942
10/8/20,204754,979,21217,6694,2134,2134,34446,411372,99550067,618753,2427,1638,7540410,55308,56,120895786,1204099,3019299
10/9/20,205667,913,21389,6775,1735,1735,34974,413107,100519903,969836,2437,1651,7597403,56993,56,122132740,1236954,3037145
10/10/20,206358,691,21512,6752,1486,1486,34700,414593,101458741,938838,2451,1667,7655038,57635,56,123375550,1242810,3061045
10/11/20,206829,471,21553,6749,981,981,34609,415574,102238915,780174,2454,1646,7701710,46672,56,124443546,1067996,3072920
10/12/20,207114,285,21625,6860,1106,1106,35148,416680,103079584,840669,2464,1663,7744944,43234,56,125463772,1020226,3104644
10/13/20,207832,718,21735,7104,2058,2058,36171,418738,103950500,870916,2485,1757,7791923,46979,56,126544301,1080529,3122531
10/14/20,208633,801,21889,7236,2437,2437,37184,421175,104587770,637270,2516,1775,7849163,57240,56,127625672,1081371,3153746
10/15/20,209561,928,22051,7303,2010,2010,37423,423185,105468397,880627,2531,1773,7912804,63641,56,128776780,1151108,3175500
10/16/20,210452,891,22202,7333,1866,1866,37479,425051,106409871,941474,2547,1740,7981309,68505,56,130004877,1228097,3195422
10/17/20,211232,780,22320,7466,1546,1546,37474,426597,107377279,967408,2553,1791,8038984,57675,56,131323361,1318484,3218561
10/18/20,211637,405,22391,7383,813,813,36536,427410,108125408,748129,2557,1762,8086941,47957,56,132363184,1039823,3231947
10/19/20,212080,443,22475,8063,1605,1605,37976,429015,109116425,991017,2577,1804,8144591,57650,56,133476485,1113301,3270429
10/20/20,212913,833,22662,8206,2309,2309,39391,431324,109893302,776877,2593,2042,8205165,60574,56,134468362,991877,3293315
10/21/20,213941,1028,22855,8291,2123,2123,40397,433447,110638378,745076,2622,2083,8266875,61710,56,135487768,1019406,3321258
10/22/20,215058,1117,23018,8180,2505,2505,41114,435952,111578396,940018,2641,2147,8340294,73419,56,136764300,1276532,3350982
10/23/20,216007,949,23221,8342,15058,2163,41614,451010,112617944,1039548,2679,2180,8422869,82575,56,138165501,1401201,3373284
10/24/20,216903,896,23356,8675,1822,1822,42087,452832,113553312,935368,2691,2230,8506661,83792,56,139486074,1320573,3404503
10/25/20,217294,391,23420,8590,1076,1076,41883,453908,114440777,887465,2693,2176,8571132,64471,56,140670993,1184919,3420713
10/26/20,217691,397,23542,8946,1697,1697,42988,455605,115403371,962594,2703,2300,8634562,63430,56,141876881,1205888,3458204
10/27/20,218613,922,23701,8985,2290,2290,44391,457895,116222143,818772,2719,2283,8706817,72255,56,142970300,1093419,3485474
10/28/20,219660,1047,23883,9133,2461,2461,45214,460356,117065150,843007,2744,2354,8786517,79700,56,144136954,1166654,3515953
10/29/20,220720,1060,24082,9320,2321,2321,46191,462677,118080193,1015043,2760,2399,8875882,89365,56,145499206,1362252,3552166
10/30/20,221667,947,24230,9550,2403,2403,46880,465080,119064108,983915,2776,2477,8973824,97942,56,146896615,1397409,3576201
10/31/20,222625,958,24375,9613,2116,2116,47486,467196,120112074,1047966,2786,2502,9065118,91294,56,148311342,1414727,3610296
11/1/20,223035,410,24457,9665,1166,1166,47615,468362,120901796,789722,2797,2553,9207091,141973,56,149438267,1126925,3631622
11/2/20,223510,475,24560,9957,1399,1399,48750,469761,121927176,1025380,2809,2633,9290545,83454,56,150740058,1301791,3672742
11/3/20,225027,1517,24796,10538,3135,3135,50509,472896,122825166,897990,2833,2734,9380557,90012,56,151946445,1206387,3702925
11/4/20,226158,1131,25041,10892,3107,3107,52166,476003,123717559,892393,2853,2832,9485661,105104,56,153223963,1277518,3741442
11/5/20,227312,1154,25276,11050,2553,2553,53380,478556,124915182,1197623,2872,2876,9604256,118595,56,154834177,1610214,3779523
11/6/20,228497,1185,25498,11213,3121,3121,55005,481677,126072678,1157496,2885,2850,9733182,128926,56,156497312,1663135,3808730
11/7/20,229622,1125,25721,11215,2341,2341,56037,484018,127070075,997397,2898,2947,9864819,131637,56,157900041,1402729,3849345
11/8/20,230135,513,25819,11223,1467,1467,56942,485485,127943145,873070,2900,2977,9977078,112259,56,159121807,1221766,3879255
11/9/20,230712,577,26087,11636,2176,2176,59342,487661,129085982,1142837,2907,3111,10095312,118234,56,160575730,1453923,3926618
11/10/20,232070,1358,26335,12057,4070,4070,62119,491731,130091117,1005135,2922,3202,10228435,133123,56,161912785,1337055,3959700
11/11/20,233647,1577,26584,12626,3281,3281,65549,495012,131114894,1023777,2947,3365,10377166,148731,56,163372164,1459379,3995023
11/12/20,234759,1112,26803,12917,3562,3562,67236,498574,132156347,1041453,2954,3622,10534222,157056,56,164942695,1570531,4049143
11/13/20,236060,1301,26997,13280,3673,3673,68585,502247,133368431,1212084,2967,3766,10708176,173954,56,166642725,1700030,4093148
11/14/20,237413,1353,27172,13491,3468,3468,69588,505715,134557148,1188717,2972,3945,10875359,167183,56,168346431,1703706,4146419
11/15/20,238125,712,27269,13849,1868,1868,70202,507583,135641381,1084233,2975,3939,11022289,146930,56,169909237,1562806,4183378
11/16/20,238732,607,27437,14471,2907,2907,73320,510490,136777817,1136436,2988,4156,11172000,149711,56,171443539,1534302,4242683
11/17/20,240285,1553,27681,15009,3887,3887,77047,514377,137923916,1146099,3004,4379,11331027,159027,56,173041278,1597739,4292094
11/18/20,242170,1885,27989,15557,4352,4352,79478,518729,139033985,1110069,3024,4699,11498600,167573,56,174694234,1652956,4348089
11/19/20,244180,2010,28216,15759,4456,4456,80669,523185,140301159,1267174,3052,4860,11685769,187169,56,176500349,1806115,4410709
11/20/20,246090,1910,28472,16146,3903,3903,82318,527088,141679378,1378219,3078,5058,11882263,196494,56,178440235,1939886,4457930
11/21/20,247641,1551,28693,16264,3375,3375,83346,530463,143110987,1431609,3087,5103,12065464,183201,56,180490965,2050730,4529788
11/22/20,248564,923,28828,16411,2291,2291,83882,532754,144356771,1245784,3094,5233,12219300,153836,56,182262128,1771163,4526635
11/23/20,249417,853,28990,17060,2835,2835,85945,535589,145628657,1271886,3106,5455,12373881,154581,56,184011025,1748897,4633600
11/24/20,251508,2091,29245,17317,4685,4685,88132,540274,147011832,1383175,3123,5626,12539132,165251,56,185816645,1805620,4696996
11/25/20,253789,2281,29540,17738,4538,4538,90043,544812,148227473,1215641,3147,5987,12726809,187677,56,187645458,1828813,4835956
11/26/20,255181,1392,29673,18019,2333,2333,90564,547145,149129272,901799,3153,5986,12855872,129063,56,188976514,1331056,4871312
11/27/20,256585,1404,29858,18056,3418,3418,89913,550563,150534221,1404949,3171,6028,13054131,198259,56,191020431,2043917,4947446
11/28/20,257828,1243,30109,18249,3485,3485,91762,554048,151744522,1210301,3179,6148,13205195,151064,56,192636491,1616060,5024447
11/29/20,258653,825,30274,18437,2429,2429,93357,556477,152606745,862223,3184,6245,13342162,136967,56,193923420,1286929,5065148
11/30/20,259690,1037,30469,18807,3394,3394,96134,559871,153821744,1214999,3205,6520,13491678,149516,56,195536151,1612731,5146643
12/1/20,262179,2489,30749,19292,4916,4916,98736,564787,154833236,1011492,3223,6643,13670815,179137,56,196992167,1456016,5226581
12/2/20,264990,2811,31038,19687,5238,5238,100327,570025,156813525,1980289,3252,6855,13872561,201746,56,198551838,1559671,5322128
12/3/20,267812,2822,31276,19714,5369,5369,100746,575394,158081440,1267915,3280,6871,14087366,214805,56,200444782,1892944,5404018
12/4/20,270375,2563,31608,19853,4654,4654,101309,580048,159341151,1259711,3305,6992,14316250,228884,56,202306404,1861622,5470389
12/5/20,272861,2486,31831,19947,3513,3513,101192,583561,160890666,1549515,3321,7006,14534020,217770,56,204528357,2221953,5576152
12/6/20,274024,1163,31946,20145,2311,2311,101501,585872,162005975,1115309,3322,7095,14716371,182351,56,206148583,1620226,5624609
12/7/20,275315,1291,32120,20097,3461,3461,102122,589333,163275820,1269845,3328,7067,14897844,181473,56,207874219,1725636,5714557
12/8/20,277995,2680,32406,20475,4410,4410,104637,593743,164555022,1279202,3359,7251,15113797,215953,56,209526407,1652188,5788509
12/9/20,281164,3169,32720,20903,5300,5300,106671,599043,165823533,1268511,3376,7621,15328757,214960,56,211330220,1803813,5891885
12/10/20,284296,3132,32919,21024,4450,4450,107300,603493,167095279,1271746,3394,7444,15548042,219285,56,213217407,1887187,5985047
12/11/20,287043,2747,33237,21012,5411,5411,108101,608904,168437321,1342042,3424,7488,15783513,235471,56,215204606,1987199,6135314
12/12/20,289540,2497,33419,21198,3789,3789,108461,612693,169626242,1188921,3430,7515,16008800,225287,56,217039353,1834747,6246808
12/13/20,291041,1501,33494,21230,2314,2314,109298,615007,170840662,1214420,3432,7535,16195563,186763,56,218809516,1770163,6298331
12/14/20,292398,1357,33693,21458,3461,3461,110573,618468,172472590,1631928,3442,7699,16388425,192862,56,220905384,2095868,6399531
12/15/20,295322,2924,33958,21897,4430,4430,112816,622898,173821524,1348934,3460,7702,16579018,190593,56,222702454,1797070,6490879
12/16/20,298775,3453,34237,21943,4776,4776,113257,627674,175036537,1215013,3488,7782,16810868,231850,56,224504540,1802086,6597661
12/17/20,302240,3465,34485,21912,5167,5167,114492,632841,176294411,1257874,3504,7848,17051896,241028,56,226369128,1864588,6681651
12/18/20,305106,2866,34716,21745,5214,5214,113955,638055,177832847,1538436,3519,7786,17291633,239737,56,228566874,2197746,6762700
12/19/20,307814,2708,34949,21692,3429,3429,113914,641484,179041676,1208829,3529,7786,17494979,203346,56,230329358,1762484,6882996
12/20/20,309482,1668,35030,21763,2382,2382,113601,643866,180262263,1220587,3530,7695,17691942,196963,56,232121438,1792080,6935156
12/21/20,310962,1480,35178,21884,3111,3111,115358,646977,181821973,1559710,3539,7783,17870939,178997,56,234146865,2025427,7043814
12/22/20,314099,3137,35428,22213,4567,4567,117777,651544,183090747,1268774,3554,7830,18061071,190132,56,235874354,1727489,7127027
12/23/20,317492,3393,35695,22489,4795,4795,119463,656339,184278839,1188092,3579,7819,18282977,221906,56,237614387,1740033,7234883
12/24/20,320450,2958,35899,22623,4289,4289,120200,660628,185553525,1274686,3587,7792,18487274,204297,56,239551294,1936907,7337694
12/25/20,322003,1553,35945,22418,2047,2047,118948,662675,186539345,985820,3592,7831,18613141,125867,56,240924569,1373275,7362280
12/26/20,323429,1426,36038,22373,2292,2292,117344,664967,188060095,1520750,3593,7809,18803256,190115,56,243046630,2122061,7473612
12/27/20,324826,1397,36164,22447,2302,2302,118720,667269,189071378,1011283,3604,7878,18956234,152978,56,244386970,1340340,7530424
12/28/20,326316,1490,36308,22579,3723,3723,121202,670992,190195361,1123983,3612,7948,19119572,163338,56,245863830,1476860,7603260
12/29/20,329605,3289,36583,22838,5261,5261,124686,676253,191144337,948976,3635,7885,19315654,196082,56,247155673,1291843,7702010
12/30/20,333505,3900,36855,23069,5514,5514,125220,681767,192110053,965716,3653,7930,19541562,225908,56,248690047,1534374,7807570
12/31/20,336802,3297,37066,23097,4348,4348,125423,686115,193229838,1119785,3672,8004,19764598,223036,56,250437792,1747745,7919313
1/1/21,339394,2592,37196,23255,4550,4550,125047,690665,194121169,891331,3681,7990,19945086,180488,56,251798001,1360209,7950638
1/2/21,341800,2406,37309,23133,3051,3051,123614,693716,195479908,1358739,3684,7910,20224475,279389,56,253858221,2060220,8091965
1/3/21,343255,1455,37433,23243,2226,2226,125562,695942,196481105,1001197,3688,7939,20432231,207756,56,255259670,1401449,8137391
1/4/21,344802,1547,37586,23435,3892,3892,128210,699834,197673383,1192278,3692,7930,20610669,178438,56,256828216,1568546,8299717
1/5/21,348286,3484,37841,23509,4290,4290,131195,704124,198908007,1234624,3718,7976,20825755,215086,56,258507055,1678839,8377851
1/6/21,352188,3902,38064,23708,6607,6607,132474,710731,199912119,1004112,3739,7946,21073841,248086,56,260107884,1600829,8478384
1/7/21,356267,4079,38236,23821,5312,5312,132370,716043,201127742,1215623,3748,7900,21343166,269325,56,262023102,1915218,8588540
1/8/21,360047,3780,38432,23912,4705,4705,131921,720748,202492314,1364572,3756,7908,21635370,292204,56,264140542,2117440,8662589
1/9/21,363584,3537,38607,23718,6683,6683,130781,727431,203865982,1373668,3767,7791,21901769,266399,56,266204645,2064103,8766538
1/10/21,365652,2068,38706,23640,2413,2413,129223,729844,205271921,1405939,3771,7878,22129477,227708,56,268192527,1987882,8812187
1/11/21,367385,1733,38823,23501,3045,3045,129793,732889,206656397,1384476,3773,7786,22323617,194140,56,270036371,1843844,8925430
1/12/21,371449,4064,39049,23881,4657,4657,131326,737546,208072207,1415810,3796,7879,22538426,214809,56,271960830,1924459,9009581
1/13/21,375536,4087,39248,23857,5312,5312,130391,742858,209310268,1238061,3811,7902,22759983,221557,56,273765086,1804256,9103704
1/14/21,379451,3915,39418,23891,3792,3792,128947,746650,210652505,1342237,3829,7878,22982927,222944,56,275775230,2010144,9221778