,1/19/20,1/20/20,1/21/20,1/22/20,1/23/20,1/24/20,1/25/20,1/26/20,1/27/20,1/28/20,1/29/20,1/30/20,1/31/20,2/1/20,2/2/20,2/3/20,2/4/20,2/5/20,2/6/20,2/7/20,2/8/20,2/9/20,2/10/20,2/11/20,2/12/20,2/13/20,2/14/20,2/15/20,2/16/20,2/17/20,2/18/20,2/19/20,2/20/20,2/21/20,2/22/20,2/23/20,2/24/20,2/25/20,2/26/20,2/27/20,2/28/20,2/29/20,3/1/20,3/2/20,3/3/20,3/4/20,3/5/20,3/6/20,3/7/20,3/8/20,3/9/20,3/10/20,3/11/20,3/12/20,3/13/20,3/14/20,3/15/20,3/16/20,3/17/20,3/18/20,3/19/20,3/20/20,3/21/20,3/22/20,3/23/20,3/24/20,3/25/20,3/26/20,3/27/20,3/28/20,3/29/20,3/30/20,3/31/20,4/1/20,4/2/20,4/3/20,4/4/20,4/5/20,4/6/20,4/7/20,4/8/20,4/9/20,4/10/20,4/11/20,4/12/20,4/13/20,4/14/20,4/15/20,4/16/20,4/17/20,4/18/20,4/19/20,4/20/20,4/21/20,4/22/20,4/23/20,4/24/20,4/25/20,4/26/20,4/27/20,4/28/20,4/29/20,4/30/20,5/1/20,5/2/20,5/3/20,5/4/20,5/5/20,5/6/20,5/7/20,5/8/20,5/9/20,5/10/20,5/11/20,5/12/20,5/13/20,5/14/20,5/15/20,5/16/20,5/17/20,5/18/20,5/19/20,5/20/20,5/21/20,5/22/20,5/23/20,5/24/20,5/25/20,5/26/20,5/27/20,5/28/20,5/29/20,5/30/20,5/31/20,6/1/20,6/2/20,6/3/20,6/4/20,6/5/20,6/6/20,6/7/20,6/8/20,6/9/20,6/10/20,6/11/20,6/12/20,6/13/20,6/14/20,6/15/20,6/16/20,6/17/20,6/18/20,6/19/20,6/20/20,6/21/20,6/22/20,6/23/20,6/24/20,6/25/20,6/26/20,6/27/20,6/28/20,6/29/20,6/30/20,7/1/20,7/2/20,7/3/20,7/4/20,7/5/20,7/6/20,7/7/20,7/8/20,7/9/20,7/10/20,7/11/20,7/12/20,7/13/20,7/14/20,7/15/20,7/16/20,7/17/20,7/18/20,7/19/20,7/20/20,7/21/20,7/22/20,7/23/20,7/24/20,7/25/20,7/26/20,7/27/20,7/28/20,7/29/20,7/30/20,7/31/20,8/1/20,8/2/20,8/3/20,8/4/20,8/5/20,8/6/20,8/7/20,8/8/20,8/9/20,8/10/20,8/11/20,8/12/20,8/13/20,8/14/20,8/15/20,8/16/20,8/17/20,8/18/20,8/19/20,8/20/20,8/21/20,8/22/20,8/23/20,8/24/20,8/25/20,8/26/20,8/27/20,8/28/20,8/29/20,8/30/20,8/31/20,9/1/20,9/2/20,9/3/20,9/4/20,9/5/20,9/6/20,9/7/20,9/8/20,9/9/20,9/10/20,9/11/20,9/12/20,9/13/20,9/14/20,9/15/20,9/16/20,9/17/20,9/18/20,9/19/20,9/20/20,9/21/20,9/22/20,9/23/20,9/24/20,9/25/20,9/26/20,9/27/20,9/28/20,9/29/20,9/30/20,10/1/20,10/2/20,10/3/20,10/4/20,10/5/20,10/6/20,10/7/20,10/8/20,10/9/20,10/10/20,10/11/20,10/12/20,10/13/20,10/14/20,10/15/20,10/16/20,10/17/20,10/18/20,10/19/20,10/20/20,10/21/20,10/22/20,10/23/20,10/24/20,10/25/20,10/26/20,10/27/20,10/28/20,10/29/20,10/30/20,10/31/20,11/1/20,11/2/20,11/3/20,11/4/20,11/5/20,11/6/20,11/7/20,11/8/20,11/9/20,11/10/20,11/11/20,11/12/20,11/13/20,11/14/20,11/15/20,11/16/20,11/17/20,11/18/20,11/19/20,11/20/20,11/21/20,11/22/20,11/23/20,11/24/20,11/25/20,11/26/20,11/27/20,11/28/20,11/29/20,11/30/20,12/1/20,12/2/20,12/3/20,12/4/20,12/5/20,12/6/20,12/7/20,12/8/20,12/9/20,12/10/20,12/11/20,12/12/20,12/13/20,12/14/20,12/15/20,12/16/20,12/17/20,12/18/20,12/19/20,12/20/20,12/21/20,12/22/20,12/23/20,12/24/20,12/25/20,12/26/20,12/27/20,12/28/20,12/29/20,12/30/20,12/31/20,1/1/21,1/2/21,1/3/21,1/4/21,1/5/21,1/6/21,1/7/21,1/8/21,1/9/21,1/10/21,1/11/21,1/12/21,1/13/21,1/14/21,1/15/21,1/16/21,1/17/21,1/18/21,1/19/21
53,0.0,0.0,0.0,0.0,0.0,0.0,0.0,0.0,0.0,0.0,0.0,0.0,0.0,0.0,0.0,0.0,0.0,0.0,0.0,0.0,0.0,0.0,0.0,0.0,0.0,0.0,0.0,0.0,0.0,0.0,0.0,0.0,0.0,0.0,0.0,0.0,0.0,0.0,2.0,0.0,2.0,1.0,3.0,3.0,3.0,2.0,4.0,6.0,1.0,4.0,4.0,2.0,3.0,4.0,3.0,4.0,6.0,12,9,4,10,12,7,15,11,9,13,24,16,21,17,11,14,20,28,28,27,21,21,22,14,16,17,18,15,17,16,9,20,14,13,17,14,11,7,7,5,6,73,11,16,21,15,13,10,6,4,7,21,8,21,14,16,10,14,17,13,8,9,8,1,1,29,6,7,6,5,6,9,8,17,11,5,7,0,6,5,6,3,11,4,6,2,15,14,4,10,9,4,4,10,-5,19,10,10,5,6,8,9,7,4,6,0,10,12,7,3,10,2,5,11,14,10,15,15,0,14,-39,5,17,6,7,10,3,6,12,3,14,13,-1,7,17,30,7,9,0,28,4,4,19,5,29,19,16,0,9,19,8,12,19,11,15,4,24,13,15,13,7,6,4,9,4,10,15,0,0,10,16,4,10,8,0,0,0,25,7,6,0,0,15,9,5,11,6,0,0,0,33,0,11,-1,20,0,0,0,24,2,6,11,-1,0,16,7,12,6,7,0,0,21,0,10,11,7,0,0,19,24,4,3,7,0,0,25,16,16,6,7,0,0,12,22,16,15,8,0,0,21,22,0,25,12,0,0,29,23,21,11,16,0,0,36,35,14,0,-1,0,0,71,31,45,50,25,0,0,16,26,49,-166,29,0,0,39,35,89,75,-13,0,0,2,25,31,22,0,0,0,11,174,51,41,0,0,-2,23,59,64,29,65,-1,0,1,90,49,38,27,0,0,0
25,0.0,0.0,0.0,0.0,0.0,0.0,0.0,0.0,0.0,0.0,0.0,0.0,0.0,0.0,0.0,0.0,0.0,0.0,0.0,0.0,0.0,0.0,0.0,0.0,0.0,0.0,0.0,0.0,0.0,0.0,0.0,0.0,0.0,0.0,0.0,0.0,0.0,0.0,0.0,0.0,0.0,0.0,0.0,0.0,0.0,0.0,0.0,0.0,0.0,0.0,0.0,0.0,0.0,0.0,0.0,0.0,0.0,0,0,2,1,2,2,4,6,9,7,9,15,15,27,25,29,34,42,36,39,66,78,67,100,110,107,114,110,155,118,173,165,155,161,163,157,146,148,172,108,0,22,104,150,252,157,154,130,158,86,122,208,132,150,138,139,129,33,174,167,110,113,92,65,76,128,82,80,76,68,44,57,74,93,78,50,78,189,50,67,49,34,54,27,37,55,46,38,46,38,48,23,18,69,36,30,28,30,16,16,48,25,50,28,19,35,-41,27,51,17,23,11,15,15,30,25,28,14,15,5,10,28,12,22,17,12,2,17,18,16,14,12,19,7,15,29,15,14,17,12,10,9,2,32,18,12,14,6,10,18,21,14,14,11,4,6,37,12,13,20,0,27,12,27,20,16,13,13,11,4,-4,17,23,16,9,8,8,5,20,14,16,14,9,6,20,15,9,26,15,7,11,19,15,11,18,13,11,8,33,24,10,17,3,20,8,19,8,12,10,17,13,13,17,25,30,21,14,16,5,22,30,20,9,25,17,7,36,27,24,16,22,10,12,27,23,21,23,20,14,21,38,20,23,28,36,11,20,47,28,34,19,24,19,20,53,0,31,41,46,26,30,46,50,36,43,51,31,41,90,43,48,50,42,39,55,70,45,52,47,60,42,45,83,76,0,47,100,48,60,120,85,0,79,108,61,63,102,73,76,89,77,55,67,86,74,76,74,69,53,44
51,0.0,0.0,0.0,0.0,0.0,0.0,0.0,0.0,0.0,0.0,0.0,0.0,0.0,0.0,0.0,0.0,0.0,0.0,0.0,0.0,0.0,0.0,0.0,0.0,0.0,0.0,0.0,0.0,0.0,0.0,0.0,0.0,0.0,0.0,0.0,0.0,0.0,0.0,0.0,0.0,0.0,0.0,0.0,0.0,0.0,0.0,0.0,0.0,0.0,0.0,0.0,0.0,0.0,0.0,0.0,0.0,1.0,0,0,0,1,0,0,1,3,1,2,4,1,3,5,3,2,7,7,5,6,-1,3,9,12,34,12,9,11,8,5,41,13,23,27,19,23,24,25,23,38,26,12,10,34,30,30,29,35,44,24,29,0,56,43,15,12,11,41,36,28,22,25,7,5,27,33,25,37,23,12,37,28,45,57,20,12,5,17,15,21,17,8,7,12,5,19,18,6,14,7,5,6,18,13,3,16,5,4,9,25,16,14,25,24,8,8,23,23,30,29,4,4,0,28,24,32,21,4,4,2,9,15,15,6,12,2,4,17,3,3,13,8,3,4,13,30,16,33,41,3,0,26,30,25,18,5,4,1,17,8,11,7,11,0,4,11,14,17,9,7,24,4,23,21,0,35,18,1,11,32,29,11,10,15,1,6,2,11,11,3,11,2,19,96,45,36,29,41,25,6,39,29,24,23,8,15,13,15,21,20,22,20,3,3,15,12,25,16,10,4,3,11,9,7,20,14,11,24,28,30,9,15,39,1,2,19,16,20,7,11,1,3,8,11,11,-6,22,3,6,13,15,17,27,14,1,6,29,25,36,16,26,0,4,37,29,21,15,10,4,4,31,20,34,13,37,3,8,52,21,54,35,39,2,3,56,38,45,45,45,7,4,51,55,31,29,20,14,7,59,64,48,49,36,7,8,59,35,49,37,69,2,10,84,75,74,30,50,23,10,59
12,0.0,0.0,0.0,0.0,0.0,0.0,0.0,0.0,0.0,0.0,0.0,0.0,0.0,0.0,0.0,0.0,0.0,0.0,0.0,0.0,0.0,0.0,0.0,0.0,0.0,0.0,0.0,0.0,0.0,0.0,0.0,0.0,0.0,0.0,0.0,0.0,0.0,0.0,0.0,0.0,0.0,0.0,0.0,0.0,0.0,0.0,0.0,0.0,0.0,0.0,0.0,0.0,2.0,0.0,0.0,1.0,1.0,0,2,1,1,2,2,1,1,4,4,6,6,20,2,7,14,10,41,35,28,27,18,60,13,45,36,48,27,18,54,72,37,53,55,27,25,50,54,69,52,44,19,7,53,86,50,24,74,15,20,113,69,62,71,47,6,14,44,49,50,43,49,9,24,56,44,49,46,44,4,15,7,62,46,49,35,4,9,70,37,41,54,28,13,12,53,38,49,29,49,6,8,55,25,44,43,40,17,12,67,44,46,41,25,29,28,58,46,68,67,18,29,48,63,48,120,92,98,45,35,133,112,156,130,90,89,92,136,140,173,136,126,78,77,191,217,252,257,178,62,73,247,225,120,180,187,77,93,277,213,149,229,204,107,87,219,174,119,118,107,51,72,183,155,139,88,150,14,68,190,130,149,103,60,38,22,44,202,213,176,98,8,36,146,154,147,140,63,9,21,99,203,179,122,107,12,5,106,175,131,111,73,42,41,59,139,170,118,0,180,47,123,66,144,98,88,50,54,86,0,162,74,76,12,20,57,66,79,73,42,28,46,56,32,39,54,87,22,58,69,52,73,74,45,30,41,86,88,81,80,42,62,96,73,99,0,114,81,59,98,82,96,100,124,91,96,106,98,89,135,126,72,84,138,94,125,104,96,74,97,115,76,121,122,0,142,77,99,105,139,133,0,220,100,105,100,132,170,194,139,111,163,161,174,222,188,211,135,142,163
34,0.0,0.0,0.0,0.0,0.0,0.0,0.0,0.0,0.0,0.0,0.0,0.0,0.0,0.0,0.0,0.0,0.0,0.0,0.0,0.0,0.0,0.0,0.0,0.0,0.0,0.0,0.0,0.0,0.0,0.0,0.0,0.0,0.0,0.0,0.0,0.0,0.0,0.0,0.0,0.0,0.0,0.0,0.0,0.0,0.0,0.0,0.0,0.0,0.0,0.0,0.0,0.0,1.0,0.0,0.0,0.0,1.0,0,2,3,6,3,6,7,11,20,21,27,32,51,26,49,98,111,205,136,242,126,150,297,338,267,285,323,240,164,411,409,421,364,286,171,208,414,343,332,279,280,102,139,428,349,480,336,225,155,62,341,321,264,170,177,151,60,212,202,252,197,114,110,83,152,168,102,148,99,54,15,52,151,67,135,106,67,26,52,112,95,82,58,71,39,93,76,67,49,103,37,52,52,42,32,35,23,15,28,56,46,23,43,36,27,19,43,43,27,58,25,22,19,53,52,25,31,46,16,19,22,25,31,19,15,8,10,23,24,24,35,11,12,18,22,18,11,11,12,6,10,11,7,7,11,9,5,4,12,11,8,10,9,2,4,10,11,6,9,2,3,3,4,10,7,10,3,4,8,5,11,7,7,7,4,2,5,8,5,9,4,5,4,9,9,3,4,3,3,2,7,8,9,6,6,6,-2,10,9,5,4,4,1,2,9,5,8,4,7,3,1,7,9,6,5,2,7,3,13,18,18,10,8,4,7,14,18,8,7,11,4,3,18,16,12,13,9,4,11,21,15,19,27,26,18,14,38,37,34,23,34,15,11,47,67,39,17,23,13,15,90,62,64,46,51,15,15,90,116,66,54,70,19,24,97,131,77,44,49,21,29,103,140,78,51,18,17,21,126,175,90,118,27,21,36,138,141,123,110,98,32,46,107,122,92,67,94,25,19,54
31,0.0,0.0,0.0,0.0,0.0,0.0,0.0,0.0,0.0,0.0,0.0,0.0,0.0,0.0,0.0,0.0,0.0,0.0,0.0,0.0,0.0,0.0,0.0,0.0,0.0,0.0,0.0,0.0,0.0,0.0,0.0,0.0,0.0,0.0,0.0,0.0,0.0,0.0,0.0,0.0,0.0,0.0,0.0,0.0,0.0,0.0,0.0,0.0,0.0,0.0,0.0,0.0,0.0,0.0,0.0,0.0,0.0,0,0,0,0,0,0,0,0,0,0,0,0,2,0,0,1,1,1,1,0,2,0,2,2,2,1,2,0,0,1,2,1,3,0,4,0,5,5,7,2,3,3,3,-1,0,13,2,3,3,2,0,4,4,4,2,4,2,2,3,4,6,6,4,0,2,7,6,5,4,0,3,0,3,10,1,6,0,0,8,3,6,-1,0,2,0,0,3,4,17,4,0,0,4,11,3,6,4,0,0,5,7,1,3,6,1,0,2,5,2,6,2,0,0,-1,-1,0,2,2,-1,0,3,-2,5,8,2,0,0,5,4,1,5,0,0,0,1,4,3,4,4,0,0,0,0,3,5,5,0,0,3,3,5,4,1,0,0,1,6,3,2,3,0,2,5,0,3,5,1,0,0,5,2,0,5,0,0,0,0,2,15,9,4,0,0,1,1,3,3,0,0,0,10,9,1,0,6,1,1,2,6,0,15,0,4,4,2,4,0,7,5,0,0,3,5,3,5,12,1,0,6,11,11,11,4,4,1,7,17,8,9,9,6,2,2,4,9,5,27,2,0,7,20,1,25,19,4,0,18,19,10,28,43,8,4,25,16,28,4,2,5,0,29,62,48,31,27,8,11,31,41,17,35,14,22,8,45,20,10,5,17,5,11,25,10,40,7,-10,1,0,28,16,8,40,17,1,3,10,10,11,108,-78,4,23,12,19,12,15,19,0,0,5
18,0.0,0.0,0.0,0.0,0.0,0.0,0.0,0.0,0.0,0.0,0.0,0.0,0.0,0.0,0.0,0.0,0.0,0.0,0.0,0.0,0.0,0.0,0.0,0.0,0.0,0.0,0.0,0.0,0.0,0.0,0.0,0.0,0.0,0.0,0.0,0.0,0.0,0.0,0.0,0.0,0.0,0.0,0.0,0.0,0.0,0.0,0.0,0.0,0.0,0.0,0.0,0.0,0.0,0.0,0.0,0.0,0.0,1,1,0,0,0,2,2,1,5,2,3,7,7,1,3,14,16,13,24,14,11,12,34,30,42,55,30,13,7,38,48,41,42,26,17,7,61,31,45,35,44,28,31,57,164,49,61,54,17,18,62,51,37,33,43,18,32,38,41,27,45,50,10,14,59,40,49,28,2,33,0,28,26,38,42,15,9,8,55,10,24,27,34,11,13,23,16,25,16,17,9,11,14,28,16,25,20,4,13,16,9,8,9,21,3,5,16,10,12,19,6,6,5,19,15,7,9,8,4,2,13,10,10,8,17,2,3,21,17,17,4,11,8,3,18,8,14,19,6,4,5,16,11,6,10,13,5,3,25,17,19,8,15,5,2,30,15,11,17,10,2,5,16,18,7,11,8,6,5,16,13,7,18,12,2,4,12,17,13,10,17,1,1,21,12,6,17,8,3,6,8,10,18,18,11,3,11,21,20,13,11,13,5,7,30,16,15,19,21,7,6,27,14,28,23,31,19,23,48,15,42,27,26,12,13,51,33,33,26,46,32,26,49,25,47,36,45,37,35,67,31,51,50,25,22,26,89,59,59,63,40,59,27,103,63,63,33,69,22,38,141,109,60,89,85,35,42,126,96,97,70,85,47,35,128,133,79,85,73,66,34,143,64,85,40,31,42,43,165,109,103,108,39,65,39,149,80,80,69,74,19,31,88,59,39,44,41,23,30,126
26,0.0,0.0,0.0,0.0,0.0,0.0,0.0,0.0,0.0,0.0,0.0,0.0,0.0,0.0,0.0,0.0,0.0,0.0,0.0,0.0,0.0,0.0,0.0,0.0,0.0,0.0,0.0,0.0,0.0,0.0,0.0,0.0,0.0,0.0,0.0,0.0,0.0,0.0,0.0,0.0,0.0,0.0,0.0,0.0,0.0,0.0,0.0,0.0,0.0,0.0,0.0,0.0,0.0,0.0,0.0,0.0,0.0,0,2,3,5,3,10,13,21,29,25,48,53,71,68,86,114,125,125,117,112,120,141,158,151,156,161,164,168,142,141,140,169,143,123,129,111,124,131,109,107,111,107,112,99,88,99,86,59,62,81,59,58,86,62,49,45,58,49,44,46,47,32,39,31,43,44,41,31,26,28,38,25,24,24,27,24,16,25,26,15,17,8,7,11,15,9,1,33,5,23,3,1,17,2,25,6,20,3,7,12,5,19,1,19,5,3,32,5,14,3,3,0,3,30,11,9,14,28,1,7,5,4,18,7,9,2,7,9,6,7,5,0,0,5,16,1,21,7,7,0,6,8,7,28,18,-4,-1,7,7,6,16,11,20,6,0,16,10,16,0,21,4,4,21,6,16,6,0,36,5,14,14,10,7,8,0,4,1,76,7,6,11,0,10,11,11,12,-1,15,0,12,16,16,6,8,17,0,7,21,11,19,8,14,0,15,22,8,24,7,19,0,6,30,13,34,15,0,0,46,20,35,46,20,38,0,30,33,21,47,12,34,0,17,45,21,51,47,65,0,63,86,42,49,123,68,0,55,80,62,144,57,101,0,65,154,76,0,187,110,0,97,195,83,193,82,204,0,101,203,81,194,65,230,0,94,206,93,213,67,206,0,79,189,73,0,0,275,0,64,212,52,0,0,288,0,85,217,59,206,40,232,0,47,104,40,175,39,119,0,17,49
44,0.0,0.0,0.0,0.0,0.0,0.0,0.0,0.0,0.0,0.0,0.0,0.0,0.0,0.0,0.0,0.0,0.0,0.0,0.0,0.0,0.0,0.0,0.0,0.0,0.0,0.0,0.0,0.0,0.0,0.0,0.0,0.0,0.0,0.0,0.0,0.0,0.0,0.0,0.0,0.0,0.0,0.0,0.0,0.0,0.0,0.0,0.0,0.0,0.0,0.0,0.0,0.0,0.0,0.0,0.0,0.0,0.0,0,0,0,0,0,0,0,0,0,0,0,0,0,3,1,4,2,2,2,3,8,2,3,5,8,6,7,7,10,7,7,18,13,32,14,11,11,15,12,-11,13,11,7,6,12,15,13,17,24,21,14,15,18,11,19,4,8,14,18,6,11,10,10,7,26,6,18,23,18,11,0,26,21,22,16,18,7,2,12,10,14,16,0,0,27,9,4,11,10,0,0,18,14,11,9,9,0,0,9,3,6,8,7,0,0,19,4,6,3,1,0,0,0,9,2,3,2,0,0,8,1,2,1,2,0,0,5,1,1,4,1,0,0,2,1,2,0,0,0,0,3,1,1,2,0,1,0,0,1,2,1,2,1,0,1,1,3,1,2,5,0,0,4,2,3,2,1,0,1,2,1,4,0,3,0,1,0,3,5,4,1,3,0,3,3,4,3,3,3,3,2,3,4,1,3,0,0,3,1,3,1,1,1,1,4,1,1,3,2,2,3,2,8,2,3,6,0,1,5,5,4,4,6,0,1,4,4,3,6,3,3,3,2,2,8,2,7,1,1,4,6,7,4,3,8,5,8,6,4,6,6,3,6,16,10,7,4,17,2,8,7,11,9,13,16,8,11,22,14,14,11,17,12,17,15,20,12,23,19,15,11,8,26,11,7,10,7,3,18,17,32,14,10,10,12,15,20,20,6,14,10,7,23,17,9,9,14,9,5,12
56,0.0,0.0,0.0,0.0,0.0,0.0,0.0,0.0,0.0,0.0,0.0,0.0,0.0,0.0,0.0,0.0,0.0,0.0,0.0,0.0,0.0,0.0,0.0,0.0,0.0,0.0,0.0,0.0,0.0,0.0,0.0,0.0,0.0,0.0,0.0,0.0,0.0,0.0,0.0,0.0,0.0,0.0,0.0,0.0,0.0,0.0,0.0,0.0,0.0,0.0,0.0,0.0,0.0,0.0,0.0,0.0,0.0,0,0,0,0,0,0,0,0,0,0,0,0,0,0,0,0,0,0,0,0,0,0,0,0,0,0,0,0,1,0,1,0,0,0,0,0,4,0,1,0,0,0,0,0,0,0,0,0,0,0,0,0,0,0,0,0,0,0,0,0,0,0,1,0,2,1,0,1,0,0,0,1,0,2,0,1,0,1,0,0,0,0,0,0,0,0,1,0,0,0,0,0,0,0,0,2,0,0,0,0,0,0,0,0,0,0,0,0,0,0,0,0,0,0,1,0,0,0,0,0,1,0,2,0,0,0,0,1,0,0,0,0,0,0,1,0,0,0,0,0,1,0,0,0,1,0,0,0,1,0,1,0,0,0,3,1,0,0,3,0,0,0,0,0,0,0,0,0,0,4,0,0,1,0,0,0,0,0,0,0,0,0,4,0,0,3,0,0,0,0,0,1,0,0,0,0,0,0,0,3,0,0,0,0,0,0,1,0,0,0,0,3,0,0,0,0,0,0,4,0,7,0,0,0,9,0,0,10,0,0,0,0,6,12,0,0,0,9,0,13,0,0,0,17,0,0,11,0,21,0,0,0,26,0,13,0,0,0,0,0,15,0,27,0,0,0,23,0,19,0,22,0,0,0,7,0,23,0,0,0,0,22,0,0,0,0,0,32,0,0,33,0,0,0,0,26,0,25,0,0,0,0,33,0,0,0,0,0,0,28
36,0.0,0.0,0.0,0.0,0.0,0.0,0.0,0.0,0.0,0.0,0.0,0.0,0.0,0.0,0.0,0.0,0.0,0.0,0.0,0.0,0.0,0.0,0.0,0.0,0.0,0.0,0.0,0.0,0.0,0.0,0.0,0.0,0.0,0.0,0.0,0.0,0.0,0.0,0.0,0.0,0.0,0.0,0.0,0.0,0.0,0.0,0.0,0.0,0.0,0.0,0.0,0.0,0.0,0.0,0.0,0.0,3.0,4,0,5,0,23,9,70,0,96,75,100,134,209,237,253,332,391,432,562,630,594,599,731,779,799,777,783,758,671,778,752,606,630,540,507,478,481,474,438,422,437,367,337,335,377,306,289,299,280,226,230,232,951,217,226,207,162,205,168,157,134,174,141,110,114,133,107,112,87,109,97,76,79,79,58,68,57,54,64,56,54,42,37,47,40,49,56,38,53,32,24,28,29,21,32,25,24,15,14,27,16,18,14,16,5,7,13,11,11,8,11,8,9,11,20,15,9,6,5,10,5,9,11,10,11,13,8,2,10,13,9,13,3,11,9,6,13,5,14,6,2,3,4,6,5,5,7,2,7,7,10,4,12,6,6,8,6,5,3,4,6,7,2,8,4,3,7,8,1,3,5,7,5,2,9,2,6,3,7,5,2,6,4,11,5,3,10,2,2,1,4,5,2,7,4,6,12,2,9,11,7,8,14,8,9,9,10,6,8,5,13,11,7,13,10,9,7,15,13,7,15,11,13,12,12,16,15,19,12,3,17,14,15,15,24,18,18,19,26,32,21,29,24,24,30,26,30,36,32,35,34,31,33,51,41,67,39,44,58,57,69,73,66,62,72,60,83,75,97,94,89,88,110,85,132,98,122,122,130,124,111,141,166,133,121,126,115,118,127,149,135,168,129,139,172,154,163,199,165,190,153,169,166,168,204,187,159,172,155,172
48,0.0,0.0,0.0,0.0,0.0,0.0,0.0,0.0,0.0,0.0,0.0,0.0,0.0,0.0,0.0,0.0,0.0,0.0,0.0,0.0,0.0,0.0,0.0,0.0,0.0,0.0,0.0,0.0,0.0,0.0,0.0,0.0,0.0,0.0,0.0,0.0,0.0,0.0,0.0,0.0,0.0,0.0,0.0,0.0,0.0,0.0,0.0,0.0,0.0,0.0,0.0,0.0,0.0,0.0,0.0,0.0,0.0,0,1,1,1,2,0,0,3,1,3,6,5,4,7,0,7,17,12,20,15,22,13,14,23,22,27,28,17,16,31,46,29,35,25,24,18,22,26,18,32,30,25,15,27,42,50,34,31,20,17,22,42,25,31,45,39,12,33,25,58,56,33,31,11,22,50,21,40,26,0,21,9,26,39,25,0,46,6,20,36,33,21,31,11,0,23,32,35,19,18,19,7,46,33,43,35,25,17,10,28,29,47,28,42,27,10,21,57,44,50,33,29,18,60,98,105,95,99,80,43,87,110,129,174,130,93,62,131,197,173,196,168,153,675,164,313,84,295,268,0,179,245,236,306,293,247,116,31,220,324,255,313,238,143,51,216,309,234,258,215,104,25,181,229,265,196,154,90,26,145,189,221,140,177,64,20,61,139,161,144,146,47,21,132,135,112,123,135,45,24,77,135,138,97,121,37,11,71,107,112,72,97,33,8,78,119,104,98,94,31,1,64,95,95,91,81,30,8,65,114,85,89,81,48,10,81,105,119,115,90,53,20,97,126,133,136,111,43,26,94,141,143,173,150,89,20,117,187,230,183,171,89,32,162,200,206,51,102,48,22,170,207,244,255,247,92,33,181,273,244,226,249,111,26,205,252,266,294,272,122,67,191,294,308,200,13,51,49,241,326,349,334,96,50,52,250,326,393,372,381,186,56,286,405,426,400,381,207,46,310
50,0.0,0.0,0.0,0.0,0.0,0.0,0.0,0.0,0.0,0.0,0.0,0.0,0.0,0.0,0.0,0.0,0.0,0.0,0.0,0.0,0.0,0.0,0.0,0.0,0.0,0.0,0.0,0.0,0.0,0.0,0.0,0.0,0.0,0.0,0.0,0.0,0.0,0.0,0.0,0.0,0.0,0.0,0.0,0.0,0.0,0.0,0.0,0.0,0.0,0.0,0.0,0.0,0.0,0.0,0.0,0.0,0.0,0,0,0,0,2,0,0,3,2,1,1,1,2,0,0,1,3,1,0,3,2,1,0,0,0,1,1,2,1,1,1,5,0,3,0,0,2,0,3,1,2,0,1,0,0,2,1,1,1,0,0,0,1,0,0,0,0,0,0,0,0,0,1,0,0,0,0,0,0,0,0,0,0,1,0,0,0,0,0,0,0,0,0,0,0,0,0,0,0,0,0,0,0,0,1,0,0,0,0,0,0,0,0,0,0,0,0,0,0,0,0,0,0,0,0,0,0,0,0,0,0,0,0,0,0,0,0,0,0,0,0,0,0,0,0,0,1,0,0,0,0,0,0,1,0,0,0,0,0,0,0,0,0,0,0,0,0,0,0,0,0,0,0,0,0,0,0,0,0,0,0,0,0,0,0,0,0,0,0,0,0,0,0,0,0,0,0,0,0,0,0,0,0,0,0,0,0,0,0,0,0,0,0,0,0,0,0,0,0,0,0,0,0,0,0,0,0,0,0,0,0,0,0,0,0,0,0,0,0,0,0,0,0,0,0,0,1,0,0,0,0,0,0,0,0,0,0,1,1,1,1,0,0,1,0,0,3,0,0,2,3,2,1,2,2,0,2,4,1,3,4,2,0,1,4,5,0,2,1,3,0,1,5,3,0,1,6,2,1,4,2,0,3,1,4,5,3,3,1,0,0,0,2,0,4,1,0,0,0,0
55,0.0,0.0,0.0,0.0,0.0,0.0,0.0,0.0,0.0,0.0,0.0,0.0,0.0,0.0,0.0,0.0,0.0,0.0,0.0,0.0,0.0,0.0,0.0,0.0,0.0,0.0,0.0,0.0,0.0,0.0,0.0,0.0,0.0,0.0,0.0,0.0,0.0,0.0,0.0,0.0,0.0,0.0,0.0,0.0,0.0,0.0,0.0,0.0,0.0,0.0,0.0,0.0,0.0,0.0,0.0,0.0,0.0,0,0,0,0,3,1,0,1,0,2,1,5,0,0,1,2,8,7,6,19,12,9,15,7,12,17,9,7,10,16,12,15,8,6,9,10,12,4,11,5,4,6,9,19,8,8,11,7,5,1,13,9,12,10,14,2,9,9,3,13,11,8,0,6,8,14,6,9,11,3,4,3,22,11,18,20,4,3,12,9,10,7,12,2,-1,15,10,11,7,2,1,2,9,9,7,11,14,0,1,5,7,9,0,11,0,7,0,9,7,3,0,0,0,9,2,2,5,7,-1,0,6,1,4,2,10,1,2,13,6,13,0,13,1,1,13,5,8,15,13,1,1,12,9,8,12,6,2,0,8,5,7,7,13,1,0,13,8,7,1,14,0,0,13,6,11,2,6,3,0,9,11,4,7,15,0,0,0,15,10,4,12,1,0,11,8,2,7,3,1,2,7,9,7,9,7,0,2,17,27,21,5,20,5,4,18,16,9,16,17,7,9,34,29,18,23,0,0,29,35,50,23,49,29,10,11,71,48,60,26,63,18,3,58,58,40,64,48,11,18,72,72,67,62,56,12,13,103,58,85,81,52,7,8,114,71,72,19,30,23,7,117,92,70,69,92,18,21,81,88,67,57,58,15,13,56,85,68,71,90,21,8,128,74,66,6,4,10,21,92,40,50,12,2,5,8,97,69,42,52,38,3,5,58,46,49,42,135,1,20,47
4,0.0,0.0,0.0,0.0,0.0,0.0,0.0,0.0,0.0,0.0,0.0,0.0,0.0,0.0,0.0,0.0,0.0,0.0,0.0,0.0,0.0,0.0,0.0,0.0,0.0,0.0,0.0,0.0,0.0,0.0,0.0,0.0,0.0,0.0,0.0,0.0,0.0,0.0,0.0,0.0,0.0,0.0,0.0,0.0,0.0,0.0,0.0,0.0,0.0,0.0,0.0,0.0,0.0,0.0,0.0,0.0,0.0,0,0,0,0,0,1,1,0,3,1,2,5,2,2,3,4,5,3,9,11,12,1,8,7,9,8,11,7,7,9,11,8,19,8,7,3,21,21,20,17,0,9,0,18,11,16,10,18,14,0,33,31,24,67,15,4,6,20,32,30,27,28,1,6,18,43,16,12,24,1,6,1,24,26,28,18,3,11,24,40,15,16,30,2,3,23,25,32,17,39,3,8,25,20,32,41,26,1,3,42,79,27,45,44,9,0,44,88,37,31,17,4,1,117,36,75,44,69,86,8,92,97,58,91,147,31,23,134,56,89,79,144,19,-1,104,46,172,68,53,18,14,66,87,70,79,56,13,4,45,148,36,40,69,14,0,23,105,50,4,68,15,0,21,104,33,49,29,23,-1,15,21,65,41,36,14,-2,2,30,22,15,27,7,0,22,27,38,42,16,9,2,20,27,34,28,35,1,0,9,18,24,19,12,1,1,6,20,10,3,13,0,0,8,5,17,17,18,3,3,7,17,5,6,4,5,1,16,14,13,16,45,2,1,38,39,28,22,38,17,0,28,36,12,17,43,2,0,10,53,19,43,30,7,0,51,9,44,20,36,10,5,48,52,82,64,40,25,0,23,108,73,91,77,35,1,64,108,147,142,118,34,1,153,54,115,115,15,3,42,171,78,146,151,46,0,3,253,127,297,197,98,105,6,335,191,182,185,208,18,-1,1
6,0.0,0.0,0.0,0.0,0.0,0.0,0.0,0.0,0.0,0.0,0.0,0.0,0.0,0.0,0.0,0.0,0.0,0.0,0.0,0.0,0.0,0.0,0.0,0.0,0.0,0.0,0.0,0.0,0.0,0.0,0.0,0.0,0.0,0.0,0.0,0.0,0.0,0.0,0.0,0.0,0.0,0.0,0.0,0.0,0.0,0.0,0.0,0.0,0.0,0.0,0.0,0.0,0.0,4.0,0.0,1.0,0.0,1,5,2,5,2,4,3,0,13,13,12,13,23,22,10,20,18,32,34,39,43,24,31,68,50,49,68,42,36,71,63,69,95,87,94,42,60,86,115,93,89,59,45,54,78,95,91,98,44,39,63,95,92,81,93,67,25,77,87,98,76,96,57,41,32,102,106,88,78,66,21,19,70,89,95,88,57,38,35,75,61,63,74,67,27,44,79,105,62,46,74,26,32,87,82,70,64,71,20,65,52,101,79,60,33,31,44,110,73,100,50,18,6,111,114,149,140,94,72,23,47,140,118,130,120,90,9,61,115,157,159,151,79,29,73,197,194,96,219,132,32,113,202,166,142,178,104,66,109,180,160,188,151,77,18,100,181,163,135,167,146,18,105,150,143,140,144,71,28,85,145,164,163,153,66,17,32,83,137,111,162,78,56,66,164,106,91,100,75,31,53,133,110,84,134,55,21,32,152,96,98,88,46,29,28,51,133,67,72,64,8,9,58,118,73,69,44,27,22,35,162,73,49,34,12,43,75,66,30,55,41,5,14,66,63,51,73,24,14,24,69,38,29,81,35,10,36,61,106,91,86,33,50,43,106,104,54,56,32,20,70,113,113,145,209,85,59,112,196,220,159,225,122,77,142,293,379,300,272,161,83,247,361,351,312,36,237,64,242,432,428,585,386,181,97,368,459,583,493,695,468,264,548,589,552,637,669,432,201,146
8,0.0,0.0,0.0,0.0,0.0,0.0,0.0,0.0,0.0,0.0,0.0,0.0,0.0,0.0,0.0,0.0,0.0,0.0,0.0,0.0,0.0,0.0,0.0,0.0,0.0,0.0,0.0,0.0,0.0,0.0,0.0,0.0,0.0,0.0,0.0,0.0,0.0,0.0,0.0,0.0,0.0,0.0,0.0,0.0,0.0,0.0,0.0,0.0,0.0,0.0,0.0,0.0,0.0,0.0,1.0,0.0,0.0,0,1,0,0,2,1,1,1,4,8,5,7,13,3,4,18,11,17,14,15,14,10,29,14,33,24,24,16,18,21,28,17,17,20,11,27,37,22,44,122,-2,8,26,30,30,11,43,12,10,9,52,18,23,16,7,4,16,22,53,29,59,42,23,9,33,42,11,14,3,5,1,19,40,29,15,7,2,13,16,20,18,12,3,0,16,10,20,10,12,3,1,6,12,14,7,5,4,0,4,14,2,2,4,1,2,6,8,7,4,0,0,0,-10,5,8,2,18,1,0,2,11,6,1,6,1,0,6,5,8,15,4,4,0,5,8,15,0,16,6,0,0,5,2,1,5,0,1,5,12,0,7,6,8,0,0,3,1,3,7,8,0,1,7,1,4,6,7,0,1,1,6,3,11,5,1,1,0,4,2,6,3,0,2,6,6,4,3,4,1,4,7,5,3,4,3,1,3,2,5,3,3,3,8,1,12,4,10,8,9,1,3,37,7,2,10,4,0,4,2,12,4,13,7,5,3,10,13,19,10,7,3,4,19,22,20,23,13,5,14,19,16,25,36,21,21,32,30,43,79,15,42,19,4,50,46,51,20,6,20,34,72,84,127,18,19,-1,2,14,267,120,87,25,87,11,116,71,70,33,80,29,10,-9,93,88,36,6,18,21,56,63,64,59,39,22,10,47,59,52,36,52,18,5,29,43,31,27,20,16,7,2
13,0.0,0.0,0.0,0.0,0.0,0.0,0.0,0.0,0.0,0.0,0.0,0.0,0.0,0.0,0.0,0.0,0.0,0.0,0.0,0.0,0.0,0.0,0.0,0.0,0.0,0.0,0.0,0.0,0.0,0.0,0.0,0.0,0.0,0.0,0.0,0.0,0.0,0.0,0.0,0.0,0.0,0.0,0.0,0.0,0.0,0.0,0.0,0.0,0.0,0.0,0.0,0.0,0.0,0.0,1.0,0.0,0.0,0,0,0,9,3,1,9,2,7,8,8,16,5,11,7,24,28,24,21,17,10,18,100,33,17,37,12,5,31,37,51,35,63,23,14,46,66,37,36,20,12,8,59,55,67,27,34,20,3,45,66,23,25,41,23,5,36,20,44,22,30,35,14,36,22,23,67,31,26,13,6,41,36,55,12,29,39,32,28,21,24,27,0,6,28,77,44,46,43,28,5,43,35,46,30,31,6,1,5,40,10,47,25,6,2,6,21,22,22,7,1,3,18,21,23,8,35,31,5,25,28,37,13,28,36,5,3,78,81,25,82,53,3,11,54,79,29,81,73,15,2,79,63,42,91,69,13,30,122,105,82,35,96,33,25,67,55,55,94,94,40,24,106,49,82,78,105,28,28,101,62,73,63,46,60,7,26,58,76,42,41,46,20,45,21,55,63,62,3,2,73,96,49,52,40,32,15,33,27,42,43,28,28,30,37,30,35,54,45,23,13,25,16,22,64,51,31,19,17,30,25,37,42,1,18,17,32,47,32,24,2,18,480,43,56,30,39,1,29,53,76,75,24,51,1,10,41,57,37,40,37,19,17,6,76,39,44,44,18,10,63,52,81,77,68,13,45,22,48,54,56,44,1,28,56,68,66,38,49,2,16,64,56,63,49,54,4,7,83,67,88,24,2,4,7,101,93,65,84,143,1,17,187,141,172,163,153,5,64,222
15,0.0,0.0,0.0,0.0,0.0,0.0,0.0,0.0,0.0,0.0,0.0,0.0,0.0,0.0,0.0,0.0,0.0,0.0,0.0,0.0,0.0,0.0,0.0,0.0,0.0,0.0,0.0,0.0,0.0,0.0,0.0,0.0,0.0,0.0,0.0,0.0,0.0,0.0,0.0,0.0,0.0,0.0,0.0,0.0,0.0,0.0,0.0,0.0,0.0,0.0,0.0,0.0,0.0,0.0,0.0,0.0,0.0,0,0,0,0,0,0,0,0,0,0,0,0,0,0,0,0,1,0,1,1,1,0,1,0,0,1,2,0,1,0,0,0,0,0,0,1,0,2,0,0,1,1,0,2,0,0,0,0,0,1,0,0,0,0,0,0,0,0,0,0,0,0,0,0,0,0,0,0,0,0,0,0,0,0,0,0,0,0,0,0,0,0,0,0,0,0,0,0,0,0,0,0,0,0,0,0,0,0,0,0,0,0,0,0,1,0,0,0,0,0,1,0,0,0,0,0,0,0,0,0,3,0,0,0,1,1,0,0,0,1,1,0,0,0,0,0,0,0,0,0,0,0,1,0,2,2,0,0,3,4,2,0,0,0,0,0,2,3,0,1,1,0,2,0,2,4,4,3,1,7,4,1,4,2,3,1,1,2,3,3,2,1,2,0,1,3,4,13,0,0,0,0,2,2,3,4,1,0,0,4,3,3,11,3,1,3,3,1,2,2,1,0,4,10,1,1,1,1,0,2,14,3,3,3,0,0,3,-2,2,1,3,0,0,0,0,0,0,1,1,0,1,0,0,0,0,0,0,1,0,1,7,2,0,0,2,2,3,0,4,0,0,0,2,10,5,1,0,0,4,2,1,2,3,0,0,4,2,1,0,1,0,0,3,0,0,0,0,0,0,0,3,1,0,0,0,0,10,0,4,4,2,0,0,3,6,0,2,2,0,2
17,0.0,0.0,0.0,0.0,0.0,0.0,0.0,0.0,0.0,0.0,0.0,0.0,0.0,0.0,0.0,0.0,0.0,0.0,0.0,0.0,0.0,0.0,0.0,0.0,0.0,0.0,0.0,0.0,0.0,0.0,0.0,0.0,0.0,0.0,0.0,0.0,0.0,0.0,0.0,0.0,0.0,0.0,0.0,0.0,0.0,0.0,0.0,0.0,0.0,0.0,0.0,0.0,0.0,0.0,0.0,0.0,0.0,0,1,0,3,1,1,3,3,4,3,7,8,13,18,8,26,42,16,53,33,31,33,73,82,66,68,81,43,74,74,80,124,62,125,31,59,119,97,123,107,79,59,50,142,90,140,102,102,59,44,176,136,137,130,108,57,53,142,191,136,130,71,48,57,145,146,82,108,75,66,28,39,160,103,84,60,60,22,113,96,115,59,69,40,198,94,77,90,78,29,19,18,72,87,52,0,111,22,24,36,63,40,34,26,15,14,21,28,36,27,9,6,6,37,36,20,16,24,19,6,25,8,25,13,18,5,6,23,23,20,17,12,1,18,30,16,16,22,8,14,9,19,28,21,31,18,5,1,20,15,24,27,5,18,12,26,24,27,22,17,6,8,29,37,23,20,11,11,7,38,27,24,38,23,5,8,7,28,28,44,22,14,5,18,35,25,23,25,14,7,29,22,30,33,25,13,13,23,35,24,52,31,17,14,31,42,32,32,30,9,13,29,48,53,52,27,22,22,41,68,42,41,63,24,17,46,51,56,49,56,25,18,68,55,97,84,91,50,25,82,153,48,45,197,74,42,113,151,180,147,157,99,61,150,178,156,90,152,44,103,146,266,228,157,235,99,100,168,229,232,222,165,107,116,132,190,208,221,120,81,120,144,171,118,194,70,112,134,126,215,167,195,44,105,90,150,173,206,167,102,83,70,134,120,107,149,147,30,68,35
37,0.0,0.0,0.0,0.0,0.0,0.0,0.0,0.0,0.0,0.0,0.0,0.0,0.0,0.0,0.0,0.0,0.0,0.0,0.0,0.0,0.0,0.0,0.0,0.0,0.0,0.0,0.0,0.0,0.0,0.0,0.0,0.0,0.0,0.0,0.0,0.0,0.0,0.0,0.0,0.0,0.0,0.0,0.0,0.0,0.0,0.0,0.0,0.0,0.0,0.0,0.0,0.0,0.0,0.0,0.0,0.0,0.0,0,0,0,0,0,0,0,0,0,1,1,1,1,0,2,2,2,6,3,5,7,2,13,7,12,9,6,1,5,22,9,14,21,12,8,7,34,29,11,16,20,10,7,36,12,24,21,21,2,8,22,25,30,20,17,3,3,27,20,18,26,11,7,2,30,11,14,12,9,7,10,12,28,33,32,18,9,12,23,18,21,6,26,4,10,23,24,11,28,12,5,9,36,14,7,22,15,8,3,28,15,18,19,9,10,3,18,30,18,1,3,1,2,22,21,20,18,20,4,7,42,16,20,18,23,5,8,26,30,28,20,32,7,5,30,45,38,21,40,5,13,28,40,42,42,26,8,4,32,45,38,26,30,4,1,48,35,34,29,27,10,4,35,36,24,22,31,9,10,39,38,24,36,50,1,7,12,49,32,33,24,5,8,51,38,31,27,28,8,4,39,30,40,53,31,1,4,49,38,47,29,21,5,3,33,23,29,25,18,5,3,43,40,18,36,19,5,5,53,40,50,32,30,13,13,41,34,38,49,46,5,7,67,50,41,34,23,2,8,45,38,8,14,36,50,8,38,46,38,43,26,29,5,35,64,0,72,9,21,21,23,82,44,57,49,27,17,45,56,53,38,44,27,32,26,98,86,60,59,40,16,51,69,0,0,166,23,12,13,155,19,0,144,18,31,55,80,137,115,97,142,11,60,107,80,108,83,67,0,56
33,0.0,0.0,0.0,0.0,0.0,0.0,0.0,0.0,0.0,0.0,0.0,0.0,0.0,0.0,0.0,0.0,0.0,0.0,0.0,0.0,0.0,0.0,0.0,0.0,0.0,0.0,0.0,0.0,0.0,0.0,0.0,0.0,0.0,0.0,0.0,0.0,0.0,0.0,0.0,0.0,0.0,0.0,0.0,0.0,0.0,0.0,0.0,0.0,0.0,0.0,0.0,0.0,0.0,0.0,0.0,0.0,0.0,0,0,0,0,0,0,0,0,1,0,0,0,1,0,1,0,1,0,1,2,2,0,0,9,0,3,1,1,0,0,9,0,5,0,1,3,1,0,6,3,2,7,0,0,0,6,6,9,3,2,0,6,19,3,7,10,2,0,9,8,9,0,12,1,0,10,8,9,9,0,1,1,4,9,9,6,4,3,0,11,9,8,10,0,3,0,8,7,7,7,3,2,0,6,4,1,6,2,0,0,4,4,18,0,2,0,0,4,2,2,1,0,5,1,2,2,1,3,1,0,0,1,2,1,0,3,0,0,2,2,3,4,0,0,0,0,2,4,1,0,1,0,1,0,1,0,0,0,0,1,2,0,1,0,0,1,3,1,0,1,0,0,0,1,1,1,0,0,0,0,0,0,0,0,1,0,0,0,1,0,1,1,0,2,0,0,0,0,0,0,0,0,0,0,1,0,0,0,0,2,1,0,1,1,2,2,1,0,6,0,1,0,2,5,2,1,1,1,0,1,1,1,2,0,2,0,3,4,0,1,0,0,0,1,2,2,1,0,0,0,3,3,3,1,0,1,2,2,2,1,1,4,0,1,1,0,3,6,3,0,2,9,7,8,7,5,2,0,4,14,6,10,3,1,0,21,4,9,12,6,0,0,21,13,0,11,7,7,20,6,18,0,10,11,1,11,24,11,19,16,7,0,9,7,12,11,19,6,0,5
41,0.0,0.0,0.0,0.0,0.0,0.0,0.0,0.0,0.0,0.0,0.0,0.0,0.0,0.0,0.0,0.0,0.0,0.0,0.0,0.0,0.0,0.0,0.0,0.0,0.0,0.0,0.0,0.0,0.0,0.0,0.0,0.0,0.0,0.0,0.0,0.0,0.0,0.0,0.0,0.0,0.0,0.0,0.0,0.0,0.0,0.0,0.0,0.0,0.0,0.0,0.0,0.0,0.0,0.0,0.0,0.0,0.0,0,0,0,3,0,0,0,1,1,3,0,3,1,1,0,3,2,0,3,1,4,1,0,6,0,11,0,4,4,1,2,3,6,6,2,2,1,3,0,5,3,1,4,1,0,9,2,1,5,0,0,4,2,6,3,3,0,3,0,4,3,0,0,0,1,2,4,1,2,0,1,0,0,0,3,0,2,0,1,3,2,0,2,2,1,0,5,0,2,2,1,2,4,2,1,4,1,1,1,2,0,3,2,5,0,0,2,3,1,1,0,4,2,0,5,4,6,2,0,2,3,7,3,2,5,3,3,2,7,0,4,9,4,3,0,14,8,5,6,3,1,2,5,5,1,9,7,1,1,11,7,8,2,1,2,0,9,11,4,2,3,0,3,8,5,5,9,7,4,1,6,3,2,5,5,1,1,4,8,3,2,6,4,2,8,2,0,0,4,1,3,3,6,1,3,4,1,0,8,4,1,3,8,1,0,9,2,11,3,2,0,0,6,3,3,6,3,0,8,5,2,11,3,4,0,2,9,7,2,2,14,2,1,9,4,5,6,13,1,4,3,5,4,7,6,2,4,13,10,20,4,7,1,6,21,20,15,3,11,9,7,24,17,20,30,24,6,12,35,30,13,15,12,5,6,53,48,21,21,36,1,6,35,21,12,7,0,5,6,16,19,9,13,2,8,6,44,8,10,7,28,2,8,54,41,29,21,41,1,3
45,0.0,0.0,0.0,0.0,0.0,0.0,0.0,0.0,0.0,0.0,0.0,0.0,0.0,0.0,0.0,0.0,0.0,0.0,0.0,0.0,0.0,0.0,0.0,0.0,0.0,0.0,0.0,0.0,0.0,0.0,0.0,0.0,0.0,0.0,0.0,0.0,0.0,0.0,0.0,0.0,0.0,0.0,0.0,0.0,0.0,0.0,0.0,0.0,0.0,0.0,0.0,0.0,0.0,0.0,0.0,0.0,0.0,1,0,0,0,0,0,2,2,0,2,2,0,4,3,2,4,4,5,0,9,4,0,7,12,4,5,8,2,0,15,10,0,2,10,1,0,4,16,10,0,16,8,0,3,26,41,12,11,8,0,8,22,0,11,14,1,0,24,0,16,9,0,0,11,8,0,8,12,6,10,5,6,20,4,13,4,7,6,1,17,7,13,7,1,11,11,7,13,5,6,1,2,5,10,4,18,5,9,6,14,10,10,1,17,5,4,19,27,18,9,20,7,7,19,38,21,24,22,10,11,21,5,72,26,39,20,9,57,64,49,51,80,26,15,59,50,52,45,39,26,16,54,47,49,19,45,24,18,49,46,42,18,56,9,19,55,17,41,58,34,11,7,18,44,55,27,43,11,11,37,37,13,39,31,10,20,5,30,33,53,12,24,13,21,34,26,19,11,11,13,31,19,17,18,26,3,11,22,19,22,9,33,11,3,15,31,12,16,21,1,7,17,17,14,8,22,13,11,35,12,47,22,16,9,21,19,34,13,7,39,1,10,22,17,7,13,10,21,5,21,14,8,17,9,2,31,13,26,19,30,43,9,5,25,4,0,29,0,7,28,23,40,22,30,21,49,13,6,27,15,46,12,54,12,5,44,43,29,23,40,27,14,52,15,0,81,31,18,25,51,47,0,89,84,15,14,84,79,34,63,53,15,34,51,23,103,71,129,11,11
11,0.0,0.0,0.0,0.0,0.0,0.0,0.0,0.0,0.0,0.0,0.0,0.0,0.0,0.0,0.0,0.0,0.0,0.0,0.0,0.0,0.0,0.0,0.0,0.0,0.0,0.0,0.0,0.0,0.0,0.0,0.0,0.0,0.0,0.0,0.0,0.0,0.0,0.0,0.0,0.0,0.0,0.0,0.0,0.0,0.0,0.0,0.0,0.0,0.0,0.0,0.0,0.0,0.0,0.0,0.0,0.0,0.0,0,0,0,0,1,0,0,1,0,0,1,0,1,1,4,0,2,1,3,6,1,2,-2,5,5,6,9,3,3,14,5,9,5,5,5,9,7,15,12,14,12,13,7,5,15,19,7,9,11,7,6,13,8,19,7,12,5,8,14,8,10,7,8,9,8,7,5,6,9,0,13,0,5,8,7,2,4,2,2,3,2,0,8,6,2,4,4,3,4,5,4,0,5,3,4,3,1,2,2,2,4,2,3,2,2,1,0,2,1,1,2,2,2,0,3,4,0,0,0,0,0,3,3,3,1,0,1,1,0,1,0,0,0,1,1,1,0,1,0,1,0,1,0,0,2,1,1,0,2,0,1,0,3,0,0,2,1,1,1,2,0,0,0,1,0,0,0,1,1,0,1,1,2,0,0,0,0,4,1,0,0,0,0,0,1,2,0,0,1,1,0,0,0,2,1,0,0,2,1,1,1,0,2,0,0,1,2,0,2,1,0,0,1,0,3,0,0,0,1,0,0,0,0,0,0,2,0,1,1,0,0,1,0,0,3,2,2,0,1,2,0,0,0,1,2,0,0,5,2,2,1,0,2,1,4,0,0,1,2,0,5,5,2,1,2,2,4,0,3,4,1,4,2,1,4,0,5,3,2,7,5,2,7,5,0,6,6,3,4,5,6,2,4,2,3,4,5,2,1,4,4,4,4,6,11,0,5,3,7,4
24,0.0,0.0,0.0,0.0,0.0,0.0,0.0,0.0,0.0,0.0,0.0,0.0,0.0,0.0,0.0,0.0,0.0,0.0,0.0,0.0,0.0,0.0,0.0,0.0,0.0,0.0,0.0,0.0,0.0,0.0,0.0,0.0,0.0,0.0,0.0,0.0,0.0,0.0,0.0,0.0,0.0,0.0,0.0,0.0,0.0,0.0,0.0,0.0,0.0,0.0,0.0,0.0,0.0,0.0,0.0,0.0,0.0,2,-2,2,0,1,0,1,0,1,0,2,3,7,7,11,8,9,12,20,17,21,16,22,31,30,34,43,37,49,37,48,30,42,41,44,57,49,47,52,68,49,53,44,54,69,58,50,47,49,52,52,44,60,63,49,47,49,46,47,54,56,49,50,32,42,34,23,53,32,35,38,38,41,43,37,24,34,29,21,20,2,34,38,9,27,35,33,31,25,26,13,8,35,14,20,14,22,14,8,18,16,21,13,15,11,7,15,15,7,11,13,7,3,20,9,13,15,7,9,6,9,7,6,12,9,9,5,20,3,4,13,11,7,7,11,20,10,5,13,9,8,7,6,15,14,12,8,6,13,8,8,11,5,3,2,9,11,8,5,11,6,3,13,10,5,14,10,6,3,6,5,12,11,7,3,5,3,9,8,4,8,2,1,10,6,6,8,7,3,4,12,7,7,8,8,10,3,8,3,0,1,7,1,3,6,6,6,11,5,4,4,9,10,6,4,4,1,4,9,8,12,8,13,5,3,9,7,12,10,10,5,3,7,10,10,12,7,11,9,12,16,12,12,20,9,7,26,16,21,26,17,19,14,33,37,29,22,33,23,16,32,42,49,26,30,26,19,51,46,50,52,36,17,25,64,64,49,39,54,36,23,48,49,59,32,21,32,28,63,45,47,47,25,27,33,55,50,41,43,30,26,29,66,37,45,45,47,26,29,54
35,0.0,0.0,0.0,0.0,0.0,0.0,0.0,0.0,0.0,0.0,0.0,0.0,0.0,0.0,0.0,0.0,0.0,0.0,0.0,0.0,0.0,0.0,0.0,0.0,0.0,0.0,0.0,0.0,0.0,0.0,0.0,0.0,0.0,0.0,0.0,0.0,0.0,0.0,0.0,0.0,0.0,0.0,0.0,0.0,0.0,0.0,0.0,0.0,0.0,0.0,0.0,0.0,0.0,0.0,0.0,0.0,0.0,0,0,0,0,0,0,0,0,1,0,0,0,1,0,2,1,1,1,3,1,1,0,1,3,3,0,1,6,5,5,0,8,7,2,2,3,7,6,7,6,9,6,5,6,2,11,8,8,12,5,6,7,3,9,10,9,8,11,12,11,11,6,6,5,6,7,11,8,6,9,3,5,4,6,9,7,5,6,5,8,8,4,5,4,4,4,6,10,6,5,4,5,7,5,4,8,2,3,0,7,4,5,4,2,1,1,4,3,3,8,2,0,2,4,8,6,6,4,2,3,3,6,5,3,4,2,7,10,3,5,5,6,7,5,7,6,3,7,9,3,1,3,9,2,6,6,4,5,3,2,2,6,8,3,4,5,6,5,5,4,2,2,3,5,9,3,2,1,9,8,3,1,3,6,3,4,0,6,3,2,3,2,0,7,2,4,5,6,2,2,3,3,2,6,5,0,3,2,2,5,5,3,2,2,0,2,3,3,5,4,4,3,3,1,6,1,5,1,7,8,3,7,5,2,9,4,11,3,13,11,8,10,9,14,23,6,16,14,12,14,14,18,22,10,7,21,28,26,12,23,25,33,17,28,23,18,35,23,13,28,21,40,44,33,32,11,7,33,34,23,43,24,44,21,28,43,48,31,27,16,9,23,40,29,35,9,30,34,23,33,41,25,32,17,23,20,47,39,30,22,17,15,30,13,29,38,36,22,26,17
32,0.0,0.0,0.0,0.0,0.0,0.0,0.0,0.0,0.0,0.0,0.0,0.0,0.0,0.0,0.0,0.0,0.0,0.0,0.0,0.0,0.0,0.0,0.0,0.0,0.0,0.0,0.0,0.0,0.0,0.0,0.0,0.0,0.0,0.0,0.0,0.0,0.0,0.0,0.0,0.0,0.0,0.0,0.0,0.0,0.0,0.0,0.0,0.0,0.0,0.0,0.0,0.0,0.0,0.0,0.0,0.0,1.0,0,0,1,1,0,2,2,1,5,0,4,4,4,3,4,5,8,6,8,11,6,3,12,10,9,10,5,3,5,8,9,8,4,6,4,8,13,8,9,6,13,6,10,6,6,12,8,4,6,5,5,14,9,8,6,5,5,6,5,3,10,1,6,8,7,3,4,3,4,4,2,2,4,9,10,4,5,1,7,3,5,0,3,2,4,3,2,1,0,3,1,4,2,1,3,2,0,1,0,0,2,1,3,2,0,4,3,4,14,3,2,4,3,11,5,18,8,13,1,0,19,6,8,11,9,1,1,28,28,5,13,10,2,5,20,21,21,29,2,0,15,15,28,10,20,29,8,6,18,15,34,15,24,3,5,25,32,38,13,12,0,3,30,20,21,16,15,0,3,8,23,27,12,13,1,4,0,19,17,10,10,3,4,26,12,12,18,4,3,0,15,10,8,9,9,3,0,8,7,3,6,11,3,0,6,7,13,8,2,2,3,10,17,7,9,0,3,2,15,5,4,2,5,5,1,7,10,3,8,0,4,3,23,7,10,21,5,1,1,7,18,3,13,15,1,8,27,3,6,29,29,6,6,24,24,22,2,24,17,8,22,35,48,23,29,14,4,40,25,50,45,41,19,9,48,57,20,35,43,30,6,38,46,45,27,1,8,21,46,47,59,21,5,32,23,29,60,44,55,56,17,33,46,50,62,40,63,18,5,8
39,0.0,0.0,0.0,0.0,0.0,0.0,0.0,0.0,0.0,0.0,0.0,0.0,0.0,0.0,0.0,0.0,0.0,0.0,0.0,0.0,0.0,0.0,0.0,0.0,0.0,0.0,0.0,0.0,0.0,0.0,0.0,0.0,0.0,0.0,0.0,0.0,0.0,0.0,0.0,0.0,0.0,0.0,0.0,0.0,0.0,0.0,0.0,0.0,0.0,0.0,0.0,0.0,0.0,0.0,0.0,0.0,0.0,0,0,0,0,1,2,0,3,2,2,5,4,6,4,10,16,10,16,10,11,17,23,25,26,20,18,16,6,21,50,37,28,29,33,20,38,48,53,46,34,21,17,25,46,138,38,27,19,17,18,79,90,46,35,25,10,16,79,47,51,47,29,15,32,63,61,55,36,84,13,18,15,42,54,33,18,6,51,52,41,40,16,15,7,27,17,36,33,18,46,3,16,24,14,22,34,30,3,4,31,20,17,16,16,3,11,45,13,27,0,4,4,16,43,21,15,26,4,22,6,5,6,28,9,20,42,15,30,16,21,41,0,10,37,38,40,20,47,26,14,10,31,26,22,34,16,1,4,35,26,21,29,40,2,6,39,36,22,26,20,3,8,10,48,32,29,21,2,10,27,11,50,22,8,3,17,22,26,30,49,8,4,4,87,49,25,28,4,3,8,12,52,28,19,6,1,5,37,21,13,88,20,0,6,16,23,13,11,3,2,6,12,16,5,16,13,0,8,8,66,12,23,22,0,11,22,17,19,16,10,2,37,33,55,33,33,12,11,7,23,76,35,42,14,8,20,30,55,63,65,29,12,24,98,156,0,72,32,21,30,119,123,82,129,64,13,63,81,84,111,128,51,15,59,103,123,117,73,64,16,75,130,109,95,0,20,33,62,151,133,107,0,55,59,67,104,121,94,82,55,28,75,100,79,109,67,78,65,81,55
47,0.0,0.0,0.0,0.0,0.0,0.0,0.0,0.0,0.0,0.0,0.0,0.0,0.0,0.0,0.0,0.0,0.0,0.0,0.0,0.0,0.0,0.0,0.0,0.0,0.0,0.0,0.0,0.0,0.0,0.0,0.0,0.0,0.0,0.0,0.0,0.0,0.0,0.0,0.0,0.0,0.0,0.0,0.0,0.0,0.0,0.0,0.0,0.0,0.0,0.0,0.0,0.0,0.0,0.0,0.0,0.0,0.0,0,0,0,0,0,0,0,2,0,1,0,3,0,1,6,10,1,8,5,6,1,21,7,7,15,4,3,0,8,15,11,6,1,3,3,4,5,9,4,-2,10,3,3,4,7,4,5,5,1,9,7,13,-2,4,1,1,8,14,8,14,3,5,3,3,4,4,4,2,14,7,2,5,10,3,4,4,0,3,14,7,13,7,9,1,3,14,1,5,27,4,3,8,10,4,12,6,9,2,5,11,14,11,10,7,0,8,12,5,11,13,4,9,7,12,20,25,13,15,3,8,18,16,13,19,23,5,4,24,17,37,13,26,3,11,0,42,13,27,7,6,19,25,27,42,20,9,8,10,38,18,24,13,19,21,21,39,26,36,61,14,4,21,40,20,25,28,24,22,7,27,16,18,22,25,3,4,27,35,57,37,39,14,19,30,24,13,32,20,2,15,28,14,35,42,22,3,12,31,34,47,14,45,17,20,24,21,63,27,26,9,7,23,31,36,7,32,6,13,30,18,41,65,24,31,32,44,34,22,78,12,0,26,75,24,31,32,49,5,15,62,89,27,64,25,16,30,72,53,80,74,9,55,35,73,92,53,7,15,13,48,36,50,93,95,29,38,66,100,62,69,87,73,62,79,74,53,177,115,0,111,65,133,111,51,0,12,69,76,122,100,97,0,63,55,143,99,114,111,126,86,81,80,146,137,84,79,44,36,39,40
2,0.0,0.0,0.0,0.0,0.0,0.0,0.0,0.0,0.0,0.0,0.0,0.0,0.0,0.0,0.0,0.0,0.0,0.0,0.0,0.0,0.0,0.0,0.0,0.0,0.0,0.0,0.0,0.0,0.0,0.0,0.0,0.0,0.0,0.0,0.0,0.0,0.0,0.0,0.0,0.0,0.0,0.0,0.0,0.0,0.0,0.0,0.0,0.0,0.0,0.0,0.0,0.0,0.0,0.0,0.0,0.0,0.0,0,0,0,0,0,0,0,0,0,1,0,0,1,0,1,0,0,0,0,2,1,0,0,1,0,0,1,0,0,1,0,0,0,0,0,0,0,0,0,0,0,0,0,0,0,0,0,0,0,0,0,1,0,0,0,0,0,0,0,0,0,0,0,0,0,0,0,0,0,0,0,0,0,0,0,0,0,0,0,0,0,0,0,0,0,1,0,0,1,0,0,0,0,0,0,0,0,0,0,0,0,0,2,0,0,0,0,0,0,1,1,0,0,1,0,0,0,0,0,0,0,0,0,0,1,0,0,0,1,0,0,1,0,1,1,0,1,0,1,0,1,0,0,0,0,1,0,0,0,1,0,0,1,0,0,1,0,0,1,1,1,0,4,1,0,0,0,0,0,2,0,1,0,2,0,0,0,0,0,1,1,0,0,0,0,0,1,0,0,0,0,0,0,6,1,4,0,0,0,1,0,1,0,0,0,1,1,0,0,0,0,0,4,1,1,1,0,0,0,1,0,0,0,0,0,2,1,6,4,1,1,1,0,0,0,0,0,0,0,8,4,0,0,2,0,0,2,0,1,0,1,1,0,13,0,3,0,2,0,0,1,0,8,12,1,0,3,0,4,5,3,18,0,0,3,2,2,0,1,0,0,10,3,2,0,1,0,0,1,2,3,0,9,0,3,0,2,3,0,1,0,0,0,2,2,1,0,0,0,1
5,0.0,0.0,0.0,0.0,0.0,0.0,0.0,0.0,0.0,0.0,0.0,0.0,0.0,0.0,0.0,0.0,0.0,0.0,0.0,0.0,0.0,0.0,0.0,0.0,0.0,0.0,0.0,0.0,0.0,0.0,0.0,0.0,0.0,0.0,0.0,0.0,0.0,0.0,0.0,0.0,0.0,0.0,0.0,0.0,0.0,0.0,0.0,0.0,0.0,0.0,0.0,0.0,0.0,0.0,0.0,0.0,0.0,0,0,0,0,0,0,0,0,0,2,1,0,2,1,1,1,2,2,0,2,2,0,0,2,3,2,1,3,3,0,3,4,0,1,2,2,1,-1,3,0,2,2,1,2,7,2,3,9,3,5,2,2,2,1,0,0,6,1,0,2,1,0,0,2,2,5,3,3,0,3,1,2,1,0,5,8,0,0,0,9,0,10,2,0,1,6,4,6,5,0,3,3,0,15,11,6,10,0,3,10,3,0,0,9,10,6,5,7,2,2,5,0,6,0,9,8,4,0,8,2,8,4,6,12,0,4,0,17,6,6,8,0,7,7,20,6,8,11,7,-2,17,15,18,7,6,0,23,11,11,0,16,5,13,-1,4,16,12,10,22,11,13,9,15,21,7,17,16,12,13,17,27,20,12,9,12,14,9,11,12,13,16,12,11,18,147,9,7,0,8,16,12,20,17,20,19,23,21,21,19,15,7,16,18,22,0,35,21,0,49,17,17,25,23,11,20,19,20,10,14,23,21,10,15,15,21,24,18,19,6,25,0,60,18,23,11,19,12,17,23,4,14,18,4,0,35,42,20,30,22,24,16,20,30,18,20,11,0,13,21,32,10,10,33,31,34,40,53,39,34,34,55,36,34,45,26,58,38,27,52,46,58,43,38,30,32,3,41,55,66,34,39,35,18,20,51,36,65,25,40,44,33,38,40,65,42,35,30,18,32,43
10,0.0,0.0,0.0,0.0,0.0,0.0,0.0,0.0,0.0,0.0,0.0,0.0,0.0,0.0,0.0,0.0,0.0,0.0,0.0,0.0,0.0,0.0,0.0,0.0,0.0,0.0,0.0,0.0,0.0,0.0,0.0,0.0,0.0,0.0,0.0,0.0,0.0,0.0,0.0,0.0,0.0,0.0,0.0,0.0,0.0,0.0,0.0,0.0,0.0,0.0,0.0,0.0,0.0,0.0,0.0,0.0,0.0,0,0,0,0,0,0,0,0,1,1,1,2,4,1,1,1,1,3,1,0,2,5,4,4,2,2,7,5,5,7,7,3,6,10,4,9,5,13,14,16,8,13,13,11,12,6,12,13,11,9,11,3,16,12,4,11,12,10,17,11,11,10,9,7,9,6,3,3,5,6,5,8,9,6,4,3,2,3,0,4,8,2,0,3,2,2,1,1,0,1,1,2,1,3,0,2,0,0,0,0,1,2,0,0,0,0,2,0,1,2,0,0,0,2,1,2,0,0,0,0,1,3,0,0,2,0,0,2,2,2,49,1,0,0,1,1,0,4,0,0,0,2,0,0,1,2,1,0,0,0,2,0,0,0,0,0,2,0,5,0,0,4,-1,1,0,0,0,0,1,0,1,0,0,2,1,0,0,0,4,0,0,2,2,1,1,0,1,1,0,6,1,1,1,1,2,0,1,1,1,0,6,3,0,0,1,3,2,0,2,1,2,3,1,1,1,2,1,1,2,2,0,8,2,1,4,1,2,1,15,4,2,0,2,0,4,0,0,2,1,3,2,8,2,2,0,0,3,3,0,4,0,2,4,5,3,1,2,0,7,2,5,2,0,3,0,11,0,10,0,3,1,8,1,0,10,7,12,9,4,4,9,1,0,16,3,4,2,1,0,23,5,4,0,0,7,10,0,2,8,12,3,14,5,3,1,7,14,0,0,5
19,0.0,0.0,0.0,0.0,0.0,0.0,0.0,0.0,0.0,0.0,0.0,0.0,0.0,0.0,0.0,0.0,0.0,0.0,0.0,0.0,0.0,0.0,0.0,0.0,0.0,0.0,0.0,0.0,0.0,0.0,0.0,0.0,0.0,0.0,0.0,0.0,0.0,0.0,0.0,0.0,0.0,0.0,0.0,0.0,0.0,0.0,0.0,0.0,0.0,0.0,0.0,0.0,0.0,0.0,0.0,0.0,0.0,0,0,0,0,0,0,0,0,0,1,0,2,0,1,2,1,2,2,0,3,8,3,1,1,2,2,3,7,2,6,4,7,4,10,1,4,4,7,6,11,5,6,9,9,12,14,8,5,9,4,19,12,12,12,9,13,6,18,17,12,18,10,5,4,17,16,18,19,19,10,5,19,13,13,18,9,3,17,10,13,6,12,6,6,8,12,6,9,4,7,2,3,14,4,6,2,0,4,1,2,4,3,9,0,1,3,7,2,1,2,1,0,2,2,10,4,4,5,2,4,3,5,16,6,3,7,3,5,6,10,5,3,1,6,6,7,11,10,5,4,6,6,11,9,5,12,5,3,7,11,8,7,7,2,6,8,17,8,7,10,5,8,8,15,16,12,13,5,3,7,3,9,6,20,4,3,12,14,13,4,6,1,6,10,3,14,9,4,1,9,12,8,8,5,4,3,6,8,16,16,12,5,5,7,11,15,6,16,18,5,12,13,12,9,17,4,1,10,17,29,17,19,11,3,14,13,21,11,13,10,1,24,22,24,15,16,11,13,7,25,25,31,18,24,13,6,36,39,40,27,27,32,14,20,45,41,40,8,7,36,28,18,73,83,62,16,35,201,102,99,77,15,1,60,67,14,97,0,82,56,0,64,15,71,5,0,1,0,67,10,69,7,48,0,46,7,61,5,59,3,11,1,83,10,19,6,64,2,1,8
20,0.0,0.0,0.0,0.0,0.0,0.0,0.0,0.0,0.0,0.0,0.0,0.0,0.0,0.0,0.0,0.0,0.0,0.0,0.0,0.0,0.0,0.0,0.0,0.0,0.0,0.0,0.0,0.0,0.0,0.0,0.0,0.0,0.0,0.0,0.0,0.0,0.0,0.0,0.0,0.0,0.0,0.0,0.0,0.0,0.0,0.0,0.0,0.0,0.0,0.0,0.0,0.0,0.0,0.0,0.0,1.0,0.0,0,0,0,0,0,1,0,0,0,1,0,1,1,1,2,1,1,3,4,4,1,3,2,11,4,8,5,1,6,7,7,4,4,2,6,8,7,3,2,-1,6,1,2,4,1,4,1,1,3,2,1,7,3,5,5,0,1,0,6,0,8,0,0,1,0,5,0,7,0,0,3,0,17,0,3,0,0,9,0,5,0,10,0,0,4,0,4,0,3,0,0,2,0,2,0,7,0,0,5,0,2,0,3,0,0,6,0,2,0,5,0,0,3,0,2,0,2,0,0,4,0,11,0,0,0,0,8,0,1,0,18,0,0,9,0,14,0,9,0,0,7,0,3,0,12,0,0,7,0,8,0,7,0,0,3,0,6,0,8,0,0,7,0,11,0,6,0,0,3,0,12,0,23,0,0,4,0,10,0,16,0,0,23,0,52,0,10,0,0,4,0,21,0,11,0,0,5,0,41,0,20,0,0,8,0,17,0,40,0,0,8,0,67,0,21,0,0,13,0,80,0,23,0,0,1,0,31,0,22,0,0,17,0,41,0,79,0,0,15,0,34,0,41,0,0,10,0,60,0,84,0,0,46,0,47,0,26,0,0,31,0,119,0,107,0,0,70,0,85,0,131,0,0,37,0,144,0,88,0,0,107,0,59,0,0,0,0,41,0,193,0,138,0,0,18,0,130,0,121,0,0,107,0,100,0,147,0,0,23,0
21,0.0,0.0,0.0,0.0,0.0,0.0,0.0,0.0,0.0,0.0,0.0,0.0,0.0,0.0,0.0,0.0,0.0,0.0,0.0,0.0,0.0,0.0,0.0,0.0,0.0,0.0,0.0,0.0,0.0,0.0,0.0,0.0,0.0,0.0,0.0,0.0,0.0,0.0,0.0,0.0,0.0,0.0,0.0,0.0,0.0,0.0,0.0,0.0,0.0,0.0,0.0,0.0,0.0,0.0,0.0,1.0,0.0,0,0,0,0,0,1,1,0,1,0,0,2,2,1,0,2,6,3,11,6,3,5,14,6,8,17,0,4,3,7,11,7,7,8,7,4,6,17,14,6,9,5,3,5,12,10,5,8,0,5,8,14,8,11,4,6,0,7,10,5,2,4,2,0,32,0,10,10,5,0,0,0,9,0,9,9,13,8,3,8,8,8,4,0,2,5,7,9,0,6,0,6,7,6,2,2,2,2,0,11,1,8,7,0,5,2,5,7,9,4,0,0,8,9,6,4,8,2,3,4,6,10,5,8,9,3,1,3,3,7,7,5,4,9,10,5,7,4,5,2,2,7,1,8,4,8,1,2,8,7,6,8,6,3,5,12,12,14,8,0,17,4,10,7,8,8,3,9,3,15,18,10,11,6,3,0,1,16,22,9,13,3,5,9,8,11,8,7,3,1,7,5,13,12,5,3,5,8,4,17,6,8,4,5,4,5,11,8,7,3,3,14,7,20,4,12,5,9,16,21,17,16,8,3,3,18,14,19,15,9,4,3,11,11,20,10,17,4,11,14,14,18,25,11,3,3,33,15,30,20,21,4,5,17,26,0,36,14,11,12,35,37,34,25,23,10,10,20,16,28,22,24,15,17,15,23,54,28,27,26,15,28,26,0,0,68,21,8,31,29,0,0,75,25,26,23,34,37,13,20,25,21,22,47,51,19,32,34,40,27
27,0.0,0.0,0.0,0.0,0.0,0.0,0.0,0.0,0.0,0.0,0.0,0.0,0.0,0.0,0.0,0.0,0.0,0.0,0.0,0.0,0.0,0.0,0.0,0.0,0.0,0.0,0.0,0.0,0.0,0.0,0.0,0.0,0.0,0.0,0.0,0.0,0.0,0.0,0.0,0.0,0.0,0.0,0.0,0.0,0.0,0.0,0.0,0.0,0.0,0.0,0.0,0.0,0.0,0.0,0.0,0.0,0.0,0,0,0,0,0,1,0,0,0,0,1,2,1,4,1,2,5,1,4,2,5,1,4,5,11,7,7,6,0,9,8,7,17,10,13,9,17,19,21,21,23,28,14,15,18,24,28,24,24,9,27,30,23,26,24,20,13,23,24,25,29,17,22,9,17,29,32,33,10,17,12,18,34,35,29,30,14,10,22,15,29,33,22,16,11,20,39,13,25,9,15,6,9,13,19,17,11,8,4,9,7,9,5,6,8,10,6,6,13,8,0,5,3,3,9,5,5,4,3,2,6,10,8,7,5,3,4,3,4,9,5,5,3,2,4,9,5,6,6,8,2,4,10,7,4,8,9,3,6,17,7,8,6,7,6,9,17,7,8,8,6,4,8,17,13,4,4,2,1,6,10,7,10,4,6,3,2,7,15,13,9,13,3,5,6,9,8,13,2,4,10,6,3,6,10,4,7,5,17,13,10,14,7,3,4,14,6,14,10,10,3,7,-24,19,13,5,17,5,7,35,20,13,14,21,4,15,19,32,18,20,18,9,15,31,25,36,34,31,19,23,56,39,46,35,31,12,26,67,72,68,51,40,24,38,72,0,101,45,57,15,22,77,92,61,75,64,21,22,82,89,94,67,85,18,21,92,83,65,57,70,22,24,75,79,0,57,40,13,36,66,61,0,54,53,13,18,67,44,48,43,44,4,13,50,43,33,37,40,12,6
42,0.0,0.0,0.0,0.0,0.0,0.0,0.0,0.0,0.0,0.0,0.0,0.0,0.0,0.0,0.0,0.0,0.0,0.0,0.0,0.0,0.0,0.0,0.0,0.0,0.0,0.0,0.0,0.0,0.0,0.0,0.0,0.0,0.0,0.0,0.0,0.0,0.0,0.0,0.0,0.0,0.0,0.0,0.0,0.0,0.0,0.0,0.0,0.0,0.0,0.0,0.0,0.0,0.0,0.0,0.0,0.0,0.0,0,0,1,0,0,1,0,4,1,4,5,6,12,4,11,14,11,16,12,34,14,12,78,69,29,78,78,13,17,60,63,60,49,80,276,92,360,58,-201,71,45,13,47,119,479,97,62,64,26,14,554,94,310,200,72,19,24,75,137,275,124,61,15,87,119,0,245,115,112,28,15,13,113,108,91,73,18,12,100,74,76,69,45,12,10,61,48,51,49,49,4,28,33,43,42,38,20,4,3,38,54,39,22,0,0,35,35,0,63,34,3,4,1,33,25,36,32,17,7,7,20,26,16,19,15,8,3,20,25,16,22,13,4,4,24,16,14,13,15,5,0,23,12,38,15,16,1,3,35,33,24,36,20,3,0,31,24,15,20,18,2,1,26,19,11,20,16,2,0,18,21,20,10,18,0,20,11,14,15,17,0,0,32,6,28,10,21,22,25,23,19,39,17,2,22,3,1,16,19,18,19,20,17,11,17,28,27,9,36,6,18,16,27,21,25,9,26,8,33,29,30,33,29,12,7,23,22,44,22,28,5,6,32,35,47,38,40,5,4,62,59,49,30,50,38,13,30,110,116,108,112,41,28,81,144,118,21,41,76,32,180,194,187,169,149,69,42,169,220,248,225,201,129,55,270,278,224,216,217,99,57,231,230,276,139,26,127,76,267,319,306,236,25,56,66,185,368,265,215,273,103,83,227,349,313,215,231,122,80,77
54,0.0,0.0,0.0,0.0,0.0,0.0,0.0,0.0,0.0,0.0,0.0,0.0,0.0,0.0,0.0,0.0,0.0,0.0,0.0,0.0,0.0,0.0,0.0,0.0,0.0,0.0,0.0,0.0,0.0,0.0,0.0,0.0,0.0,0.0,0.0,0.0,0.0,0.0,0.0,0.0,0.0,0.0,0.0,0.0,0.0,0.0,0.0,0.0,0.0,0.0,0.0,0.0,0.0,0.0,0.0,0.0,0.0,0,0,0,0,0,0,0,0,0,0,0,0,0,0,1,0,0,1,0,0,1,1,0,0,1,0,0,3,1,0,1,3,0,3,2,6,2,0,3,3,0,2,2,1,1,3,5,2,2,0,0,0,1,0,2,1,0,3,1,2,2,2,3,0,1,1,1,1,1,0,0,2,0,0,0,1,0,0,2,1,0,6,0,0,0,0,1,0,1,2,0,0,0,0,0,0,0,1,0,3,0,0,0,1,0,0,0,0,0,0,1,0,1,0,0,0,0,0,1,0,1,0,2,1,0,0,0,1,0,2,0,0,0,3,5,1,3,1,0,1,0,7,0,0,3,4,8,2,6,6,0,4,3,0,0,4,2,0,4,6,2,1,8,3,9,3,10,1,1,8,8,7,6,0,3,1,3,4,3,6,2,1,9,5,10,4,3,11,2,2,5,2,6,5,2,2,3,8,5,4,1,2,1,3,3,5,1,6,5,1,3,2,4,2,3,3,0,0,9,5,5,4,0,1,1,8,4,7,8,6,0,1,11,3,8,7,15,0,28,16,7,2,10,9,8,3,13,14,11,16,19,4,5,15,13,17,0,6,11,6,23,20,11,10,30,9,3,29,31,20,17,28,2,10,34,27,32,20,31,6,1,42,23,34,19,6,1,9,21,34,20,23,12,3,20,46,39,37,36,16,12,12,40,37,31,31,28,15,8,31
1,0.0,0.0,0.0,0.0,0.0,0.0,0.0,0.0,0.0,0.0,0.0,0.0,0.0,0.0,0.0,0.0,0.0,0.0,0.0,0.0,0.0,0.0,0.0,0.0,0.0,0.0,0.0,0.0,0.0,0.0,0.0,0.0,0.0,0.0,0.0,0.0,0.0,0.0,0.0,0.0,0.0,0.0,0.0,0.0,0.0,0.0,0.0,0.0,0.0,0.0,0.0,0.0,0.0,0.0,0.0,0.0,0.0,0,0,0,0,0,0,0,0,0,0,1,2,0,1,2,7,13,6,3,8,2,5,6,10,8,6,11,2,6,11,11,12,11,2,8,13,10,17,3,0,15,4,6,20,3,24,10,9,2,6,17,27,9,26,13,5,8,28,20,18,9,9,3,1,15,13,12,8,9,5,11,13,6,9,15,13,13,15,5,2,0,23,13,3,26,11,15,11,14,4,0,1,11,5,20,12,16,1,2,23,27,5,11,12,0,10,21,22,13,21,1,0,0,26,25,10,36,10,7,3,40,47,19,35,21,1,4,12,61,33,41,18,17,18,0,47,27,15,23,24,6,33,29,19,21,0,33,29,50,35,8,3,3,2,27,11,8,30,16,21,2,11,13,8,31,31,45,10,20,18,17,16,33,9,1,0,1,8,16,32,17,1,4,32,5,9,27,9,0,2,18,31,18,-15,10,0,0,16,23,8,2,8,0,1,21,21,36,16,11,0,1,0,41,50,30,2,0,1,16,0,38,16,7,0,0,26,19,3,18,35,6,0,14,19,20,23,33,2,0,36,81,12,18,15,2,1,52,46,72,32,6,0,2,13,60,40,0,0,5,1,60,73,65,55,46,12,3,50,43,49,52,16,0,0,22,74,56,42,93,0,0,63,135,89,4,5,6,21,25,37,53,45,0,1,5,8,108,86,111,108,35,13,226,187,185,85,89,1,1,5
9,0.0,0.0,0.0,0.0,0.0,0.0,0.0,0.0,0.0,0.0,0.0,0.0,0.0,0.0,0.0,0.0,0.0,0.0,0.0,0.0,0.0,0.0,0.0,0.0,0.0,0.0,0.0,0.0,0.0,0.0,0.0,0.0,0.0,0.0,0.0,0.0,0.0,0.0,0.0,0.0,0.0,0.0,0.0,0.0,0.0,0.0,0.0,0.0,0.0,0.0,0.0,0.0,0.0,0.0,0.0,0.0,0.0,0,0,0,1,2,1,1,5,2,7,2,6,6,1,2,33,16,27,19,34,24,17,71,0,103,68,46,60,48,69,197,103,65,0,50,245,92,121,95,125,98,62,74,91,79,89,82,0,97,59,138,85,79,77,58,35,41,33,84,94,66,54,69,41,23,57,53,55,38,18,49,27,34,23,42,44,32,20,8,17,18,31,17,16,13,13,23,26,13,27,15,3,6,9,7,12,13,9,3,14,10,11,9,4,5,4,2,2,2,9,0,0,3,0,5,5,0,0,0,23,1,8,9,7,0,0,10,0,0,4,3,0,0,5,5,2,6,1,0,0,5,0,0,0,4,0,0,3,0,6,0,3,0,0,3,0,1,1,2,0,0,0,3,0,2,0,0,0,0,1,1,1,0,0,0,0,6,0,4,2,0,0,5,0,2,1,4,0,0,3,1,1,2,2,0,0,2,2,3,3,2,0,0,4,4,1,5,3,0,0,2,1,4,3,2,0,0,12,5,8,2,8,0,0,12,6,9,5,7,0,0,11,0,18,11,15,0,0,27,9,9,10,11,0,0,22,12,13,21,23,0,0,43,10,45,0,35,0,0,59,20,51,20,35,0,0,78,18,43,42,36,0,0,81,22,40,46,29,0,0,95,27,33,55,0,0,0,113,20,40,31,0,104,0,69,24,38,57,37,0,0,92,33,87,17,41,0,0,76,12
16,0.0,0.0,0.0,0.0,0.0,0.0,0.0,0.0,0.0,0.0,0.0,0.0,0.0,0.0,0.0,0.0,0.0,0.0,0.0,0.0,0.0,0.0,0.0,0.0,0.0,0.0,0.0,0.0,0.0,0.0,0.0,0.0,0.0,0.0,0.0,0.0,0.0,0.0,0.0,0.0,0.0,0.0,0.0,0.0,0.0,0.0,0.0,0.0,0.0,0.0,0.0,0.0,0.0,0.0,0.0,0.0,0.0,0,0,0,0,0,0,0,0,0,0,0,3,1,1,1,1,2,0,0,1,0,0,3,2,3,6,1,2,0,6,6,2,0,2,1,1,3,3,3,0,0,2,0,2,2,0,3,0,0,1,0,1,1,1,0,0,0,3,-1,0,3,1,0,0,1,3,0,0,2,0,0,0,2,1,0,0,0,0,1,0,0,0,0,0,0,0,2,0,1,1,0,0,1,0,0,1,0,0,0,0,0,1,0,0,1,0,0,1,0,0,1,0,0,1,0,4,2,1,1,0,0,1,7,4,4,1,0,3,4,9,3,6,2,0,6,8,13,4,12,8,0,3,10,7,6,6,6,2,2,7,0,5,14,4,0,4,9,9,7,6,2,1,7,12,11,6,10,5,1,2,7,4,0,10,2,1,0,4,17,1,5,3,0,4,4,6,5,4,3,2,4,4,3,3,1,2,0,0,4,5,3,2,6,2,5,5,8,3,3,1,0,3,2,4,1,6,6,-1,3,4,11,7,9,10,1,7,5,14,16,11,3,1,2,15,17,7,8,4,3,12,16,19,16,3,7,0,4,35,14,23,10,2,2,17,8,21,0,14,4,7,9,31,31,23,18,0,3,20,19,29,33,15,18,6,19,20,17,28,16,0,5,21,12,11,25,0,5,0,23,16,10,33,0,12,0,11,12,17,29,6,5,6,10,12,8,27,12,2,2,0
22,0.0,0.0,0.0,0.0,0.0,0.0,0.0,0.0,0.0,0.0,0.0,0.0,0.0,0.0,0.0,0.0,0.0,0.0,0.0,0.0,0.0,0.0,0.0,0.0,0.0,0.0,0.0,0.0,0.0,0.0,0.0,0.0,0.0,0.0,0.0,0.0,0.0,0.0,0.0,0.0,0.0,0.0,0.0,0.0,0.0,0.0,0.0,0.0,0.0,0.0,0.0,0.0,0.0,0.0,0.0,0.0,2.0,0,2,2,2,4,4,4,14,12,19,18,36,18,14,34,54,34,37,60,39,68,35,70,70,50,53,51,34,44,129,90,53,57,54,29,32,77,68,67,61,43,26,27,61,44,60,65,23,19,95,51,0,93,19,40,19,22,39,34,36,31,31,12,72,18,27,21,39,0,22,0,11,21,18,26,19,6,10,34,35,13,29,13,11,8,13,11,19,9,8,10,4,24,20,0,22,20,1,12,17,18,12,26,0,9,0,22,17,17,23,0,10,8,23,20,16,25,23,13,7,22,16,24,24,0,34,29,36,62,16,29,0,48,23,26,71,42,24,0,58,17,27,45,50,61,0,56,24,26,48,41,28,0,77,19,28,55,28,50,0,59,18,33,54,23,30,0,27,19,34,20,17,14,0,58,12,13,22,21,41,0,33,17,26,16,17,29,0,26,9,11,21,16,21,0,21,15,10,21,8,26,0,32,9,6,12,5,26,0,20,14,10,16,12,20,0,23,16,6,18,9,21,0,17,17,18,18,18,11,0,7,8,17,24,20,21,0,20,12,10,0,39,24,0,11,7,17,28,15,34,0,27,24,39,27,0,41,0,16,13,35,46,23,24,0,36,23,45,32,40,43,0,51,27,50,38,31,30,0,48,65,51,68,46,0,0,19,45,61,51,40,0,0,49,48,50,46,47,105,0,40,45,53,51,58,0,0,123,50,71
23,0.0,0.0,0.0,0.0,0.0,0.0,0.0,0.0,0.0,0.0,0.0,0.0,0.0,0.0,0.0,0.0,0.0,0.0,0.0,0.0,0.0,0.0,0.0,0.0,0.0,0.0,0.0,0.0,0.0,0.0,0.0,0.0,0.0,0.0,0.0,0.0,0.0,0.0,0.0,0.0,0.0,0.0,0.0,0.0,0.0,0.0,0.0,0.0,0.0,0.0,0.0,0.0,0.0,0.0,0.0,0.0,0.0,0,0,0,0,0,0,0,0,0,0,0,1,0,2,0,2,2,0,2,1,0,0,2,2,2,1,2,0,0,1,4,3,2,3,2,1,1,3,5,3,3,0,1,0,1,1,2,1,1,0,4,1,0,1,1,0,1,0,1,3,0,1,0,1,2,0,0,2,2,1,0,1,2,3,1,4,0,0,5,1,0,3,0,1,0,1,0,0,0,0,0,1,0,1,0,0,0,0,0,0,1,0,0,1,0,1,0,0,0,0,2,2,0,1,0,1,0,1,2,0,0,0,0,1,2,0,0,1,0,0,0,1,0,0,2,0,1,1,0,0,1,-1,1,0,0,1,0,0,1,0,0,0,1,0,0,0,0,1,1,1,1,0,0,1,0,0,0,0,0,0,1,0,1,0,0,0,0,0,0,0,1,1,0,1,1,0,0,1,0,1,0,0,0,0,0,0,0,1,0,1,0,0,0,0,0,0,0,1,0,0,0,0,0,1,1,1,0,0,0,0,0,0,0,0,0,0,0,0,0,1,0,1,0,2,0,0,2,0,1,3,2,1,3,1,2,0,1,4,1,2,1,2,1,12,1,0,0,1,0,3,20,4,2,4,3,0,0,12,7,0,4,7,0,2,6,2,9,5,11,0,1,10,8,6,2,0,4,3,7,1,13,0,11,1,1,9,3,13,41,6,0,6,11,4,8,16,30,4,3,5
29,0.0,0.0,0.0,0.0,0.0,0.0,0.0,0.0,0.0,0.0,0.0,0.0,0.0,0.0,0.0,0.0,0.0,0.0,0.0,0.0,0.0,0.0,0.0,0.0,0.0,0.0,0.0,0.0,0.0,0.0,0.0,0.0,0.0,0.0,0.0,0.0,0.0,0.0,0.0,0.0,0.0,0.0,0.0,0.0,0.0,0.0,0.0,0.0,0.0,0.0,0.0,0.0,0.0,0.0,0.0,0.0,0.0,0,0,0,1,0,2,0,0,0,5,0,0,2,0,3,1,4,1,0,5,10,5,14,5,19,19,13,1,4,19,14,5,13,10,1,1,12,19,10,44,11,1,14,26,4,11,8,14,1,6,19,19,22,31,23,10,6,36,18,20,14,13,5,11,11,15,30,10,5,5,4,1,10,11,31,33,1,1,10,3,0,13,10,0,10,21,8,12,12,7,0,1,2,27,37,2,7,1,5,0,14,7,8,6,1,1,17,2,5,4,1,1,0,14,4,5,0,18,0,14,10,9,11,8,9,-1,3,11,16,20,-1,4,15,4,12,7,13,10,10,0,2,11,6,8,21,0,0,6,5,11,2,10,11,21,29,6,12,3,2,6,1,0,14,9,1,14,32,12,22,8,4,3,17,77,19,1,2,12,18,10,3,1,9,18,7,18,23,13,2,12,57,83,5,42,69,0,1,22,32,10,16,25,4,1,26,36,23,136,27,0,0,0,-2,22,17,121,2,8,25,26,16,31,113,4,5,28,32,29,26,99,2,5,33,24,18,25,19,3,0,146,24,16,20,14,1,12,67,24,30,30,18,4,2,189,26,32,1,8,6,6,177,37,59,20,59,11,2,161,28,67,31,22,8,3,240,45,35,19,51,33,10,211,97,39,14,1,3,4,117,58,28,21,3,19,0,263,33,24,30,32,4,3,204,16,30,28,24,1,2,7
28,0.0,0.0,0.0,0.0,0.0,0.0,0.0,0.0,0.0,0.0,0.0,0.0,0.0,0.0,0.0,0.0,0.0,0.0,0.0,0.0,0.0,0.0,0.0,0.0,0.0,0.0,0.0,0.0,0.0,0.0,0.0,0.0,0.0,0.0,0.0,0.0,0.0,0.0,0.0,0.0,0.0,0.0,0.0,0.0,0.0,0.0,0.0,0.0,0.0,0.0,0.0,0.0,0.0,0.0,0.0,0.0,0.0,0,0,0,0,1,0,0,0,0,1,4,2,5,1,2,4,2,4,3,6,8,8,8,8,9,6,11,3,2,13,11,7,11,12,7,10,14,10,8,8,12,6,2,10,11,11,20,10,12,7,32,32,22,13,12,9,5,22,8,15,13,17,11,7,26,16,10,16,20,9,10,17,18,23,17,13,11,5,28,15,12,9,0,14,20,0,31,0,13,8,2,4,20,23,0,0,0,0,40,11,22,5,6,13,4,20,14,9,10,0,15,4,3,44,30,16,11,15,19,1,22,18,18,24,14,9,3,31,34,13,27,17,15,6,42,20,48,52,30,10,8,42,51,21,23,26,22,16,32,45,22,32,37,4,11,33,35,27,24,23,3,8,67,58,26,14,14,14,32,20,33,10,22,11,15,1,0,38,33,14,15,12,9,28,22,24,0,29,1,0,36,24,4,20,17,8,2,36,12,10,20,12,2,0,0,38,23,6,16,5,0,14,25,12,8,11,0,0,31,21,8,7,17,0,8,20,19,8,18,6,14,0,36,13,8,14,14,10,0,37,17,17,5,21,3,2,36,20,18,23,15,19,0,53,16,18,6,10,27,1,29,15,28,37,33,12,0,56,24,42,41,56,19,5,48,42,26,34,36,19,2,79,43,23,6,3,41,28,85,28,40,29,24,31,13,91,38,48,40,45,21,19,98,31,41,55,70,40,3,50
30,0.0,0.0,0.0,0.0,0.0,0.0,0.0,0.0,0.0,0.0,0.0,0.0,0.0,0.0,0.0,0.0,0.0,0.0,0.0,0.0,0.0,0.0,0.0,0.0,0.0,0.0,0.0,0.0,0.0,0.0,0.0,0.0,0.0,0.0,0.0,0.0,0.0,0.0,0.0,0.0,0.0,0.0,0.0,0.0,0.0,0.0,0.0,0.0,0.0,0.0,0.0,0.0,0.0,0.0,0.0,0.0,0.0,0,0,0,0,0,0,0,0,0,0,0,0,1,0,3,0,1,0,0,0,1,0,0,0,0,0,0,0,1,0,0,0,1,2,0,0,2,2,0,0,0,0,0,1,1,0,0,0,0,0,0,0,0,0,0,0,0,0,0,0,0,0,0,0,0,0,0,0,0,0,0,1,0,0,0,0,0,0,0,0,0,1,0,0,0,0,0,0,0,0,1,0,0,1,0,0,0,0,1,0,0,0,1,0,0,0,0,0,0,1,0,0,0,0,0,2,3,1,0,3,2,0,1,2,0,0,2,1,2,1,3,0,0,1,4,3,1,5,1,0,3,0,1,0,5,5,0,0,2,3,1,0,1,0,0,2,0,5,0,1,0,1,6,1,0,2,4,0,0,1,4,2,3,2,1,1,1,3,1,8,2,2,3,2,1,2,3,10,1,3,3,2,0,5,1,2,1,3,3,1,5,0,1,3,2,1,4,9,3,1,2,5,8,5,5,5,1,0,11,23,3,4,12,3,6,2,20,12,27,11,1,10,13,5,3,12,26,11,1,5,10,0,5,37,6,2,21,18,0,6,33,3,11,16,22,6,-1,12,2,10,17,15,9,5,7,2,6,21,8,10,24,11,2,0,8,10,13,5,10,1,16,14,19,2,0,3,5,3,12,11,11,0,10,1,3,30,10,23,11,5,2,1,10,2,8,9,2,4,1,0
38,0.0,0.0,0.0,0.0,0.0,0.0,0.0,0.0,0.0,0.0,0.0,0.0,0.0,0.0,0.0,0.0,0.0,0.0,0.0,0.0,0.0,0.0,0.0,0.0,0.0,0.0,0.0,0.0,0.0,0.0,0.0,0.0,0.0,0.0,0.0,0.0,0.0,0.0,0.0,0.0,0.0,0.0,0.0,0.0,0.0,0.0,0.0,0.0,0.0,0.0,0.0,0.0,0.0,0.0,0.0,0.0,0.0,0,0,0,0,0,0,0,0,0,0,0,0,1,0,1,1,0,0,0,0,0,0,1,0,1,1,1,1,0,1,0,0,0,0,1,3,0,1,1,0,1,1,2,0,0,0,4,1,1,0,0,6,0,2,2,0,1,2,2,0,2,0,1,1,1,4,2,1,0,1,1,0,5,1,2,1,1,0,4,1,0,5,1,0,0,0,1,1,0,0,0,0,0,1,3,1,0,1,0,1,2,1,0,0,1,0,0,1,0,0,0,0,0,4,-4,0,0,2,0,0,1,0,1,1,0,2,1,1,2,1,2,0,0,0,1,2,1,0,0,2,0,2,1,1,1,2,0,1,5,2,0,1,0,4,1,2,2,0,2,0,4,0,2,0,1,0,2,0,2,2,3,2,0,5,1,0,0,0,3,0,7,1,2,2,0,10,2,8,0,1,3,7,10,6,8,4,3,5,7,10,8,7,3,3,4,24,6,11,15,3,7,12,8,5,18,11,5,4,4,10,0,18,8,8,6,14,12,11,13,12,7,9,15,12,29,17,15,11,5,0,42,12,10,19,10,7,26,16,10,39,0,6,6,37,4,10,5,13,0,12,27,12,11,12,18,6,9,42,16,23,27,22,0,5,13,24,10,21,0,6,2,5,5,18,0,4,0,0,12,6,0,0,28,0,2,17,5,7,12,0,0,0,3,1,8,23,0,0,0,13
40,0.0,0.0,0.0,0.0,0.0,0.0,0.0,0.0,0.0,0.0,0.0,0.0,0.0,0.0,0.0,0.0,0.0,0.0,0.0,0.0,0.0,0.0,0.0,0.0,0.0,0.0,0.0,0.0,0.0,0.0,0.0,0.0,0.0,0.0,0.0,0.0,0.0,0.0,0.0,0.0,0.0,0.0,0.0,0.0,0.0,0.0,0.0,0.0,0.0,0.0,0.0,0.0,0.0,0.0,0.0,0.0,0.0,0,0,0,1,0,0,1,0,1,2,2,1,7,1,1,6,7,4,4,4,4,5,16,12,1,8,6,2,3,9,15,8,5,3,1,3,21,6,9,9,6,1,2,10,7,8,8,8,0,0,9,6,7,6,4,2,2,4,0,6,1,3,0,0,6,5,5,3,4,0,2,5,4,4,3,5,0,0,5,2,3,0,1,3,0,5,2,2,2,0,0,0,4,1,2,1,1,1,0,2,1,3,2,7,1,0,2,2,6,3,0,0,1,5,3,3,6,5,1,2,4,4,6,7,6,0,1,9,13,3,7,12,0,0,13,14,13,5,8,1,1,15,17,10,7,3,0,2,13,9,11,6,13,4,4,17,17,10,6,10,1,4,14,19,15,8,11,2,1,9,12,14,11,4,3,0,1,9,13,12,11,6,0,7,12,6,9,4,3,2,14,8,11,12,11,0,3,11,13,4,9,7,1,3,11,9,10,6,4,3,6,15,13,11,11,14,3,2,18,19,11,13,11,4,2,22,13,20,20,11,8,9,21,17,21,16,0,9,6,7,19,11,12,23,12,10,6,26,18,15,21,10,15,15,16,0,24,13,19,7,15,54,24,24,14,22,15,11,23,35,27,35,22,8,14,42,16,17,28,23,6,22,43,45,0,29,13,13,22,48,36,0,38,20,5,19,62,39,31,35,23,14,29,44,34,43,27,35,7,43
46,0.0,0.0,0.0,0.0,0.0,0.0,0.0,0.0,0.0,0.0,0.0,0.0,0.0,0.0,0.0,0.0,0.0,0.0,0.0,0.0,0.0,0.0,0.0,0.0,0.0,0.0,0.0,0.0,0.0,0.0,0.0,0.0,0.0,0.0,0.0,0.0,0.0,0.0,0.0,0.0,0.0,0.0,0.0,0.0,0.0,0.0,0.0,0.0,0.0,0.0,0.0,0.0,0.0,0.0,0.0,0.0,0.0,0,0,1,0,0,0,0,0,0,0,0,0,0,0,0,0,1,0,0,0,0,2,2,0,0,0,0,0,0,0,0,1,0,0,0,0,1,0,1,1,0,1,0,0,2,4,4,0,0,0,3,5,2,0,3,0,0,5,0,4,1,0,0,0,2,0,2,2,0,0,0,0,4,0,5,3,0,0,0,0,2,1,0,0,0,3,1,4,1,1,0,0,2,1,0,3,0,0,0,2,1,3,1,3,0,0,0,2,4,0,0,0,0,1,0,3,6,2,0,0,0,2,4,1,0,2,0,0,1,2,1,0,1,0,0,6,0,1,4,1,0,1,1,4,3,2,0,0,0,1,1,2,2,1,0,1,1,2,2,1,1,0,0,1,0,3,2,0,0,0,2,0,1,3,0,0,0,0,4,0,6,1,0,0,8,1,5,2,2,0,0,0,8,6,2,0,0,5,0,13,1,11,0,0,0,10,14,5,9,0,2,0,3,13,3,8,8,0,7,3,14,9,10,9,0,0,9,19,12,10,12,1,8,14,22,28,13,13,1,3,27,0,1,53,23,0,0,30,31,36,36,42,0,2,28,0,39,54,1,3,2,47,38,31,27,19,0,1,36,30,33,33,16,0,2,39,1,28,21,11,20,0,8,41,0,16,0,0,0,18,24,0,13,12,0,0,6,25,12,14,15,0,0,19,10,15,4,23,11,0
49,0.0,0.0,0.0,0.0,0.0,0.0,0.0,0.0,0.0,0.0,0.0,0.0,0.0,0.0,0.0,0.0,0.0,0.0,0.0,0.0,0.0,0.0,0.0,0.0,0.0,0.0,0.0,0.0,0.0,0.0,0.0,0.0,0.0,0.0,0.0,0.0,0.0,0.0,0.0,0.0,0.0,0.0,0.0,0.0,0.0,0.0,0.0,0.0,0.0,0.0,0.0,0.0,0.0,0.0,0.0,0.0,0.0,0,0,0,0,0,0,1,0,0,0,0,1,0,0,2,1,2,0,0,1,0,5,0,0,0,4,1,0,0,1,1,1,2,2,2,1,4,2,1,4,2,0,0,4,0,1,0,3,1,0,6,2,3,0,5,1,1,5,2,0,2,1,2,0,8,2,2,1,4,0,1,3,4,1,1,5,1,0,0,4,0,3,1,0,3,3,1,3,8,0,0,4,2,4,3,3,0,3,0,5,0,1,2,1,0,1,4,1,3,5,0,3,6,4,7,4,2,5,3,1,10,7,1,1,8,0,4,4,9,7,6,1,0,7,5,6,8,4,6,1,3,7,6,3,5,0,1,9,4,2,2,7,3,0,1,5,8,4,2,2,0,5,7,4,2,4,0,0,0,2,1,4,5,1,2,1,1,3,3,1,2,0,3,0,1,0,0,3,0,1,2,1,0,4,0,5,0,4,2,0,15,2,2,4,6,8,5,4,5,7,5,0,5,2,8,3,3,3,5,6,6,4,1,4,2,4,10,10,3,3,10,0,6,5,7,17,9,1,2,11,6,9,14,9,8,5,9,8,16,17,14,6,4,11,26,0,15,14,5,3,19,16,11,8,14,0,10,23,23,21,9,13,17,7,15,19,30,14,8,7,6,12,23,8,0,8,2,5,16,21,13,0,25,7,4,7,18,29,22,9,2,4,26,27,11,12,13,8,7,7
73,0.0,0.0,0.0,0.0,0.0,0.0,0.0,0.0,0.0,0.0,0.0,0.0,0.0,0.0,0.0,0.0,0.0,0.0,0.0,0.0,0.0,0.0,0.0,0.0,0.0,0.0,0.0,0.0,0.0,0.0,0.0,0.0,0.0,0.0,0.0,0.0,0.0,0.0,0.0,0.0,0.0,0.0,0.0,0.0,0.0,0.0,0.0,0.0,0.0,0.0,0.0,0.0,0.0,0.0,0.0,0.0,0.0,0,0,0,0,0,0,0,0,0,0,0,0,0,0,0,0,0,0,0,0,0,0,0,0,0,0,0,0,0,0,0,0,0,0,0,0,0,0,0,0,0,0,0,0,0,0,0,0,0,0,0,0,0,0,0,0,0,0,0,0,0,0,0,0,0,0,0,0,0,0,0,0,0,0,0,0,0,0,0,0,0,0,0,0,0,0,0,0,0,0,0,0,0,0,0,0,0,0,0,0,0,0,0,0,0,0,0,0,0,0,0,0,0,0,0,0,0,0,0,0,0,0,0,0,0,0,0,0,0,0,0,0,0,0,0,0,0,0,0,0,0,0,0,0,0,0,0,0,0,0,0,0,0,0,0,0,0,0,0,0,0,0,0,0,0,0,0,0,0,0,0,0,0,0,0,0,0,0,0,0,0,0,0,0,0,0,0,0,0,0,0,0,0,0,0,0,0,0,0,0,0,0,0,0,0,0,0,0,0,0,0,0,0,0,0,0,0,0,0,0,0,0,0,0,0,0,0,0,0,0,0,0,0,0,0,0,0,0,0,0,0,0,0,0,0,0,0,0,0,0,0,0,0,0,0,0,0,0,0,0,0,0,0,0,0,0,0,0,0,0,0,0,0,0,0,0,0,0,0,0,0,0,0,0,0,0,0,0,0,0,0,0,0,0,0,0,0,0,0,0,0,0,0,0,0,0,0,0,0,0
74,0.0,0.0,0.0,0.0,0.0,0.0,0.0,0.0,0.0,0.0,0.0,0.0,0.0,0.0,0.0,0.0,0.0,0.0,0.0,0.0,0.0,0.0,0.0,0.0,0.0,0.0,0.0,0.0,0.0,0.0,0.0,0.0,0.0,0.0,0.0,0.0,0.0,0.0,0.0,0.0,0.0,0.0,0.0,0.0,0.0,0.0,0.0,0.0,0.0,0.0,0.0,0.0,0.0,0.0,0.0,0.0,0.0,0,0,0,0,0,0,1,0,0,0,0,0,0,0,0,1,1,0,1,0,0,0,0,0,0,0,1,0,0,0,0,0,0,0,0,0,0,0,0,0,0,0,0,0,0,0,0,0,0,0,0,0,0,0,0,0,0,0,0,0,0,0,0,0,0,0,0,0,0,0,0,0,0,0,0,0,0,0,0,0,0,0,0,0,0,0,0,0,0,0,0,0,0,0,0,0,0,0,0,0,0,0,0,0,0,0,0,0,0,0,0,0,0,0,0,0,0,0,0,0,0,0,0,0,0,0,0,0,0,0,0,0,0,0,0,0,0,0,0,0,0,0,0,0,0,0,0,0,0,0,0,0,0,0,0,0,0,1,1,0,0,0,0,2,1,0,0,0,0,3,0,0,1,1,1,2,1,2,0,2,2,1,0,2,1,2,2,1,0,1,2,0,1,3,2,0,3,1,2,0,1,1,1,3,0,2,1,0,1,1,0,1,0,1,1,1,2,0,1,2,0,0,2,0,4,0,2,1,1,0,0,0,1,3,2,3,1,0,1,1,0,0,2,0,1,4,2,0,1,2,1,2,0,1,2,2,1,0,0,0,0,0,0,1,0,0,0,0,0,2,0,2,1,1,0,0,0,0,0,0,1,1,0,0,0,0,0,0,0,0,1,0,1,0,0,0,0,1,0,0,0,0,0,0,0,1,1,1,1,0
76,0.0,0.0,0.0,0.0,0.0,0.0,0.0,0.0,0.0,0.0,0.0,0.0,0.0,0.0,0.0,0.0,0.0,0.0,0.0,0.0,0.0,0.0,0.0,0.0,0.0,0.0,0.0,0.0,0.0,0.0,0.0,0.0,0.0,0.0,0.0,0.0,0.0,0.0,0.0,0.0,0.0,0.0,0.0,0.0,0.0,0.0,0.0,0.0,0.0,0.0,0.0,0.0,0.0,0.0,0.0,0.0,0.0,0,0,0,0,0,0,0,0,0,0,0,0,0,0,0,0,0,1,0,0,0,0,1,0,0,0,0,0,0,0,0,0,0,0,0,0,0,0,0,0,0,0,0,0,0,0,0,0,0,0,0,0,0,0,0,0,0,0,0,0,0,0,0,0,0,0,0,0,0,0,0,0,0,0,0,0,0,0,0,0,0,0,0,0,0,0,0,0,0,0,0,0,0,0,0,0,0,0,0,0,0,0,0,0,0,0,0,0,0,0,0,0,0,0,0,0,0,0,0,0,0,0,0,0,0,0,0,0,0,0,0,0,0,0,0,0,0,0,0,0,0,0,0,0,0,0,0,0,0,0,0,0,0,0,0,0,0,0,0,0,0,0,0,0,0,0,0,0,0,0,0,0,0,0,0,0,0,0,0,0,0,0,0,0,0,0,0,0,0,0,0,0,0,0,0,0,0,0,0,0,0,0,0,0,0,0,0,0,0,0,0,0,0,0,0,0,0,0,0,0,0,0,0,0,0,0,0,0,0,0,0,0,0,0,0,0,0,0,0,0,0,0,0,0,0,0,0,0,0,0,0,0,0,0,0,0,0,0,0,0,0,0,0,0,0,0,0,0,0,0,0,0,0,0,0,0,0,0,0,0,0,0,0,0,0,0,0,0,0,0,0,0,0,0,0,0,0,0,0,0,0,0,0,0,0,0,0,0,0,0
72,0.0,0.0,0.0,0.0,0.0,0.0,0.0,0.0,0.0,0.0,0.0,0.0,0.0,0.0,0.0,0.0,0.0,0.0,0.0,0.0,0.0,0.0,0.0,0.0,0.0,0.0,0.0,0.0,0.0,0.0,0.0,0.0,0.0,0.0,0.0,0.0,0.0,0.0,0.0,0.0,0.0,0.0,0.0,0.0,0.0,0.0,0.0,0.0,0.0,0.0,0.0,0.0,0.0,0.0,0.0,0.0,0.0,0,0,0,0,0,0,1,1,0,0,0,1,0,2,1,2,3,1,3,3,2,1,2,1,9,6,3,2,1,0,6,5,2,2,2,1,1,3,2,8,6,1,0,2,0,6,0,3,2,0,2,0,3,5,1,3,2,1,1,2,5,0,1,1,0,1,1,0,1,0,2,0,0,2,1,1,3,0,2,2,0,1,1,0,0,0,1,1,2,0,1,0,0,0,0,0,0,2,0,0,0,2,0,1,1,0,0,0,0,1,1,0,0,2,2,0,0,8,0,0,2,2,1,5,1,0,2,0,5,3,3,10,0,0,8,2,3,5,6,5,0,7,9,12,7,9,5,0,8,8,11,11,12,6,0,11,10,11,7,7,9,0,5,9,8,12,4,6,0,1,8,5,7,9,13,0,5,18,12,11,12,4,3,9,19,18,11,6,3,1,4,4,10,8,7,2,4,6,7,4,8,8,5,9,1,9,10,5,8,2,5,3,4,1,15,3,5,2,1,5,9,8,3,7,3,4,5,1,6,2,10,7,3,8,5,7,0,10,10,7,12,8,5,7,14,7,9,20,11,9,21,5,15,6,14,17,7,7,11,12,16,22,11,18,12,7,11,3,13,19,11,17,6,10,12,18,11,10,9,26,14,9,17,15,9,0,13,11,4,24,19,18,5,19,10,7,8,18,4,24,14,12,3,14,20,13,11,0,0,0
75,0.0,0.0,0.0,0.0,0.0,0.0,0.0,0.0,0.0,0.0,0.0,0.0,0.0,0.0,0.0,0.0,0.0,0.0,0.0,0.0,0.0,0.0,0.0,0.0,0.0,0.0,0.0,0.0,0.0,0.0,0.0,0.0,0.0,0.0,0.0,0.0,0.0,0.0,0.0,0.0,0.0,0.0,0.0,0.0,0.0,0.0,0.0,0.0,0.0,0.0,0.0,0.0,0.0,0.0,0.0,0.0,0.0,0,0,0,0,0,0,0,0,0,0,0,0,0,0,0,0,0,0,0,0,1,0,0,0,0,0,0,0,0,0,0,0,1,1,0,0,0,0,0,0,0,1,0,0,0,0,0,0,0,0,0,0,0,0,0,0,1,1,0,0,0,0,0,0,0,0,0,0,0,0,0,0,0,0,0,0,0,0,0,0,0,0,0,0,0,0,0,0,0,0,0,0,0,0,0,0,0,0,0,0,0,0,0,0,0,0,0,0,0,0,0,0,0,0,0,0,0,0,0,0,0,0,0,0,0,0,0,0,1,0,0,0,0,0,0,1,0,0,0,0,0,0,0,1,0,0,0,0,0,0,0,0,0,0,0,0,0,1,0,0,0,1,1,2,0,0,0,0,0,1,0,0,1,0,1,0,1,0,0,0,1,0,0,0,0,0,0,0,0,0,0,0,0,0,0,0,0,1,0,0,0,0,0,0,0,0,0,0,0,0,0,0,0,0,1,0,0,0,0,0,0,0,0,0,0,0,0,0,0,0,0,0,1,1,0,0,0,0,0,0,0,0,0,0,0,0,0,0,0,0,0,0,0,0,0,0,0,0,0,0,0,0,0,0,0,0,0,0,0,0,0,0,0,0,0,0,0,0,0,0,0,0,0,0,0,0,0,0,0,0,0,0,0,0,0,1,0,0,0,0,0,0,0,0,0,0,0,0,0,0
