SEQNUM,date,death,deathIncrease,inIcuCumulative,inIcuCurrently,hospitalizedIncrease,hospitalizedCurrently,hospitalizedCumulative,negative,negativeIncrease,onVentilatorCumulative,onVentilatorCurrently,positive,positiveIncrease,states,totalTestResults,totalTestResultsIncrease,,
1,1/13/2020,0,0,0,0,0,0,0,0,0,0,0,0,0,1,0,0,,
2,1/14/2020,0,0,0,0,0,0,0,0,0,0,0,0,0,1,0,0,,
3,1/15/2020,0,0,0,0,0,0,0,0,0,0,0,0,0,1,0,0,,
4,1/16/2020,0,0,0,0,0,0,0,0,0,0,0,0,0,1,0,0,,
5,1/17/2020,0,0,0,0,0,0,0,0,0,0,0,0,0,1,0,0,,
6,1/18/2020,0,0,0,0,0,0,0,0,0,0,0,0,0,1,0,0,,
7,1/19/2020,0,0,0,0,0,0,0,0,0,0,0,1,1,1,0,0,,
8,1/20/2020,0,0,0,0,0,0,0,0,0,0,0,1,0,1,0,0,,
9,1/21/2020,0,0,0,0,0,0,0,0,0,0,0,2,1,1,0,0,,
10,1/22/2020,0,0,0,0,0,0,0,0,0,0,0,2,0,2,1,1,,
11,1/23/2020,0,0,0,0,0,0,0,0,0,0,0,2,0,2,2,1,,
12,1/24/2020,0,0,0,0,0,0,0,0,0,0,0,2,0,2,2,0,,
13,1/25/2020,0,0,0,0,0,0,0,0,0,0,0,2,0,2,2,0,,
14,1/26/2020,0,0,0,0,0,0,0,0,0,0,0,2,0,2,2,0,,
15,1/27/2020,0,0,0,0,0,0,0,0,0,0,0,2,0,3,3,1,,
16,1/28/2020,0,0,0,0,0,0,0,0,0,0,0,2,0,3,3,0,,
17,1/29/2020,0,0,0,0,0,0,0,0,0,0,0,2,0,4,5,2,,
18,1/30/2020,0,0,0,0,0,0,0,0,0,0,0,2,0,4,5,0,,
19,1/31/2020,0,0,0,0,0,0,0,0,0,0,0,2,0,4,8,3,,
20,2/1/2020,0,0,0,0,0,0,0,0,0,0,0,2,0,4,8,0,,
21,2/2/2020,0,0,0,0,0,0,0,0,0,0,0,2,0,4,8,0,,
22,2/3/2020,0,0,0,0,0,0,0,0,0,0,0,3,1,4,11,3,,
23,2/4/2020,0,0,0,0,0,0,0,0,0,0,0,3,0,4,15,4,,
24,2/5/2020,0,0,0,0,0,0,0,0,0,0,0,3,0,4,15,0,,
25,2/6/2020,0,0,0,0,0,0,0,0,0,0,0,5,2,4,16,1,,
26,2/7/2020,0,0,0,0,0,0,0,0,0,0,0,5,0,4,16,0,,
27,2/8/2020,0,0,0,0,0,0,0,0,0,0,0,5,0,4,18,2,,
28,2/9/2020,0,0,0,0,0,0,0,0,0,0,0,5,0,4,18,0,,
29,2/10/2020,0,0,0,0,0,0,0,0,0,0,0,5,0,5,19,1,,
30,2/11/2020,0,0,0,0,0,0,0,0,0,0,0,5,0,5,20,1,,
31,2/12/2020,0,0,0,0,0,0,0,0,0,0,0,5,0,5,21,1,,
32,2/13/2020,0,0,0,0,0,0,0,0,0,0,0,6,1,5,22,1,,
33,2/14/2020,0,0,0,0,0,0,0,0,0,0,0,7,1,5,22,0,,
34,2/15/2020,0,0,0,0,0,0,0,0,0,0,0,7,0,6,26,4,,
35,2/16/2020,0,0,0,0,0,0,0,0,0,0,0,7,0,6,28,2,,
36,2/17/2020,0,0,0,0,0,0,0,0,0,0,0,7,0,6,29,1,,
37,2/18/2020,0,0,0,0,0,0,0,0,0,0,0,7,0,6,29,0,,
38,2/19/2020,0,0,0,0,0,0,0,0,0,0,0,7,0,6,35,6,,
39,2/20/2020,0,0,0,0,0,0,0,0,0,0,0,7,0,6,36,1,,
40,2/21/2020,0,0,0,0,0,0,0,0,0,0,0,7,0,6,37,1,,
41,2/22/2020,0,0,0,0,0,0,0,0,0,0,0,7,0,6,38,1,,
42,2/23/2020,0,0,0,0,0,0,0,0,0,0,0,8,1,6,38,0,,
43,2/24/2020,0,0,0,0,0,0,0,0,0,0,0,9,1,6,40,2,,
44,2/25/2020,0,0,0,0,0,0,0,0,0,0,0,10,1,6,41,1,,
45,2/26/2020,2,2,0,0,0,0,0,0,0,0,0,12,2,6,41,0,,
46,2/27/2020,2,0,0,0,0,0,0,0,0,0,0,13,1,7,6487,6446,,
47,2/28/2020,4,2,0,0,0,0,0,0,0,0,0,15,2,7,6490,3,,
48,2/29/2020,5,1,0,0,0,0,0,0,0,0,0,18,3,7,6552,62,,
49,3/1/2020,8,3,0,0,0,0,0,2,2,0,0,42,24,10,6661,109,,
50,3/2/2020,11,3,0,0,0,0,0,3,1,0,0,72,30,11,6873,212,,
51,3/3/2020,14,3,0,0,0,0,0,5,2,0,0,114,42,15,7171,298,,
52,3/4/2020,16,2,0,0,4,0,4,705,700,0,0,240,126,25,8202,1031,,
53,3/5/2020,20,4,0,0,1,0,5,892,187,0,0,305,65,31,9798,1596,,
54,3/6/2020,26,6,0,0,1,0,6,1101,209,0,0,437,132,39,12039,2241,,
55,3/7/2020,27,1,0,0,0,0,6,1362,261,0,0,574,137,51,13034,995,,
56,3/8/2020,31,4,0,0,0,0,6,1593,231,0,0,744,170,51,14217,1183,,
57,3/9/2020,35,4,0,0,3,0,9,2074,481,0,0,1020,276,51,16387,2170,,
58,3/10/2020,37,2,0,0,0,0,9,2639,565,0,0,1408,388,51,19622,3235,,
59,3/11/2020,43,6,0,0,3,0,12,3798,1159,0,0,1828,420,51,24312,4690,,
60,3/12/2020,51,8,0,0,5,0,17,4972,1174,0,0,2511,683,51,31320,7008,,
61,3/13/2020,56,5,0,0,6,0,23,6277,1305,0,0,3354,843,51,41434,10114,,
62,3/14/2020,64,8,0,0,4,0,27,8087,1810,0,0,4379,1025,51,51593,10159,,
63,3/15/2020,79,15,0,0,10,0,37,10920,2833,0,0,5668,1289,51,61821,10228,,
64,3/16/2020,100,21,0,0,6,0,43,23829,12909,0,0,7383,1715,56,86927,25106,,
65,3/17/2020,124,24,0,0,33,325,76,31277,7448,0,0,9471,2088,56,113627,26700,,
66,3/18/2020,152,28,0,0,18,416,94,39299,8022,0,0,12828,3357,56,146344,32717,,
67,3/19/2020,203,51,0,0,34,617,128,51221,11922,0,0,17442,4614,56,185985,39641,,
68,3/20/2020,273,70,0,0,44,1042,172,65115,13894,0,0,23544,6102,56,233803,47818,,
69,3/21/2020,335,62,0,0,1849,1492,2021,91419,26304,0,0,30476,6932,56,289848,56045,,
70,3/22/2020,480,145,0,0,962,2173,2983,108251,16832,0,0,39699,9223,56,340603,50755,,
71,3/23/2020,581,101,0,0,950,2812,3933,135694,27443,0,0,50891,11192,56,400377,59774,,
72,3/24/2020,817,236,0,0,1186,3938,5119,180032,44338,0,0,61773,10882,56,480489,80112,,
73,3/25/2020,1058,241,74,0,1954,5140,7073,220861,40829,0,167,74404,12631,56,563119,82630,,
74,3/26/2020,1371,313,91,1299,2449,7805,9522,274608,53747,0,258,92020,17616,56,669006,105887,,
75,3/27/2020,1781,410,124,1792,2589,10887,12111,332449,57841,0,293,111274,19254,56,768774,99768,,
76,3/28/2020,2332,551,140,2174,2406,12393,14517,412642,80193,0,390,131045,19771,56,879871,111097,,
77,3/29/2020,2837,505,156,2456,2797,14055,17314,463603,50961,0,433,150709,19664,56,964193,84322,,
78,3/30/2020,3422,585,187,3087,2473,15892,19787,528622,65019,0,449,171911,21202,56,1066810,102617,,
79,3/31/2020,4330,908,230,3487,3995,18155,23782,590103,61481,0,506,196848,24937,56,1182330,115523,,
80,4/1/2020,5336,1006,256,3937,4148,20906,27930,651323,61220,32,561,223119,26271,56,1302160,119831,,
81,4/2/2020,6511,1175,305,4513,4164,22995,32094,715241,63918,32,576,251182,28063,56,1429190,127024,,
82,4/3/2020,7798,1287,335,4928,4621,25723,36715,784316,69075,39,623,283072,31890,56,1569080,139887,,
83,4/4/2020,9276,1478,403,5500,4993,30456,41708,854893,70577,39,656,316130,33058,56,1702050,132972,,
84,4/5/2020,10618,1342,609,5811,3953,32180,45661,921678,66785,39,650,342040,25910,56,1824530,122487,,
85,4/6/2020,11932,1314,663,7079,2962,36159,48623,1005900,84223,39,2961,370283,28243,56,1963350,138816,,
86,4/7/2020,13970,2038,738,9978,2931,43849,51554,1101650,95751,43,4047,400759,30476,56,2128980,165633,,
87,4/8/2020,15973,2003,862,10276,4387,45359,55941,1184870,83214,39,4142,431718,30959,56,2293010,164031,,
88,4/9/2020,18024,2051,918,12445,3829,51323,59770,1267910,83048,39,5798,466834,35116,56,2468480,175468,,
89,4/10/2020,20107,2083,1179,12693,4911,53167,64681,1347870,79952,39,5937,500442,33608,56,2627850,159363,,
90,4/11/2020,22182,2075,1399,13293,3735,55563,68416,1428130,80262,152,5986,531705,31263,56,2776350,148501,,
91,4/12/2020,23882,1700,1449,13597,3322,55294,71738,1514000,85868,158,5962,559820,28115,56,2915760,139414,,
92,4/13/2020,25515,1633,1622,13605,4491,56211,76229,1594310,80318,208,6170,584101,24281,56,3041160,125399,,
93,4/14/2020,27867,2352,1715,14047,3172,59610,79401,1681240,86930,221,5981,609975,25874,56,3200250,159086,,
94,4/15/2020,30412,2545,1783,14639,3502,59930,82903,1759140,77893,223,6033,639896,29921,56,3351900,151658,,
95,4/16/2020,32606,2194,1834,15136,3172,59496,86075,1858350,99209,176,5940,671423,31527,56,3533950,182050,,
96,4/17/2020,34724,2118,2052,14910,3366,58892,89441,1944930,86579,187,6098,703407,31984,56,3702510,168553,,
97,4/18/2020,36619,1895,2096,14764,3440,57799,92881,2032900,87977,205,5733,731357,27950,56,3870640,168138,,
98,4/19/2020,38382,1763,2145,14385,2177,56497,95058,2120930,88031,214,5603,758880,27523,56,4018150,147507,,
99,4/20/2020,40198,1816,2193,14463,2309,56721,97367,2209330,88392,214,5569,784847,25967,56,4163630,145474,,
100,4/21/2020,42103,1905,2315,14945,2736,59779,100103,2299240,89917,214,5514,810886,26039,56,4331410,167784,,
101,4/22/2020,44188,2085,2370,15016,3086,59207,103189,2399640,100394,227,5474,840062,29176,56,4674400,342986,,
102,4/23/2020,45997,1809,2428,14737,2820,59214,106009,2501570,101935,227,5463,872015,31953,56,4887470,213073,,
103,4/24/2020,47971,1974,2468,14623,2388,57370,108397,2626870,125303,227,5194,906241,34226,56,5128600,241130,,
104,4/25/2020,49600,1629,2516,14411,2297,57340,110694,2769650,142776,227,5266,941975,35734,56,5402910,274315,,
105,4/26/2020,50819,1219,2571,14093,2215,56161,112909,2880440,110791,227,5119,969289,27314,56,5605620,202703,,
106,4/27/2020,52109,1290,3720,13812,2245,56183,115154,2975250,94811,252,4867,991696,22407,56,5797000,191385,,
107,4/28/2020,54187,2078,3798,13562,2014,56034,117168,3089490,114236,252,4760,1016930,25234,56,6021360,224357,,
108,4/29/2020,56863,2676,4093,13550,2181,56009,119349,3218070,128582,365,4803,1043110,26176,56,6277680,256326,,
109,4/30/2020,59023,2160,4192,13246,2382,54905,121731,3344500,126428,373,4708,1073150,30046,56,6553220,275532,,
110,5/1/2020,60832,1809,4300,12861,2114,54897,123845,3491120,146618,376,4712,1105960,32808,56,6836990,283769,,
111,5/2/2020,62359,1527,4386,12904,1995,54008,125840,3613620,122506,375,4846,1135160,29196,56,7104760,267778,,
112,5/3/2020,63607,1248,4502,12724,1855,52623,127695,3751830,138204,425,4762,1160950,25789,56,7342480,237719,,
113,5/4/2020,64635,1028,4579,12701,1765,52375,129460,3873960,122137,430,4852,1183140,22195,56,7573660,231177,,
114,5/5/2020,67125,2490,4794,12620,1932,53164,131392,4020510,146546,439,4810,1205480,22344,56,7856210,282550,,
115,5/6/2020,69043,1918,4911,12480,1809,52609,133201,4166570,146062,449,4758,1230740,25256,56,8146580,290370,,
116,5/7/2020,71791,2748,5174,12135,1757,51445,134958,4311880,145307,529,7067,1257970,27229,56,8473840,327261,,
117,5/8/2020,73575,1784,6294,11786,1705,49770,136663,4470680,158802,531,6793,1285170,27197,56,8786240,312403,,
118,5/9/2020,75031,1456,6367,11504,1680,48581,138343,4631500,160818,543,6550,1310490,25320,56,9106180,319941,,
119,5/10/2020,76066,1035,6445,11382,1573,46735,139916,4773290,141794,547,6392,1331600,21116,56,9382220,276040,,
120,5/11/2020,76957,891,6488,11153,1374,46550,141290,4937040,163743,551,6349,1349740,18140,56,9754440,372212,,
121,5/12/2020,78466,1509,6585,11241,1486,47343,142776,5111860,174820,559,6350,1372180,22442,56,10097900,343475,,
122,5/13/2020,80196,1730,6713,10991,1786,46921,144562,5290630,178771,572,6164,1393680,21500,56,10440300,342370,,
123,5/14/2020,82049,1853,6795,10655,1544,45923,146106,5494100,203478,582,5940,1420460,26773,56,10829800,389567,,
124,5/15/2020,83587,1538,6890,10476,1314,44553,147420,5689570,195461,589,5744,1445950,25490,56,11237300,407466,,
125,5/16/2020,84824,1237,6945,10276,1796,43515,149216,5883520,193950,592,5532,1469690,23743,56,11622700,385388,,
126,5/17/2020,85697,873,7003,9945,1134,42019,150350,6079870,196357,593,5467,1490130,20436,56,11973900,351224,,
127,5/18/2020,86551,854,7064,9748,1132,41940,151482,6268990,189113,602,5260,1510720,20597,56,12324000,350063,,
128,5/19/2020,87868,1317,7217,9598,1548,42023,153030,6499940,230957,606,5032,1531410,20687,56,12745700,421683,,
129,5/20/2020,89265,1397,7319,9522,1756,41856,154786,6745430,245484,613,4907,1552700,21293,56,13210700,465041,,
130,5/21/2020,90645,1380,7412,9092,4547,41359,159333,7049000,303576,616,4871,1579530,26831,56,13717000,506320,,
131,5/22/2020,91935,1290,7689,9042,3949,40008,163282,7296590,247587,633,4714,1603650,24115,56,14170300,453236,,
132,5/23/2020,92975,1040,7770,8739,1385,38625,164667,7498120,201532,638,4621,1626210,22561,56,14622600,452354,,
133,5/24/2020,93663,688,7801,8491,1028,37742,165695,7689090,190971,639,4380,1645270,19062,56,15011300,388719,,
134,5/25/2020,94219,556,7847,8467,898,37703,166593,7917550,228459,642,4232,1663830,18555,56,15423200,411853,,
135,5/26/2020,94884,665,7899,8580,1348,37751,167941,8079870,162320,650,4221,1680520,16690,56,15739700,316497,,
136,5/27/2020,96219,1335,8015,8552,1561,38300,169502,8294600,214726,666,4223,1699690,19172,56,16165600,425917,,
137,5/28/2020,97454,1235,8109,8392,1594,38000,171096,8553850,259250,676,4079,1722490,22799,56,16655600,490016,,
138,5/29/2020,98628,1174,8235,8170,1571,36942,172667,8822050,268204,689,4028,1746110,23618,56,17191400,535797,,
139,5/30/2020,99551,923,8305,7960,1421,35759,174088,9063940,241884,698,4008,1769700,23596,56,17645600,454146,,
140,5/31/2020,100206,655,8445,7625,895,34925,174983,9273550,209610,704,3669,1791340,21641,56,18072700,427109,,
141,6/1/2020,100885,679,8485,7592,2862,34325,177845,9497370,223825,704,3950,1811440,20101,56,18490900,418259,,
142,6/2/2020,101856,971,8566,7410,1735,33956,179580,9734400,237025,710,3854,1831320,19879,56,18951600,460691,,
143,6/3/2020,102831,975,8688,7229,2145,33227,181725,9997590,263199,717,3754,1851510,20182,56,19455000,503370,,
144,6/4/2020,103714,883,8787,7044,1675,32802,183400,10253700,256080,723,3662,1871980,20477,56,19960800,505813,,
145,6/5/2020,104549,835,8863,6921,1518,32502,184918,10552900,299258,740,3520,1895030,23050,56,20574200,613366,,
146,6/6/2020,105263,714,8920,6762,989,31994,185907,10853800,300867,750,3476,1917780,22746,56,21142200,568044,,
147,6/7/2020,106024,761,8957,6501,655,31490,186562,11105500,251709,753,3298,1936830,19056,56,21575300,433033,,
148,6/8/2020,106699,675,9013,6398,1071,31105,187633,11304900,199434,762,3238,1953760,16923,56,21981800,406502,,
149,6/9/2020,107585,886,9141,6453,1279,31179,188912,11529500,224509,771,3088,1970670,16916,56,22437000,455278,,
150,6/10/2020,108478,893,9225,6256,1239,30961,190151,11757700,228219,780,3022,1991550,20880,56,22919300,482269,,
151,6/11/2020,109374,896,9295,6075,1526,29850,191677,11985700,228008,792,2885,2013540,21991,56,23405700,486437,,
152,6/12/2020,110140,766,9373,6009,1376,29306,193053,12230400,244679,814,2738,2036690,23141,56,23904900,499191,,
153,6/13/2020,110834,694,9430,5883,954,28578,194007,12501600,271264,830,2726,2062140,25453,56,24447300,542347,,
154,6/14/2020,111189,355,9466,5749,610,28020,194617,12750600,249016,834,2716,2083800,21658,56,24927600,480299,,
155,6/15/2020,111574,385,9516,5700,664,28034,195281,12983800,233173,835,2636,2102050,18255,56,25376200,448589,,
156,6/16/2020,112294,720,9590,5570,1184,28370,196465,13233200,249410,845,2591,2124890,22838,56,25881600,505403,,
157,6/17/2020,113074,780,9665,5608,1077,28647,197542,13507300,274054,857,2584,2149040,24153,56,26440000,558467,,
158,6/18/2020,113756,682,9736,5472,1108,28538,198650,13761500,254224,869,2518,2176080,27042,56,26998900,558903,,
159,6/19/2020,114408,652,9876,5337,1578,28693,200228,14023800,262314,884,2433,2206950,30865,56,27655900,656946,,
160,6/20/2020,115023,615,9908,5229,699,28084,200927,14306200,282338,888,2380,2239190,32236,56,28265900,609993,,
161,6/21/2020,115316,293,9944,5195,519,28325,201446,14548500,242305,904,2321,2268370,29188,56,28768200,502364,,
162,6/22/2020,115604,288,10002,5325,824,28963,202270,14780300,231859,909,2301,2295200,26829,56,29261900,493615,,
163,6/23/2020,116328,724,10077,5392,1271,30355,203541,15010900,230594,918,2292,2328650,33447,56,29923400,661579,,
164,6/24/2020,117032,704,10173,5292,1246,31270,204787,15287200,276303,934,2247,2367770,39117,56,30485100,561704,,
165,6/25/2020,117680,648,10257,5319,1296,31922,206083,15632300,345056,951,2214,2407470,39707,56,31195200,710078,,
166,6/26/2020,118298,618,10334,5290,1542,31850,207625,15963200,330949,966,2069,2451810,44340,56,31991700,796499,,
167,6/27/2020,118806,508,10415,5314,1058,32566,208683,16266700,303524,977,2159,2494870,43058,56,32709400,717648,,
168,6/28/2020,119079,273,10473,5252,547,32575,209230,16567300,300531,983,2077,2536620,41745,56,33319700,610384,,
169,6/29/2020,119415,336,10542,5389,731,33742,209961,16929600,362304,990,2021,2576010,39398,56,33995600,675879,,
170,6/30/2020,119994,579,10669,5426,1473,35337,211434,17260800,331248,1008,2044,2623020,47010,56,34711800,716184,,
171,7/1/2020,120692,698,10752,5492,1429,36526,212863,17610400,349596,1027,2099,2674070,51046,56,35450300,738472,,
172,7/2/2020,121391,699,10843,5636,1697,37646,214560,17964100,353717,1041,2104,2727580,53511,56,36229900,779577,,
173,7/3/2020,121994,603,10936,5597,1358,37927,215918,18329600,365468,1059,2049,2781780,54199,56,37017800,787952,,
174,7/4/2020,122290,296,10977,5633,872,38281,216790,18640700,311088,1063,1982,2836660,54881,56,37700000,682206,,
175,7/5/2020,122499,209,11010,5653,582,38872,217372,18962000,321291,1064,2080,2882000,45334,56,38343700,643685,,
176,7/6/2020,122736,237,11058,5678,762,39960,218134,19206500,244479,1070,2104,2922920,40925,56,38994000,650271,,
177,7/7/2020,123641,905,11177,5838,1976,41949,220110,19507800,301351,1084,2102,2973910,50990,56,39729500,735536,,
178,7/8/2020,124460,819,11303,5872,1890,43207,222000,19844000,336162,1103,2167,3036720,62813,56,40514300,784826,,
179,7/9/2020,125323,863,11370,5843,1661,44051,223661,20255900,411905,1138,2129,3095790,59062,56,41364500,850156,,
180,7/10/2020,126162,839,11523,5899,2196,51724,225857,20662700,406788,1118,2192,3162900,67111,56,42269900,905374,,
181,7/11/2020,126917,755,11612,5939,1577,51982,227434,21031400,368719,1128,2169,3225470,62569,56,43093900,824020,,
182,7/12/2020,127389,472,11679,5930,894,52860,228328,21431200,399792,1136,2182,3287070,61605,56,43915200,821351,,
183,7/13/2020,127718,329,11749,6063,1120,54118,229448,21768900,337758,1142,2254,3344230,57160,56,44670900,755669,,
184,7/14/2020,128459,741,11857,6238,2246,55678,231694,22152000,383078,1154,2263,3402840,58609,56,45521900,850964,,
185,7/15/2020,129322,863,12002,6328,2388,56340,234082,22568300,416286,1166,2322,3472210,69373,56,46438700,916879,,
186,7/16/2020,130263,941,12091,6349,2210,57602,236292,23000800,432515,1175,2314,3542700,70489,56,47388500,949756,,
187,7/17/2020,131202,939,12243,6451,2485,57871,238777,23421600,420833,1200,2352,3619230,76524,56,48328400,939851,,
188,7/18/2020,132078,876,12342,6397,1992,57822,240769,23777500,355850,1211,2343,3683980,64750,56,49189100,860699,,
189,7/19/2020,132605,527,12393,6384,2022,58052,242791,24182900,405435,1216,2362,3748210,64230,56,49991700,802635,,
190,7/20/2020,132981,376,12475,6551,1563,58518,244354,24552600,369701,1223,2403,3804870,56663,56,50732900,741162,,
191,7/21/2020,134022,1041,12629,6717,2551,59476,246905,24913400,360741,1242,2414,3867790,62920,56,51567700,834889,,
192,7/22/2020,135171,1149,12790,10460,2238,59758,249143,25324200,410868,1258,2444,3937210,69422,56,52477000,909265,,
193,7/23/2020,136241,1070,12933,10423,2373,59860,251516,25793200,468926,1280,2467,4008650,71436,56,53416200,939239,,
194,7/24/2020,137416,1175,13182,10389,3063,59800,254579,26266300,473177,1297,2709,4083710,75061,56,54431100,1014860,,
195,7/25/2020,138430,1014,13279,10380,1820,59382,256399,26633800,367424,1300,2729,4148550,64845,56,55307600,876507,,
196,7/26/2020,138991,561,13343,10353,1380,58731,257779,27113600,479870,1336,2723,4209320,60768,56,56170700,863112,,
197,7/27/2020,140057,1066,13412,10328,1631,58987,259410,27512300,398659,1356,2723,4263800,54479,56,56959900,789217,,
198,7/28/2020,141168,1111,13559,10463,4068,57185,263478,27873800,361538,1372,2748,4322260,58457,56,57804700,844755,,
199,7/29/2020,142671,1503,13744,10535,2860,57422,266338,28336000,462170,1400,2771,4386400,64143,56,58718500,913850,,
200,7/30/2020,143919,1248,13875,10519,3291,56571,269629,28738700,402674,1415,2762,4455360,68961,56,59614200,895638,,
201,7/31/2020,145247,1328,14044,10473,2532,55721,272161,29006200,267549,1437,2701,4523190,67827,56,60610000,995792,,
202,8/1/2020,146448,1201,14227,10450,2386,54554,274547,29379100,372834,1445,2698,4583870,60679,56,61418000,808012,,
203,8/2/2020,146944,496,14288,10415,831,54106,275378,29752500,373458,1448,2645,4637170,53301,56,62206600,788606,,
204,8/3/2020,147460,516,14370,10233,1558,53517,276936,30095600,343116,1463,2664,4679910,42738,56,62946500,739874,,
205,8/4/2020,148701,1241,14537,10207,1852,53436,278788,30458700,363055,1493,2701,4731100,51198,56,63744200,797783,,
206,8/5/2020,150056,1355,14687,9988,2118,53435,280906,30823300,364580,1524,2721,4783800,52698,56,64568100,823818,,
207,8/6/2020,151297,1241,14810,9996,2615,53219,283521,31231200,407901,1534,2714,4837850,54048,56,65423700,855593,,
208,8/7/2020,152620,1323,14925,9698,1892,51327,285413,31652300,421107,1549,2628,4898670,53042,56,66317600,893989,,
209,8/8/2020,153706,1086,15024,9662,1494,50071,286907,31994500,342265,1561,2566,4952200,53529,56,67103400,785706,,
210,8/9/2020,154327,621,15081,9307,862,48997,287769,32377500,382995,1578,2507,5002970,50766,56,67896400,793017,,
211,8/10/2020,154757,430,15158,9209,1554,48751,289323,32720400,342902,1592,2529,5044340,53339,56,68665800,769384,,
212,8/11/2020,156077,1320,15331,9135,2624,48600,291947,33061600,341151,1612,2422,5099270,54935,56,69501500,835788,,
213,8/12/2020,157594,1517,15524,9564,2971,48067,294918,33445600,384041,1629,2602,5155460,56186,56,70098600,597030,,
214,8/13/2020,158757,1163,15629,9480,2675,47303,297593,33859800,414136,1649,2574,5207220,51763,56,71044600,945978,,
215,8/14/2020,159983,1226,15764,9277,2141,45868,299734,34330100,470373,1665,2555,5264320,57101,56,72025600,981065,,
216,8/15/2020,161210,1227,15891,9087,1891,44922,301625,34707100,376986,1663,2526,5320370,56046,56,72906900,881308,,
217,8/16/2020,161827,617,15924,8958,685,44155,302310,35089200,382038,1665,2481,5362870,42503,56,73679300,772386,,
218,8/17/2020,162238,411,15985,8881,1224,43614,303534,35415200,325994,1678,2444,5400620,37751,56,74404000,724698,,
219,8/18/2020,163417,1179,16123,8859,2261,43840,305795,35735600,320406,1695,2467,5440690,40070,56,75169200,765192,,
220,8/19/2020,164828,1411,16377,8747,1983,43406,307778,36139800,404229,1705,2375,5485770,45073,56,76009600,840428,,
221,8/20/2020,165957,1129,16487,8486,1983,42109,309761,36503100,363326,1716,2330,5529610,43844,56,76867000,857333,,
222,8/21/2020,167076,1119,16563,8358,1783,41049,311544,36885800,382686,1730,2288,5576070,46456,56,77773200,906237,,
223,8/22/2020,168111,1035,16657,8207,1603,40017,313147,37266000,380196,1736,2204,5622120,46054,56,78664000,890770,,
224,8/23/2020,168688,577,16697,7949,698,39064,313845,37597100,331115,1737,2131,5660020,37900,56,79381500,717560,,
225,8/24/2020,169029,341,16787,7854,1031,38806,314876,37981000,383861,1764,2112,5694560,34543,56,80130800,749317,,
226,8/25/2020,170169,1140,16920,7854,1988,38831,316864,38315500,334536,1789,2161,5731400,36839,56,80858800,727978,,
227,8/26/2020,171469,1300,17046,7742,1804,38515,318668,38696200,380722,1809,2143,5775730,44331,56,81629400,770594,,
228,8/27/2020,172597,1128,17181,7712,1654,37498,320322,39097700,401494,1831,2128,5819840,44111,56,82483200,853766,,
229,8/28/2020,173617,1020,17304,7564,1642,37356,321964,39488800,391050,1856,2087,5865960,46115,56,83410300,927074,,
230,8/29/2020,174634,1017,17401,7413,1299,36516,323263,39863700,374871,1864,2062,5909950,43995,56,84304700,894447,,
231,8/30/2020,175111,477,17439,7268,662,35801,323925,40235400,371775,1870,2055,5948720,38766,56,85146800,842110,,
232,8/31/2020,175491,380,17537,7047,710,35453,324635,40563500,328080,1877,2075,5980440,31720,56,85851700,704847,,
233,9/1/2020,176505,1014,17655,7084,1867,35338,326502,40874600,311048,1902,2041,6022680,42242,56,86667700,816070,,
234,9/2/2020,177540,1035,17784,7091,1521,35660,328023,41206100,331571,1918,2027,6053340,30655,56,87458900,791209,,
235,9/3/2020,178612,1072,17894,6923,1488,34753,329511,41593100,386962,1928,2038,6097980,44643,56,88366000,907016,,
236,9/4/2020,179611,999,18012,6922,1249,34177,330760,41951600,358499,1943,1998,6149580,51600,56,89455800,1089890,,
237,9/5/2020,180537,926,18089,6766,1173,33626,331933,42331100,379522,1956,1956,6194440,44860,56,90421600,965735,,
238,9/6/2020,180989,452,18125,6700,499,32497,332432,42646900,315811,1960,1912,6227470,33033,56,91181000,759445,,
239,9/7/2020,181216,227,18156,6630,474,32116,332906,42951900,304950,1967,1879,6255590,28117,56,91836300,655224,,
240,9/8/2020,181563,347,18189,6543,934,32339,333840,43195600,243774,1975,1881,6277900,22310,56,92417500,581229,,
241,9/9/2020,182651,1088,18322,6659,1970,32653,335810,43511000,315323,1994,1906,6308630,30733,56,93155900,738462,,
242,9/10/2020,183812,1161,18453,6522,1498,32521,337308,43871600,360631,2008,1923,6346040,37409,56,93982100,826176,,
243,9/11/2020,184827,1015,18549,6376,1510,31530,338818,44304200,432643,2031,1716,6390740,44698,56,94921900,939749,,
244,9/12/2020,185644,817,18648,6451,1145,30758,339963,44686500,382218,2051,1619,6432590,41850,56,95907100,985219,,
245,9/13/2020,186036,392,18692,6233,545,29921,340508,45021400,334958,2056,1562,6467170,34579,56,96692300,785169,,
246,9/14/2020,186443,407,18748,6249,912,30071,341420,45422400,400935,2061,1513,6500740,33572,56,97546500,854291,,
247,9/15/2020,187477,1034,18847,6308,1484,30427,342904,45764200,341843,2071,1574,6535520,34778,56,98384300,837722,,
248,9/16/2020,188667,1190,18961,6303,1461,30345,344365,46103100,338879,2090,1647,6575840,40319,56,99218800,834580,,
249,9/17/2020,189547,880,19057,6285,1549,30035,345914,46523700,420589,2092,1662,6619480,43642,56,100198000,979122,,
250,9/18/2020,190448,901,19163,6175,1423,29651,347337,47002600,478884,2107,1608,6666370,46889,56,101281000,1083280,,
251,9/19/2020,191195,747,19243,6163,1051,29185,348388,47451000,448470,2111,1577,6712040,45668,56,102417000,1136190,,
252,9/20/2020,191522,327,19281,6100,1216,28724,349604,47848800,397752,2112,1595,6747570,35533,56,103404000,986826,,
253,9/21/2020,191803,281,19353,6138,1064,28849,350668,48169700,320880,2116,1570,6786730,39162,56,104178000,774023,,
254,9/22/2020,192662,859,19324,6188,1534,29645,352202,48527900,358273,2130,1558,6835720,48986,56,105071000,892578,,
255,9/23/2020,193818,1156,19452,6200,1454,30015,353656,48898800,370859,2154,1545,6875220,39498,56,106076000,1005050,,
256,9/24/2020,194756,938,19555,6274,1484,30159,355140,49334400,435595,2177,1560,6918560,43341,56,107082000,1006280,,
257,9/25/2020,195603,847,19919,6220,1322,29888,356462,49814900,480492,2264,1508,6973790,55237,56,108223000,1140840,,
258,9/26/2020,196476,873,20002,6143,1225,29670,357687,50274700,459833,2272,1509,7021060,47268,56,109342000,1118580,,
259,9/27/2020,196786,310,20050,6170,1321,29579,359008,50615300,340575,2277,1511,7056050,34990,56,110271000,928985,,
260,9/28/2020,197032,246,20121,6048,1181,29696,360189,51069400,454121,2285,1513,7091430,35376,56,111305000,1034830,,
261,9/29/2020,197756,724,20247,6172,1673,30601,361862,51394400,325008,2298,1497,7128190,36766,56,112282000,976306,,
262,9/30/2020,198820,1064,20390,6241,1618,31021,363480,51773300,378871,2319,1510,7173100,44909,56,113241000,958978,,
263,10/1/2020,199682,862,20492,6262,1757,30942,365237,52164400,391166,2334,1543,7218820,45720,56,114243000,1002060,,
264,10/2/2020,200524,842,20612,6195,1443,30880,366680,52734200,569771,2348,1534,7268250,49427,56,115237000,994516,,
265,10/3/2020,201262,738,20686,6073,1088,30209,367768,53089100,354909,2358,1501,7319120,50874,56,116234000,996957,,
266,10/4/2020,201642,380,20729,6056,663,30063,368431,53509300,420158,2362,1485,7357290,38165,56,117234000,999768,,
267,10/5/2020,201973,331,20812,6292,1447,31426,369878,54007100,497796,2370,1514,7395040,37752,56,118231000,997036,,
268,10/6/2020,202586,613,20973,6490,1646,32726,371524,54341500,334396,2388,1609,7433890,38846,56,119174000,942647,,
269,10/7/2020,203515,929,21112,6591,2138,33565,373662,54724700,383247,2410,1650,7485100,51216,56,120235000,1061150,,
270,10/8/2020,204494,979,21217,6694,2134,34446,375796,54951400,226637,2427,1638,7540410,55308,56,121455000,1219920,,
271,10/9/2020,205407,913,21389,6775,1735,34974,377531,55451000,499689,2437,1651,7597400,56993,56,122716000,1261180,,
272,10/10/2020,206098,691,21512,6752,1486,34700,379017,55937100,486053,2451,1667,7655040,57635,56,123986000,1270090,,
273,10/11/2020,206569,471,21553,6749,981,34609,379998,56297000,359942,2454,1646,7701710,46672,56,125069000,1083460,,
274,10/12/2020,206854,285,21625,6860,1106,35148,381104,56786900,489836,2464,1663,7744940,43234,56,126102000,1032730,,
275,10/13/2020,207572,718,21735,7104,2058,36171,383162,57185400,398528,2485,1757,7791920,46979,56,127202000,1099400,,
276,10/14/2020,208373,801,21889,7236,2437,37184,385599,57475100,289688,2516,1775,7849160,57240,56,128297000,1095900,,
277,10/15/2020,209301,928,22051,7303,2010,37423,387609,57935300,460227,2531,1773,7912800,63641,56,129467000,1169910,,
278,10/16/2020,210192,891,22202,7333,1866,37479,389475,58446700,511421,2547,1740,7981310,68505,56,130718000,1250160,,
279,10/17/2020,210972,780,22320,7466,1546,37474,391021,58912100,465369,2553,1791,8038980,57675,56,132060000,1342420,,
280,10/18/2020,211377,405,22391,7383,1776,36536,392797,59265000,352861,2557,1762,8086940,47957,56,133116000,1056120,,
281,10/19/2020,211820,443,22475,8063,1605,37976,394402,59897000,632065,2577,1804,8144590,57650,56,134241000,1125060,,
282,10/20/2020,212653,833,22662,8206,2309,39391,396711,60268900,371850,2593,2042,8205170,60574,56,135252000,1010640,,
283,10/21/2020,213681,1028,22855,8291,2123,40397,398834,60637500,368638,2622,2083,8266880,61710,56,136287000,1035030,,
284,10/22/2020,214798,1117,23018,8180,2505,41114,401339,61163200,525631,2641,2147,8340290,73419,56,137583000,1296380,,
285,10/23/2020,215747,949,23221,8342,2006,41614,403345,61724200,561068,2679,2180,8422870,82575,56,139007000,1423960,,
286,10/24/2020,216643,896,23356,8675,1822,42087,405167,62195400,471136,2691,2230,8506660,83792,56,140351000,1343820,,
287,10/25/2020,217034,391,23420,8590,1076,41883,406243,62620800,425466,2693,2176,8571130,64471,56,141555000,1203750,,
288,10/26/2020,217431,397,23542,8946,1697,42988,407940,63189600,568807,2703,2300,8634560,63430,56,142775000,1220000,,
289,10/27/2020,218353,922,23701,8985,2290,44391,410230,63571900,382308,2719,2283,8706820,72255,56,143891000,1116470,,
290,10/28/2020,219400,1047,23883,9133,2461,45214,412691,64043200,471260,2744,2354,8786520,79700,56,145075000,1183710,,
291,10/29/2020,220460,1060,24082,9320,2321,46191,415012,64600600,557364,2760,2399,8875880,89365,56,146457000,1382390,,
292,10/30/2020,221407,947,24230,9550,2403,46880,417415,65079000,478478,2776,2477,8973820,97942,56,147879000,1421780,,
293,10/31/2020,222365,958,24375,9613,2116,47486,419531,65614500,535428,2786,2502,9065120,91294,56,149321000,1442000,,
294,11/1/2020,222775,410,24457,9665,1166,47615,420697,65983200,368695,2797,2553,9207090,141973,56,150470000,1148420,,
295,11/2/2020,223250,475,24560,9957,1399,48750,422096,66602000,618861,2809,2633,9290550,83454,56,151784000,1314760,,
296,11/3/2020,224767,1517,24796,10538,3135,50509,425231,67033700,431719,2833,2734,9410490,119949,56,153015000,1230420,,
297,11/4/2020,225898,1131,25041,10892,3107,52166,428338,67452500,418763,2853,2832,9516490,105996,56,154328000,1313780,,
298,11/5/2020,227052,1154,25276,11050,2553,53380,430891,68033100,580576,2872,2876,9635510,119023,56,155970000,1641620,,
299,11/6/2020,228237,1185,25498,11213,3121,55005,434012,68589400,556319,2885,2850,9765500,129990,56,157668000,1698170,,
300,11/7/2020,229362,1125,25721,11215,2341,56037,436353,69138900,549533,2898,2947,9897620,132113,56,159102000,1434110,,
301,11/8/2020,229875,513,25819,11223,1467,56942,437820,69553300,414407,2900,2977,10010100,112445,56,160347000,1244300,,
302,11/9/2020,230452,577,26087,11636,2176,59342,439996,70253800,700438,2907,3111,10128500,118403,56,161822000,1475160,,
303,11/10/2020,231810,1358,26335,12057,4070,62119,444066,70687400,433576,2922,3202,10264000,135569,56,163187000,1364880,,
304,11/11/2020,233387,1577,26584,12626,3281,65549,447347,71234900,547556,2947,3365,10413400,149333,56,164672000,1485550,,
305,11/12/2020,234499,1112,26803,12917,3562,67236,450909,71787700,552747,2954,3622,10570900,157542,56,166272000,1599990,,
306,11/13/2020,235800,1301,26997,13280,3673,68585,454582,72415100,627471,2967,3766,10745500,174633,56,168007000,1734670,,
307,11/14/2020,237153,1353,27172,13491,3468,69588,458050,72986800,571664,2972,3945,10913300,167726,56,169750000,1742590,,
308,11/15/2020,237865,712,27269,13849,3426,70202,461476,73562900,576065,2975,3939,11060300,147062,56,171350000,1600620,,
309,11/16/2020,238472,607,27437,14471,2907,73320,464383,74199100,636242,2988,4156,11210300,149977,56,172914000,1563970,,
310,11/17/2020,240025,1553,27681,15009,3887,77047,468270,74744600,545450,3004,4379,11370100,159826,56,174540000,1625500,,
311,11/18/2020,241910,1885,27989,15557,4352,79478,472622,75356900,612304,3024,4699,11538400,168220,56,176228000,1688470,,
312,11/19/2020,243920,2010,28216,15759,4456,80669,477078,75981400,624571,3052,4860,11726300,187932,56,178069000,1841360,,
313,11/20/2020,245830,1910,28472,16146,3903,82318,480981,76720200,738811,3078,5058,11923400,197164,56,180043000,1974020,,
314,11/21/2020,247381,1551,28693,16264,3375,83346,484356,77396000,675743,3087,5103,12109800,186385,56,182132000,2088620,,
315,11/22/2020,248304,923,28828,16411,2291,83882,486647,77974200,578177,3094,5233,12264000,154188,56,183938000,1805800,,
316,11/23/2020,249157,853,28990,17060,2835,85945,489482,78690800,716643,3106,5455,12418700,154696,56,185713000,1774850,,
317,11/24/2020,251248,2091,29245,17317,4685,88132,494167,79298600,607785,3123,5626,12585200,166503,56,187549000,1835960,,
318,11/25/2020,253529,2281,29540,17738,4538,90043,498705,79977300,678709,3147,5987,12773700,188496,56,189413000,1864380,,
319,11/26/2020,254921,1392,29673,18019,2333,90564,501038,80318100,340800,3153,5986,12903500,129764,56,190778000,1364900,,
320,11/27/2020,256325,1404,29858,18056,3418,89913,504456,81116400,798256,3171,6028,13102400,198874,56,192858000,2079890,,
321,11/28/2020,257568,1243,30109,18249,3485,91762,507941,81676100,559770,3179,6148,13253800,151469,56,194514000,1655750,,
322,11/29/2020,258393,825,30274,18437,2429,93357,510370,82038800,362709,3184,6245,13391100,137254,56,195829000,1314940,,
323,11/30/2020,259430,1037,30469,18807,3394,96134,513764,82769900,731023,3205,6520,13541100,150031,56,197463000,1634110,,
324,12/1/2020,261919,2489,30749,19292,4916,98736,518680,83287900,518053,3223,6643,13722300,181183,56,198949000,1486250,,
325,12/2/2020,264730,2811,31038,19687,5238,100327,523918,83879100,591144,3252,6855,13925700,203429,56,200545000,1595760,,
326,12/3/2020,267552,2822,31276,19714,5369,100746,529287,84505700,626608,3280,6871,14142000,216271,56,202478000,1933570,,
327,12/4/2020,270115,2563,31608,19853,4654,101309,533941,85117800,612167,3305,6992,14372300,230313,56,204387000,1908340,,
328,12/5/2020,272601,2486,31831,19947,3513,101192,537454,85744700,626881,3321,7006,14591400,219070,56,206169000,1782700,,
329,12/6/2020,273764,1163,31946,20145,2311,101501,539765,86370500,625821,3322,7095,14774000,182580,56,207829000,1659240,,
330,12/7/2020,275055,1291,32120,20097,3461,102122,543226,87030100,659561,3328,7067,14955900,181897,56,209601000,1772860,,
331,12/8/2020,277735,2680,32406,20475,4410,104637,547636,87586300,556192,3359,7251,15173700,217844,56,211290000,1689080,,
332,12/9/2020,280904,3169,32720,20903,5300,106671,552936,88226300,639996,3376,7621,15390400,216728,56,213128000,1837400,,
333,12/10/2020,284036,3132,32919,21024,4450,107300,557386,88814800,588528,3394,7444,15611300,220846,56,215057000,1928970,,
334,12/11/2020,286783,2747,33237,21012,5411,108101,562797,89552600,737772,3424,7488,15848200,236933,56,217079000,2022170,,
335,12/12/2020,289280,2497,33419,21198,3789,108461,566586,90037600,484998,3430,7515,16075100,226904,56,218954000,1874910,,
336,12/13/2020,290781,1501,33494,21230,2314,109298,568900,90551300,513763,3432,7535,16262400,187251,56,220766000,1812450,,
337,12/14/2020,292138,1357,33693,21458,3461,110573,572361,91413400,862069,3442,7699,16455600,193286,56,222894000,2127480,,
338,12/15/2020,295062,2924,33958,21897,4430,112816,576791,92002100,588741,3460,7702,16648900,193218,56,224726000,1832330,,
339,12/16/2020,298515,3453,34237,21943,4776,113257,581567,92584800,582624,3488,7782,16883100,234288,56,226566000,1840320,,
340,12/17/2020,301980,3465,34485,21912,5167,114492,586734,93115800,531036,3504,7848,17126100,242970,56,228468000,1901870,,
341,12/18/2020,304846,2866,34716,21745,5214,113955,591948,93921000,805210,3519,7786,17367900,241786,56,230327000,1858810,,
342,12/19/2020,307554,2708,34949,21692,3429,113914,595377,94366200,445160,3529,7786,17572800,204873,56,232132000,1804790,,
343,12/20/2020,309222,1668,35030,21763,2382,113601,597759,94822100,455908,3530,7695,17770300,197494,56,233955000,1822940,,
344,12/21/2020,310702,1480,35178,21884,3111,115358,600870,95636100,814028,3539,7783,17949700,179406,56,236010000,2055230,,
345,12/22/2020,313839,3137,35428,22213,4567,117777,605437,96114800,478685,3554,7830,18142700,193008,56,237768000,1758090,,
346,12/23/2020,317232,3393,35695,22489,4795,119463,610232,96642200,527370,3579,7819,18367200,224526,56,239549000,1780320,,
347,12/24/2020,320190,2958,35899,22623,4289,120200,614521,97148200,506039,3587,7792,18573900,206684,56,241521000,1972860,,
348,12/25/2020,321743,1553,35945,22418,2047,118948,616568,97458400,310214,3592,7831,18700700,126796,56,242938000,1416140,,
349,12/26/2020,323169,1426,36038,22373,2292,117344,618860,98117800,659398,3593,7809,18891300,190594,56,245095000,2157580,,
350,12/27/2020,324566,1397,36164,22447,2302,118720,621162,98414900,297044,3604,7878,19044800,153540,56,246466000,1370750,,
351,12/28/2020,326056,1490,36308,22579,3723,121202,624885,99038200,623308,3612,7948,19209000,164127,56,247959000,1493300,,
352,12/29/2020,329345,3289,36583,22838,5261,124686,630146,99387400,349252,3635,7885,19408600,199679,56,249281000,1322230,,
353,12/30/2020,333245,3900,36855,23069,5514,125220,635660,99806100,418642,3653,7930,19638100,229496,56,250849000,1568070,,
354,12/31/2020,336542,3297,37066,23097,4348,125423,640008,100303000,496939,3672,8004,19864400,226246,56,252635000,1785820,,
355,1/1/2021,339134,2592,37196,23255,4550,125047,644558,100616000,312567,3681,7990,20047300,182906,56,254031000,1395410,,
356,1/2/2021,341540,2406,37309,23133,3051,123614,647609,101153000,537726,3684,7910,20327600,280318,56,256135000,2104010,,
357,1/3/2021,342995,1455,37433,23243,2226,125562,649835,101488000,334242,3688,7939,20536100,208457,56,257564000,1429570,,
358,1/4/2021,344542,1547,37586,23435,3892,128210,653727,102015000,527737,3692,7930,20715600,179571,56,259146000,1581750,,
359,1/5/2021,348026,3484,37841,23509,4290,131195,658017,102692000,677123,3718,7976,20934700,219075,56,260861000,1714810,,
360,1/6/2021,351928,3902,38064,23708,6607,132474,664624,103186000,493339,3739,7946,21184900,250184,56,262499000,1638280,,
361,1/7/2021,356007,4079,38236,23821,5312,132370,669936,103760000,573875,3748,7900,21456900,272043,56,264445000,1946260,,
362,1/8/2021,359787,3780,38432,23912,4705,131921,674641,104435000,675322,3756,7908,21752000,295121,56,266609000,2163550,,
363,1/9/2021,363324,3537,38607,23718,6683,130781,681324,105004000,569537,3767,7791,22021400,269368,56,268721000,2111680,,
364,1/10/2021,365392,2068,38706,23640,2413,129223,683737,105469000,464420,3771,7878,22250100,228732,56,270745000,2024550,,
365,1/11/2021,367125,1733,38823,23501,3045,129793,686782,106103000,633776,3773,7786,22445400,195255,56,272612000,1867080,,
366,1/12/2021,371189,4064,39049,23881,4657,131326,691439,106781000,677831,3796,7879,22663400,218020,56,274571000,1958790,,
367,1/13/2021,375276,4087,39248,23857,5312,130391,696751,107266000,485436,3811,7902,22887900,224491,56,276411000,1839630,,
368,1/14/2021,379191,3915,39418,23891,3792,128947,700543,107888000,621766,3829,7878,23113500,225616,56,278455000,2043950,,
369,1/15/2021,382870,3679,39626,23593,4000,127235,704543,108601000,713021,3845,7772,23360000,246454,56,280777000,2322270,,
370,1/16/2021,386579,3709,39797,23524,4039,126139,708582,109108000,507306,3858,7755,23578100,218085,56,282856000,2078820,,
371,1/17/2021,388632,2053,39864,23432,2167,124387,710749,109599000,490957,3860,7797,23765300,187218,56,284749000,1892880,,
372,1/18/2021,390027,1395,39973,23226,2839,123848,713588,110365000,766315,3865,7772,23916100,150792,56,286864000,2115990,,
373,1/19/2021,392168,2141,40103,23029,3206,123820,716794,111012000,646314,3883,7688,24062700,146626,56,288592000,1728000,,
374,1/20/2021,396577,4409,40340,22809,5105,122700,721899,111570000,558282,3897,7564,24251900,189203,56,290416000,1823830,,
375,1/21/2021,400455,3878,40481,22309,4053,119949,725952,112145000,574713,3910,7370,24438200,186275,56,292352000,1935270,,
376,1/22/2021,404435,3980,40687,22008,4325,116264,730277,112773000,627979,3919,7236,24629100,190915,56,294384000,2032710,,
377,1/23/2021,408026,3591,40853,21657,6652,113609,736929,113332000,559167,3941,7110,24806200,177118,56,296353000,1968400,,
378,1/24/2021,409970,1944,40931,21168,1909,110628,738838,113893000,561067,3943,6989,24950500,144234,56,298117000,1764480,,
379,1/25/2021,411563,1593,41028,20875,2515,109936,741353,114428000,535497,3949,6857,25083900,133454,56,299838000,1720880,,
380,1/26/2021,415297,3734,41205,20573,3705,108960,745058,114994000,565751,3976,6832,25230400,146448,56,301563000,1725080,,
381,1/27/2021,419374,4077,41402,20497,4134,107444,749192,115513000,518507,3985,6806,25384300,153985,56,303218000,1654460,,
382,1/28/2021,423385,4011,41588,20113,3500,104303,752692,116091000,578279,4000,6642,25541600,157306,56,305169000,1951290,,
383,1/29/2021,426888,3503,41758,19609,2835,101003,755527,116697000,605845,4011,6483,25708800,167111,56,307121000,1952300,,
384,1/30/2021,429870,2982,41872,19130,3147,97561,758674,117226000,529064,4016,6329,25857600,148824,56,309279000,2157700,,
385,1/31/2021,431929,2059,41934,18968,2171,95013,760845,117647000,421100,4019,6291,25976900,119367,56,310995000,1716060,,
386,2/1/2021,433491,1562,41998,18572,1766,93536,762611,118296000,649106,4025,6086,26097100,120200,56,312629000,1633780,,
387,2/2/2021,436977,3486,42148,18388,3285,92880,765896,118657000,361311,4035,6047,26214800,117616,56,314032000,1403000,,
388,2/3/2021,440662,3685,42323,18147,3975,91440,769871,119145000,487679,4044,5920,26331700,116960,56,315475000,1443000,,
389,2/4/2021,445874,5212,42472,17918,3402,88668,773273,119663000,518526,4059,5732,26455600,123907,56,317153000,1678440,,
390,2/5/2021,449417,3543,42626,17284,2940,86373,776213,120259000,595505,4060,5596,26586800,131146,56,319032000,1879110,,
391,2/6/2021,452400,2983,42730,17093,2443,84233,778656,120752000,492928,4078,5475,26700700,113927,56,320880000,1847900,,
392,2/7/2021,454146,1475,42779,16616,1543,81439,826306,68887069,208303,4079,5342,26797326,95994,56,323085257,1498808,,
393,2/8/2021,455455,1309,42833,16174,1638,80055,827944,69029225,142156,4080,5260,26875063,77737,56,324485266,1400009,,
394,2/9/2021,458250,2795,43000,16129,3144,79179,831088,69366393,337168,4092,5216,26968049,92986,56,325973747,1488481,,
395,2/10/2021,461695,3445,43184,15788,3226,76979,834314,69522254,155861,4106,5121,27063243,95194,56,327356456,1382709,,
396,2/11/2021,465568,3873,43291,15190,2460,74225,836774,69782378,260124,4113,4970,27165660,102417,56,329212385,1855929,,
397,2/12/2021,470995,5427,43389,14775,2347,71497,839121,70038361,255983,4126,4849,27266690,101030,56,331024839,1812454,,
398,2/13/2021,474462,3467,43463,14396,1805,69283,840926,70272654,234293,4140,4648,27357332,90642,56,332782447,1757608,,
399,2/14/2021,475828,1366,43516,14047,1236,67023,842162,70444531,171877,4141,4538,27429496,72164,56,334222078,1439631,,
400,2/15/2021,476906,1078,43553,13799,1130,65455,843292,70587919,143388,4143,4454,27484573,55077,56,335345638,1123560,,
401,2/16/2021,478259,1353,43673,13616,2094,64533,845386,70689021,101102,4149,4406,27540885,56312,56,336399336,1053698,,
402,2/17/2021,480607,2348,43823,13103,2857,63405,848243,70922687,233666,4154,4271,27607724,66839,56,337697757,1298421,,
403,2/18/2021,483223,2616,43964,13045,2497,62300,850740,71141178,218491,4178,4180,27674548,66824,56,339043606,1345849,,
404,2/19/2021,485700,2477,44085,12491,2674,59882,853414,71365933,224755,4187,4118,27749224,74676,56,340921639,1878033,,
405,2/20/2021,487860,2160,44166,12120,1732,58222,855146,71507723,141790,4197,3932,27821578,72354,56,342212120,1290481,,
406,2/21/2021,489147,1287,44216,11862,997,56159,856143,71664501,156778,4197,3915,27880280,58702,56,343445115,1232995,,
407,2/22/2021,490382,1235,44266,11536,1305,55403,857448,71788112,123611,4200,3804,27932810,52530,56,344646362,1201247,,
408,2/23/2021,492623,2241,44420,11272,2164,55058,859612,72013379,225267,4214,3755,28001915,69105,56,345840197,1193835,,
409,2/24/2021,495070,2447,44534,11026,2172,54118,861784,72258697,245318,4227,3685,28075173,73258,56,347290863,1450666,,
410,2/25/2021,498208,3138,44636,10846,2047,52669,863831,72530906,272209,4240,3567,28150738,75565,56,349117007,1826144,,
411,2/26/2021,500349,2141,44791,10466,1868,51112,865699,72807735,276829,4247,3466,28225595,74857,56,350920316,1803309,,
412,2/27/2021,502196,1847,44875,10114,1428,48871,867127,73012825,205090,4252,3335,28296840,71245,56,352575495,1655179,,
413,2/28/2021,503247,1051,44907,9802,879,47352,868006,73216424,203599,4252,3245,28351189,54349,56,353983917,1408422,,
414,3/1/2021,504488,1241,44956,9595,1024,46738,869030,73334501,118077,4252,3171,28399281,48092,56,355138357,1154440,,
415,3/2/2021,506216,1728,45084,9465,1871,46388,870901,73590280,255779,4257,3169,28453529,54248,56,356481876,1343519,,
416,3/3/2021,508665,2449,45214,9359,2172,45462,873073,73857281,267001,4260,3094,28520365,66836,56,357888671,1406795,,
417,3/4/2021,510408,1743,45293,8970,1530,44172,874603,74035238,177957,4267,2973,28585852,65487,56,359479655,1590984,,
418,3/5/2021,512629,2221,45373,8634,2781,42541,877384,74307155,271917,4275,2889,28654639,68787,56,361224072,1744417,,
419,3/6/2021,514309,1680,45453,8409,503,41401,877887,74450990,143835,4280,2811,28714654,60015,56,362655064,1430992,,
420,3/7/2021,515151,842,45475,8134,726,40199,878613,74582825,131835,4281,2802,28756489,41835,56,363825123,1170059,,
