date,death,deathIncrease,inIcuCumulative,inIcuCurrently,hospitalizedIncrease,hospitalizedIncrease_alt,hospitalizedCurrently,hospitalizedCumulative,hospitalizedCumulative_alt,negative,negativeIncrease,onVentilatorCumulative,onVentilatorCurrently,positive,positiveIncrease,states,totalTestResults,totalTestResultsIncrease,recovered
1/19/20,0,0,0,0,0,0,0,0,0,0,0,0,0,1,1,1,0,0,0
1/20/20,0,0,0,0,0,0,0,0,0,0,0,0,0,1,0,1,0,0,0
1/21/20,0,0,0,0,0,0,0,0,0,0,0,0,0,2,1,1,0,0,0
1/22/20,0,0,0,0,0,0,0,0,0,0,0,0,0,2,0,2,1,1,0
1/23/20,0,0,0,0,0,0,0,0,0,0,0,0,0,2,0,2,2,1,0
1/24/20,0,0,0,0,0,0,0,0,0,0,0,0,0,2,0,2,2,0,0
1/25/20,0,0,0,0,0,0,0,0,0,0,0,0,0,2,0,2,2,0,0
1/26/20,0,0,0,0,0,0,0,0,0,0,0,0,0,2,0,2,2,0,0
1/27/20,0,0,0,0,0,0,0,0,0,0,0,0,0,2,0,3,3,1,0
1/28/20,0,0,0,0,0,0,0,0,0,0,0,0,0,2,0,3,3,0,0
1/29/20,0,0,0,0,0,0,0,0,0,0,0,0,0,2,0,4,5,2,0
1/30/20,0,0,0,0,0,0,0,0,0,0,0,0,0,2,0,4,5,0,0
1/31/20,0,0,0,0,0,0,0,0,0,0,0,0,0,2,0,4,8,3,0
2/1/20,0,0,0,0,0,0,0,0,0,0,0,0,0,2,0,4,8,0,0
2/2/20,0,0,0,0,0,0,0,0,0,0,0,0,0,2,0,4,8,0,0
2/3/20,0,0,0,0,0,0,0,0,0,0,0,0,0,3,1,4,11,3,0
2/4/20,0,0,0,0,0,0,0,0,0,0,0,0,0,3,0,4,15,4,0
2/5/20,0,0,0,0,0,0,0,0,0,0,0,0,0,3,0,4,15,0,0
2/6/20,0,0,0,0,0,0,0,0,0,0,0,0,0,5,2,4,16,1,0
2/7/20,0,0,0,0,0,0,0,0,0,0,0,0,0,5,0,4,16,0,0
2/8/20,0,0,0,0,0,0,0,0,0,0,0,0,0,5,0,4,18,2,0
2/9/20,0,0,0,0,0,0,0,0,0,0,0,0,0,5,0,4,18,0,0
2/10/20,0,0,0,0,0,0,0,0,0,0,0,0,0,5,0,5,19,1,0
2/11/20,0,0,0,0,0,0,0,0,0,0,0,0,0,5,0,5,20,1,0
2/12/20,0,0,0,0,0,0,0,0,0,0,0,0,0,5,0,5,21,1,0
2/13/20,0,0,0,0,0,0,0,0,0,0,0,0,0,6,1,5,22,1,0
2/14/20,0,0,0,0,0,0,0,0,0,0,0,0,0,7,1,5,22,0,0
2/15/20,0,0,0,0,0,0,0,0,0,0,0,0,0,7,0,6,26,4,0
2/16/20,0,0,0,0,0,0,0,0,0,0,0,0,0,7,0,6,28,2,0
2/17/20,0,0,0,0,0,0,0,0,0,0,0,0,0,7,0,6,29,1,0
2/18/20,0,0,0,0,0,0,0,0,0,0,0,0,0,7,0,6,29,0,0
2/19/20,0,0,0,0,0,0,0,0,0,0,0,0,0,7,0,6,35,6,0
2/20/20,0,0,0,0,0,0,0,0,0,0,0,0,0,7,0,6,36,1,0
2/21/20,0,0,0,0,0,0,0,0,0,0,0,0,0,7,0,6,37,1,0
2/22/20,0,0,0,0,0,0,0,0,0,0,0,0,0,7,0,6,38,1,0
2/23/20,0,0,0,0,0,0,0,0,0,0,0,0,0,8,1,6,38,0,0
2/24/20,0,0,0,0,0,0,0,0,0,0,0,0,0,9,1,6,40,2,0
2/25/20,0,0,0,0,0,0,0,0,0,0,0,0,0,10,1,6,41,1,0
2/26/20,2,2,0,0,0,0,0,0,0,0,0,0,0,12,2,6,41,0,0
2/27/20,2,0,0,0,0,0,0,0,0,0,0,0,0,13,1,7,6487,6446,0
2/28/20,4,2,0,0,0,0,0,0,0,0,0,0,0,15,2,7,6490,3,0
2/29/20,5,1,0,0,0,0,0,0,0,24,24,0,0,18,3,7,6552,62,0
3/1/20,8,3,0,0,0,0,0,0,0,85,61,0,0,42,24,10,6661,109,0
3/2/20,11,3,0,0,0,0,0,0,0,243,158,0,0,72,30,11,6873,212,0
3/3/20,14,3,0,0,0,0,0,0,0,452,209,0,0,114,42,14,7171,298,0
3/4/20,16,2,0,0,4,4,0,0,0,1388,936,0,0,240,126,24,8197,1026,0
3/5/20,20,4,0,0,1,1,0,4,4,2877,1489,0,0,305,65,30,9791,1594,0
3/6/20,26,6,0,0,1,1,0,5,5,4930,2053,0,0,437,132,39,12030,2239,0
3/7/20,27,1,0,0,0,0,0,6,6,5674,744,0,0,574,137,51,13011,981,0
3/8/20,31,4,0,0,0,0,0,6,6,6582,908,0,0,744,170,51,14184,1173,0
3/9/20,35,4,0,0,3,3,0,6,6,8353,1771,0,0,1020,276,51,16341,2157,0
3/10/20,37,2,0,0,0,0,0,9,9,11038,2685,0,0,1408,388,51,19562,3221,0
3/11/20,43,6,0,0,3,3,0,9,9,14953,3915,0,0,1828,420,51,24311,4749,0
3/12/20,51,8,0,0,5,5,0,12,12,20631,5678,0,0,2511,683,51,31313,7002,0
3/13/20,56,5,0,0,6,6,0,17,17,27445,6814,0,0,3354,843,51,41397,10084,0
3/14/20,64,8,0,0,4,4,0,23,23,33706,6261,0,0,4379,1025,51,51452,10055,0
3/15/20,79,15,0,0,10,10,0,27,27,40197,6491,0,0,5668,1289,51,61536,10084,0
3/16/20,100,21,0,0,6,6,0,37,37,60207,20010,0,0,7383,1715,56,86922,25386,0
3/17/20,124,24,0,0,33,33,325,43,43,78062,17855,0,0,9471,2088,56,113611,26689,0
3/18/20,152,28,0,0,18,18,416,76,76,99159,21097,0,0,12828,3357,56,146317,32706,0
3/19/20,203,51,0,0,34,34,617,94,94,126166,27007,0,0,17442,4614,56,185964,39647,0
3/20/20,273,70,0,0,44,44,1042,128,128,157496,31330,0,0,23544,6102,56,233760,47796,0
3/21/20,335,62,0,0,1849,1849,1492,172,172,201710,44214,0,0,30476,6932,56,289715,55955,0
3/22/20,480,145,0,0,962,962,2173,2021,2021,236453,34743,0,0,39699,9223,56,340462,50747,0
3/23/20,581,101,0,0,950,950,2812,2983,2983,283492,47039,0,0,50891,11192,56,400173,59711,0
3/24/20,817,236,0,0,1186,1186,3938,3933,3933,347736,64244,0,0,61773,10882,56,480215,80042,0
3/25/20,1058,241,74,0,1954,1954,5140,5119,5119,424012,76276,0,167,74404,12631,56,562847,82632,146
3/26/20,1371,313,91,1299,2449,2449,7805,7073,7073,506769,82757,0,258,92020,17616,56,668507,105660,97
3/27/20,1781,410,124,1792,2589,2589,10887,9522,9522,590051,83282,0,293,111274,19254,56,768256,99749,2418
3/28/20,2332,551,140,2174,2406,2406,12393,12111,12111,674056,78730,0,390,131045,19771,56,879193,110937,3145
3/29/20,2837,505,156,2456,2797,2797,14055,14517,14517,759965,82139,0,433,150709,19664,56,963465,84272,4076
3/30/20,3422,585,187,3087,2473,2473,15892,17314,17314,848073,88108,0,449,171911,21202,56,1065997,102532,4560
3/31/20,4330,908,230,3487,3995,3995,18155,19787,19787,936855,88782,0,506,196848,24937,56,1181328,115331,5666
4/1/20,5336,1006,256,3937,4148,4148,20906,23782,23782,1024407,87552,32,561,223119,26271,56,1300869,119541,7084
4/2/20,6511,1175,305,4513,4164,4164,22995,27930,27930,1121556,97149,32,576,251182,28063,56,1427708,126839,8586
4/3/20,7798,1287,335,4928,4621,4621,25723,32094,32094,1226939,105383,39,623,283072,31890,56,1567434,139726,10861
4/4/20,9276,1478,403,5500,4993,4993,30456,36715,36715,1320072,101606,39,656,316130,33058,56,1799831,232397,12844
4/5/20,10618,1342,609,5811,3953,3953,32180,41708,41708,1409414,89342,39,650,342040,25910,56,1922157,122326,14589
4/6/20,11932,1314,663,7079,2962,2962,36159,45661,45661,1525499,116085,39,2961,370283,28243,56,2060620,138463,16557
4/7/20,13970,2038,738,9978,2931,2931,43849,48623,48623,1654664,129165,43,4047,400759,30476,56,2226071,165451,18481
4/8/20,15973,2003,862,10276,4387,4387,45359,51554,51554,1776619,121955,39,4142,431718,30959,56,2389599,163528,21132
4/9/20,18024,2051,918,12445,3829,3829,51323,55941,55941,1896646,115015,39,5798,466834,35116,56,2564727,175128,24835
4/10/20,20107,2083,1179,12693,4911,4911,53167,59770,59770,2016271,119625,39,5937,500442,33608,56,2723715,158988,29015
4/11/20,22182,2075,1399,13293,3735,3735,55563,64681,64681,2130385,114114,152,5986,531705,31263,56,2871593,147878,31567
4/12/20,23882,1700,1449,13597,3322,3322,55294,68416,68416,2241060,110675,158,5962,559820,28115,56,3010708,139115,34081
4/13/20,25515,1633,1622,13605,4491,4491,56211,71738,71738,2343096,102036,208,6170,584101,24281,56,3135874,125166,35381
4/14/20,27867,2352,1715,14047,3172,3172,59610,76229,76229,2465537,122441,221,5981,609975,25874,56,3294589,158715,39304
4/15/20,30412,2545,1783,14639,3502,3502,59930,79401,79401,2578813,113276,223,6033,639896,29921,56,3445808,151219,43448
4/16/20,32606,2194,1834,15136,3172,3172,59496,82903,82903,2718056,139243,176,5940,671423,31527,56,3627383,181575,48851
4/17/20,34724,2118,2052,14910,3366,3366,58892,86075,86075,2845346,127290,187,6098,703407,31984,56,3795588,168205,53562
4/18/20,36619,1895,2096,14764,3440,3440,57799,89441,89441,2969711,124365,205,5733,731357,27950,56,3963169,167581,62923
4/19/20,38382,1763,2145,14385,2177,2177,56497,92881,92881,3096505,126794,214,5603,758880,27523,56,4110248,147079,67227
4/20/20,40198,1816,2193,14463,2309,2309,56721,95058,95058,3212060,115555,214,5569,784847,25967,56,4255490,145242,69507
4/21/20,42249,1892,2315,14945,2736,2736,59779,97367,97367,3339539,127479,214,5514,810886,26039,56,4423105,167615,72870
4/22/20,44334,2085,2370,15016,3086,3086,59207,100103,100103,3636670,297131,227,5474,840062,29176,56,4765373,342268,92996
4/23/20,46143,1809,2428,14737,2820,2820,59214,103189,103189,3805409,168739,227,5463,872015,31953,56,4977349,211976,96947
4/24/20,48117,1974,2468,14623,2388,2388,57370,106009,106009,4008226,202817,227,5194,906241,34226,56,5217585,240236,103423
4/25/20,49746,1629,2516,14411,2297,2297,57340,108397,108397,4238854,230628,227,5266,941975,35734,56,5491401,273816,112603
4/26/20,50965,1219,2571,14093,2215,2215,56161,110694,110694,4413033,174179,227,5119,969289,27314,56,5693156,201755,116565
4/27/20,52255,1290,3720,13812,2245,2245,56183,112909,112909,4573396,160363,252,4867,991696,22407,56,5883916,190760,121464
4/28/20,54333,2078,3798,13562,2014,2343,56034,115154,115154,4766730,193334,252,4760,1016930,25234,56,6107371,223455,139080
4/29/20,57009,2676,4093,13550,2186,2416,56009,117497,117497,4979591,212861,365,4803,1043106,26176,56,6363156,255785,147234
4/30/20,59169,2160,4192,13246,2382,2382,54905,119912,119912,5189242,209651,373,4708,1073152,30046,56,6637454,274298,154587
5/1/20,60978,1809,4300,12861,2085,2201,54897,122294,122294,5394632,214013,376,4712,1105960,32808,56,6920279,282825,163554
5/2/20,62505,1527,4386,12904,1995,1995,54008,124495,124495,5603160,208528,375,4846,1135156,29196,56,7186998,266719,174886
5/3/20,63753,1248,4502,12724,1855,1855,52623,126490,126490,5813685,210525,425,4762,1160945,25789,56,7423928,236930,178754
5/4/20,64781,1028,4579,12701,1765,1765,52375,128345,128345,6013989,200304,430,4852,1183140,22195,56,7654314,230386,186670
5/5/20,67271,2490,4794,12620,1932,1932,53164,130110,130110,6265231,251242,439,4810,1205484,22344,56,7935811,281497,189316
5/6/20,69189,1918,4911,12480,1840,2154,52609,132042,132042,6501328,236097,449,4758,1230740,25256,56,8225137,289326,189134
5/7/20,71937,2748,5174,12135,1801,4191,51445,134196,134196,6781858,280530,529,7067,1257969,27229,56,8550599,325462,194375
5/8/20,73721,1784,6294,11786,1761,3603,49770,138387,138387,7055560,273702,531,6793,1285166,27197,56,8861733,311134,198423
5/9/20,75177,1456,6367,11504,1680,1680,48581,141990,141990,7337366,281806,543,6550,1310486,25320,56,9180405,318672,211899
5/10/20,76212,1035,6445,11382,1687,1043,46735,143670,143670,7583062,245696,547,6392,1331602,21116,56,9454347,273942,215479
5/11/20,77103,891,6488,11153,1374,1374,46550,144713,144713,7921027,337965,551,6349,1349742,18140,56,9825652,371305,232012
5/12/20,78612,1509,6585,11241,1486,1486,47343,146087,146087,8224029,303002,559,6350,1372184,22442,56,10167555,341903,238863
5/13/20,80342,1730,6713,10991,1786,1786,46921,147573,147573,8526541,302512,572,6164,1393684,21500,56,10508810,341255,243078
5/14/20,82195,1853,6795,10655,1643,1464,45923,149359,149359,8867911,341370,582,5940,1420457,26773,56,10896628,387818,246231
5/15/20,83733,1538,6890,10476,1314,1314,44553,150823,150823,9200813,332902,589,5744,1445947,25490,56,11302121,405493,250665
5/16/20,84970,1237,6945,10276,1796,1796,43515,152137,152137,9538067,337254,592,5532,1469690,23743,56,11685836,383715,268206
5/17/20,85843,873,7003,9945,1134,1134,42019,153933,153933,9891903,353836,593,5467,1490126,20436,56,12036148,350312,272009
5/18/20,86697,854,7064,9748,1132,1132,41940,155067,155067,10207591,315688,602,5260,1510723,20597,56,12384941,348793,282949
5/19/20,88014,1317,7217,9598,1548,1548,42023,156199,156199,10604708,397117,606,5032,1531410,20687,56,12804732,419791,289283
5/20/20,89411,1397,7319,9522,1756,1756,41856,157747,157747,11010494,405786,613,4907,1552703,21293,56,13259723,454991,294133
5/21/20,90791,1380,7412,9092,4547,4547,41359,159503,159503,11463710,453216,616,4871,1575717,21567,56,13772581,512858,298183
5/22/20,92081,1290,7689,9042,3949,3949,40008,164050,164050,11881363,417653,633,4714,1599832,24115,56,14223245,450664,349966
5/23/20,93121,1040,7770,8739,1385,1385,38625,167999,167999,12280597,399234,638,4621,1622393,22561,56,14673593,450348,361116
5/24/20,93809,688,7801,8491,1028,1028,37742,169384,169384,12653243,372646,639,4380,1641455,19062,56,15060773,387180,366510
5/25/20,94365,556,7847,8467,898,898,37703,170412,170412,13046008,392765,642,4232,1660010,18555,56,15471008,410235,378892
5/26/20,95030,665,7899,8580,1611,1229,37751,171310,171310,13333930,287922,650,4221,1676700,16690,56,15786421,315413,384190
5/27/20,96365,1335,8015,8552,1561,1561,38300,172480,172539,13627516,293586,666,4223,1695872,19172,56,16209686,423265,391223
5/28/20,97600,1235,8109,8392,1594,1594,38000,174041,174100,14069303,441787,676,4079,1718671,22799,56,16697665,487979,477608
5/29/20,98774,1174,8235,8170,1571,1571,36942,175635,175694,14551021,481718,689,4028,1742289,23618,56,17231482,533817,484191
5/30/20,99697,923,8305,7960,1421,1421,35759,177206,177265,14957442,406421,698,4008,1765885,23596,56,17683042,451560,494152
5/31/20,100352,655,8445,7625,895,895,34925,178627,178686,15330866,373424,704,3669,1787526,21641,56,18108021,424979,522441
6/1/20,101031,679,8485,7592,1465,2862,34325,179522,179581,15717806,386940,704,3950,1807627,20101,56,18524535,416514,535938
6/2/20,102002,971,8566,7410,1735,1735,33956,182384,182443,16135270,417464,710,3854,1827506,19879,56,18982537,458002,541613
6/3/20,102977,975,8688,7229,2145,2145,33227,184119,184178,16609192,473922,717,3754,1847688,20182,56,19476601,494064,556914
6/4/20,103860,883,8787,7044,1412,1831,32802,186264,186323,17060100,450908,723,3662,1868165,20477,56,19986407,509806,569233
6/5/20,104695,835,8863,6921,1518,1518,32502,188409,188154,17562600,502500,740,3520,1891215,23050,56,20597155,610748,575902
6/6/20,105409,714,8920,6762,989,989,31994,189927,189672,18080620,518020,750,3476,1913961,22746,56,21160878,563723,585024
6/7/20,106024,799,8957,6501,655,655,31490,190916,190661,18495701,415081,753,3298,1933017,19056,56,21592825,431947,590504
6/8/20,106699,675,9013,6398,1071,1071,31105,191571,191316,18863652,367951,762,3238,1949940,16923,56,21997224,404399,602715
6/9/20,107585,886,9141,6453,1279,1279,31179,192642,192387,19266167,402515,771,3088,1966856,16916,56,22449769,452545,609180
6/10/20,108478,893,9225,6256,1239,1239,30961,193921,193666,19699645,433478,780,3022,1987736,20880,56,22928584,478815,617676
6/11/20,109374,896,9295,6075,1526,1526,29850,195160,194905,20132222,432577,792,2885,2009727,21991,56,23411513,482929,628032
6/12/20,110140,766,9373,6009,1376,1376,29306,196686,196431,20579415,445939,814,2738,2032868,23141,56,24036770,625257,635502
6/13/20,110834,694,9430,5883,954,954,28578,198062,197807,21043534,450878,830,2726,2058321,25453,56,24576086,539316,644761
6/14/20,111189,355,9466,5749,610,610,28020,199016,198761,21493398,449864,834,2716,2079979,21658,56,25054050,477964,649974
6/15/20,111574,385,9516,5700,664,664,28034,199626,199371,21903612,410214,835,2636,2098234,18255,56,25500159,446109,664469
6/16/20,112294,720,9590,5570,1184,1184,28370,200290,200035,22355403,451791,845,2591,2121072,22838,56,26002241,502082,671645
6/17/20,113074,780,9665,5608,1077,1077,28647,201474,201219,22851946,496543,857,2584,2145225,24153,56,26557660,555419,680406
6/18/20,113756,682,9736,5472,1108,1108,28538,202551,202296,23348015,496069,869,2518,2172267,27042,56,27113434,555774,690121
6/19/20,114408,652,9876,5337,1578,1578,28693,203659,203404,23936333,588318,884,2433,2203132,30865,56,27766210,652776,697525
6/20/20,115023,615,9908,5229,699,699,28084,205237,204982,24481451,545118,888,2380,2235368,32236,56,28372490,606280,708341
6/21/20,115316,293,9944,5195,519,519,28325,205936,205681,24933516,452065,904,2321,2264556,29188,56,28871654,499164,712904
6/22/20,115604,288,10002,5325,824,824,28963,206455,206200,25382422,448906,909,2301,2291385,26829,56,29362501,490847,730966
6/23/20,116328,724,10077,5392,1271,1271,30355,207279,207024,25849415,466993,918,2292,2324832,33447,56,30019975,657474,738438
6/24/20,117032,704,10173,5292,1246,1246,31270,208550,208295,26372831,523416,934,2247,2363949,39117,56,30577346,557371,747031
6/25/20,117680,648,10257,5319,1296,1296,31922,209796,209541,27020123,647292,951,2214,2403656,39707,56,31283437,706091,756075
6/26/20,118298,618,10334,5290,1542,1542,31850,211092,210837,27625519,605396,966,2069,2447996,44340,56,32074412,790975,763402
6/27/20,118806,508,10415,5314,1058,1058,32566,212634,212379,28230154,604635,977,2159,2491054,43058,56,32774579,700167,771895
6/28/20,119079,273,10473,5252,547,547,32575,213692,213437,28826563,592771,983,2077,2532799,41745,56,33393673,619094,777667
6/29/20,119415,336,10542,5389,731,731,33742,214239,213984,29419375,592812,990,2021,2572197,39398,56,34065648,671975,797672
6/30/20,119994,579,10669,5426,1473,1473,35337,214970,214715,30043339,623964,1008,2044,2619207,47010,56,34778911,713263,813197
7/1/20,120692,698,10752,5492,1429,1429,36526,216443,216188,30676070,632731,1027,2099,2670253,51046,56,35512932,734021,822580
7/2/20,121391,699,10843,5636,1697,1697,37646,217872,217617,31318882,642812,1041,2104,2723764,53511,56,36287534,774602,874493
7/3/20,121994,603,10936,5597,1358,1358,37927,219569,219314,32019746,700864,1059,2049,2777963,54199,56,37071263,783729,883025
7/4/20,122290,296,10977,5633,872,872,38281,220927,220672,32601149,581403,1063,1982,2832844,54881,56,37749219,677956,893652
7/5/20,122499,209,11010,5653,582,582,38872,221799,221544,33177952,576803,1064,2080,2878178,45334,56,38390068,640849,901881
7/6/20,122736,237,11058,5678,762,762,39960,222381,222126,33658785,480833,1070,2104,2919103,40925,56,39038110,648042,923394
7/7/20,123641,905,11177,5838,1976,1976,41949,223143,222888,34267704,608919,1084,2102,2970093,50990,56,39763717,725607,935819
7/8/20,124460,819,11303,5872,1890,1890,43207,225119,224864,34901316,633612,1103,2167,3032906,62813,56,40543883,780166,952731
7/9/20,125323,863,11370,5843,1661,1661,44051,227009,226754,35591953,690637,1138,2129,3091968,59062,56,41388121,844238,968341
7/10/20,126162,839,11523,5899,2196,2196,51724,228670,228415,36353751,761798,1118,2192,3159079,67111,56,42287560,899439,982489
7/11/20,126917,755,11612,5939,1678,1699,51982,230866,230611,37032366,678615,1128,2169,3221648,62569,56,43106333,818773,994923
7/12/20,127389,472,11679,5930,894,894,52860,232566,232311,37720947,688581,1136,2182,3283253,61605,56,43922519,816186,1005640
7/13/20,127718,329,11749,6063,1120,1120,54118,233460,233205,38337291,616344,1142,2254,3340413,57160,56,44674570,752051,1031130
7/14/20,128459,741,11857,6238,2246,2246,55678,234580,234325,39072868,735577,1154,2263,3399022,58609,56,45520194,845624,1048370
7/15/20,129322,863,12002,6328,2388,2388,56340,236826,236571,39822206,749338,1166,2322,3468395,69373,56,46428195,908001,1075160
7/16/20,130263,941,12091,6349,2210,2210,57602,239214,238959,40606401,784195,1175,2314,3538884,70489,56,47371805,943610,1089850
7/17/20,131202,939,12243,6451,2485,2485,57871,241424,241169,41375657,769256,1200,2352,3615408,76524,56,48304083,932278,1106100
7/18/20,132078,876,12342,6397,1992,1992,57822,243909,243654,42054506,678849,1211,2343,3680158,64750,56,49157181,853098,1121960
7/19/20,132605,527,12393,6384,2204,1970,58052,245901,245646,42719769,665263,1216,2362,3744388,64230,56,49953756,796575,1130380
7/20/20,132981,376,12475,6551,2245,2361,58518,247870,247615,43343081,623312,1223,2403,3801051,56663,56,50689673,735917,1159210
7/21/20,134022,1041,12629,6717,2551,2551,59476,250231,249976,44032016,688935,1242,2414,3863971,62920,56,51517283,827610,1182120
7/22/20,135171,1149,12790,10460,2238,2238,59758,252782,252527,44765123,733107,1258,2444,3933393,69422,56,52419369,902086,1210070
7/23/20,136241,1070,12933,10423,2373,2373,59860,255020,254765,45537246,772123,1280,2467,4004829,71436,56,53351390,932021,1232280
7/24/20,137416,1175,13182,10389,3063,3063,59800,257393,257138,46275083,714407,1297,2709,4079890,75061,56,54357768,1006378,1260710
7/25/20,138430,1014,13279,10380,1820,1820,59382,260456,260201,46979427,704344,1300,2729,4144735,64845,56,55225676,867908,1278560
7/26/20,139442,1043,13343,10353,1380,1380,58731,262276,262021,47717719,738292,1336,2723,4205503,60768,56,56080866,855190,1296970
7/27/20,140508,1066,13412,10328,1631,1631,58987,263656,263401,48449641,711448,1356,2723,4259982,54479,56,56864761,783895,1324780
7/28/20,141619,1111,13559,10463,4068,4068,57185,265287,265032,49172909,723268,1372,2748,4318439,58457,56,57702017,837256,1354490
7/29/20,143122,1077,13744,10535,2860,2860,57422,269355,269100,49928086,755177,1400,2771,4382582,64143,56,58609890,907873,1389700
7/30/20,144370,1248,13875,10519,3291,3291,56571,272215,271960,50651797,723711,1415,2762,4451543,68961,56,59497803,887913,1413000
7/31/20,145698,1328,14044,10473,2532,2532,55721,275506,275251,51300795,648998,1437,2701,4519370,67827,56,60486154,988351,1437150
8/1/20,146899,1201,14227,10450,2386,2386,54554,278038,277783,51946165,645370,1445,2698,4580049,60679,56,61287807,801653,1460930
8/2/20,147395,496,14288,10415,831,831,54106,280424,280169,52605301,659136,1448,2645,4633350,53301,56,62069505,781698,1467650
8/3/20,147911,516,14370,10233,1558,1558,53517,281255,281000,53227070,621769,1463,2664,4676088,42738,56,62803118,733613,1512350
8/4/20,149152,1241,14537,10207,2011,1994,53436,282813,282558,53898520,671450,1493,2701,4727286,51198,56,63591815,788697,1528020
8/5/20,150507,1355,14687,9988,2118,2118,53435,284807,284552,54564606,666086,1524,2721,4779984,52698,56,64408899,817084,1576710
8/6/20,151748,1241,14810,9996,2615,2615,53219,286925,286670,55258895,694289,1534,2714,4834032,54048,56,65257845,848946,1597490
8/7/20,153071,1323,14925,9698,1948,2355,51327,289540,289285,55962463,703568,1549,2628,4888934,53278,56,66143550,885705,1622740
8/8/20,154157,1086,15024,9662,1494,1494,50071,291895,291640,56609725,647262,1561,2566,4942463,53529,56,66921589,778039,1641950
8/9/20,154778,621,15081,9307,862,862,48997,293389,293134,57275484,665759,1578,2507,4993229,50766,56,67708350,786761,1655700
8/10/20,155208,430,15158,9209,1554,1554,48751,294251,293996,57937292,661808,1592,2529,5044814,52618,56,68471835,763485,1669450
8/11/20,156528,1320,15331,9135,2624,2624,48600,295805,295550,58660427,723135,1612,2422,5099749,54935,56,69300058,828223,1713810
8/12/20,158045,1517,15524,9564,2971,2971,48067,298429,298174,59407405,697335,1629,2602,5155935,56186,56,69885872,585814,1753940
8/13/20,159208,1163,15629,9480,2675,2675,47303,301400,301145,60171631,764226,1649,2574,5207698,51763,56,70817560,931688,1773510
8/14/20,160434,1226,15764,9277,2141,2141,45868,304075,303820,60960831,789200,1665,2555,5264799,57101,56,71788042,970482,1795050
8/15/20,161661,1227,15891,9087,1891,1891,44922,306216,305961,61646946,686115,1663,2526,5320845,56046,56,72658477,870435,1817330
8/16/20,162278,617,15924,8958,685,685,44155,308107,307852,62301530,654584,1665,2481,5363348,42503,56,73424191,765714,1831800
8/17/20,162689,411,15985,8881,1224,1224,43614,308792,308537,62905825,604295,1678,2444,5401099,37751,56,74143699,719508,1864160
8/18/20,163868,1179,16123,8859,2261,2261,43840,310016,309761,63542476,636651,1695,2467,5441169,40070,56,74899701,756002,1887820
8/19/20,165279,1411,16377,8747,1983,1983,43406,312277,312022,64220284,677808,1705,2375,5486242,45073,56,75730693,830992,1923540
8/20/20,166408,1129,16487,8486,1983,1983,42109,314260,314005,64865715,645431,1716,2330,5530086,43844,56,76578166,847473,1945370
8/21/20,167527,1119,16563,8358,1783,1783,41049,316243,315988,65582779,717064,1730,2288,5576542,46456,56,77473824,895658,1963660
8/22/20,168562,1035,16657,8207,1603,1603,40017,318026,317771,66275511,692732,1736,2204,5622596,46054,56,78353638,879814,1984030
8/23/20,169139,577,16697,7949,698,698,39064,319629,319374,66853797,578286,1737,2131,5660496,37900,56,79063222,709584,1996280
8/24/20,169480,341,16787,7854,1031,1031,38806,320327,320072,67505151,651354,1764,2112,5695039,34543,56,79806287,743065,2019270
8/25/20,170620,1140,16920,7854,1988,1988,38831,321358,321103,68126878,621727,1789,2161,5731878,36839,56,80523671,717384,2052180
8/26/20,171920,1300,17046,7742,1804,1804,38515,323346,323091,68735971,609093,1809,2143,5776209,44331,56,81285777,762106,2083060
8/27/20,173048,1128,17181,7712,1654,1654,37498,325150,324895,69447233,711262,1831,2128,5820320,44111,56,82131065,845288,2099850
8/28/20,174068,1020,17304,7564,1642,1642,37356,326804,326549,70162621,715388,1856,2087,5866435,46115,56,83044206,913141,2116820
8/29/20,175085,1017,17401,7413,1299,1299,36516,328446,328191,70863132,700511,1864,2062,5910430,43995,56,83929467,885261,2139030
8/30/20,175562,477,17439,7268,662,662,35801,329745,329490,71557567,694435,1870,2055,5949196,38766,56,84761542,832075,2152340
8/31/20,175942,380,17537,7047,710,710,35453,330407,330152,72181161,623594,1877,2075,5980916,31720,56,85459005,697463,2183110
9/1/20,176956,1014,17655,7084,1867,1867,35338,331117,330862,72809062,627901,1902,2041,6023158,42242,56,86262695,803690,2200970
9/2/20,177991,1035,17784,7091,1521,1521,35660,332984,332729,73432891,623829,1918,2027,6053813,30655,56,87046476,783781,2229850
9/3/20,179063,1072,17894,6923,1488,1488,34753,334505,334250,74115158,682267,1928,2038,6098456,44643,56,87941683,895207,2265260
9/4/20,180062,999,18012,6922,1249,1249,34177,335993,335738,74867126,644564,1943,1998,6150056,51600,56,89018913,1077230,2281690
9/5/20,180988,926,18089,6766,1173,1173,33626,337242,336987,75607401,740275,1956,1956,6194916,44860,56,89971923,953010,2300420
9/6/20,181440,452,18125,6700,499,499,32497,338415,338160,76227018,619617,1960,1912,6227949,33033,56,90721837,749914,2314250
9/7/20,181667,227,18156,6630,474,474,32116,338914,338659,76763486,536468,1967,1879,6256066,28117,56,91369206,647369,2331820
9/8/20,182014,347,18189,6543,934,934,32339,339388,339133,77241150,477664,1975,1881,6278376,22310,56,91943853,574647,2357250
9/9/20,183102,1088,18322,6659,1970,1970,32653,340322,340067,77803559,562409,1994,1906,6309109,30733,56,92671501,727648,2385770
9/10/20,184263,1161,18453,6522,1498,1498,32521,342292,342037,78383263,579704,2008,1923,6346518,37409,56,93474345,802844,2401770
9/11/20,185278,1015,18549,6376,1510,1510,31530,343790,343535,79089000,705737,2031,1716,6391216,44698,56,94392707,918362,2416110
9/12/20,186095,817,18648,6451,1145,1145,30758,345300,345045,79873075,784075,2051,1619,6433066,41850,56,95361034,968327,2437110
9/13/20,186487,392,18692,6233,1348,1069,29921,346445,346190,80471150,598075,2056,1562,6467645,34579,56,96126311,765277,2448270
9/14/20,186894,407,18748,6249,1363,1298,30071,347514,347259,81184780,713630,2061,1513,6501217,33572,56,96981095,854784,2476090
9/15/20,187928,1034,18847,6308,1484,1484,30427,348812,348556,81840781,656001,2071,1574,6535995,34778,56,97805556,824461,2493290
9/16/20,189118,1190,18961,6303,1461,1461,30345,350296,350040,82458887,618106,2090,1647,6576314,40319,56,98628649,823093,2523810
9/17/20,189998,880,19057,6285,1549,1549,30035,351757,351501,83193003,734116,2092,1662,6619956,43642,56,99595480,966831,2538610
9/18/20,190899,901,19163,6175,1423,1423,29651,353306,353050,84001154,808151,2107,1608,6666845,46889,56,100660590,1065110,2556010
9/19/20,191646,747,19243,6163,1051,1051,29185,354729,354473,84878722,877568,2111,1577,6712513,45668,56,101779020,1118430,2575550
9/20/20,191973,327,19281,6100,1336,854,28724,355780,355524,85661954,783232,2112,1595,6748046,35533,56,102755446,976426,2587310
9/21/20,192254,281,19353,6138,1064,1064,28849,356634,356378,86283955,622001,2116,1570,6787208,39162,56,103518993,763547,2614030
9/22/20,193113,859,19324,6188,1534,1534,29645,357698,357442,86966875,682920,2130,1558,6836194,48986,56,104396009,877016,2645000
9/23/20,194269,1156,19452,6200,1454,1454,30015,359232,358976,87751712,784837,2154,1545,6875692,39498,56,105389907,993898,2670340
9/24/20,195207,938,19555,6274,1484,1484,30159,360686,360430,88488578,736866,2177,1560,6919033,43341,56,106380019,990112,2708300
9/25/20,196054,847,19919,6220,1322,1322,29888,362170,361914,89360377,871799,2264,1508,6974270,55237,56,107501431,1121412,2725470
9/26/20,196927,873,20002,6143,1225,1225,29670,363492,363236,90220620,860243,2272,1509,7021538,47268,56,108604224,1102793,2748600
9/27/20,197237,310,20050,6170,1394,1063,29579,364717,364461,90894719,674099,2277,1511,7056528,34990,56,109519159,914935,2764340
9/28/20,197483,246,20121,6048,1181,1181,29696,365779,365524,91668487,773768,2285,1513,7091904,35376,56,110545182,1026023,2792680
9/29/20,198207,724,20247,6172,1673,1673,30601,366960,366705,92407411,738924,2298,1497,7128670,36766,56,111507296,962114,2811340
9/30/20,199271,1064,20390,6241,1618,1618,31021,368633,368378,93100090,692679,2319,1510,7173579,44909,56,112454114,946818,2838480
10/1/20,200133,862,20492,6262,1757,1757,30942,370251,369996,93868915,768825,2334,1543,7219299,45720,56,113441678,987564,2858690
10/2/20,200975,842,20612,6195,1443,1443,30880,372008,371753,94680754,771954,2348,1534,7268726,49427,56,114672164,1230486,2871290
10/3/20,201713,738,20686,6073,1088,1088,30209,373451,373196,95478337,797583,2358,1501,7319600,50874,56,115738066,1065902,2895290
10/4/20,202093,380,20729,6056,663,663,30063,374539,374284,96265020,786683,2362,1485,7357765,38165,56,116742026,1003960,2909640
10/5/20,202424,331,20812,6292,1447,1447,31426,375202,374947,97096570,831550,2370,1514,7395517,37752,56,117728149,986123,2932960
10/6/20,203037,613,20973,6490,1559,1792,32726,376649,376394,97816658,720088,2388,1609,7434363,38846,56,118656816,928667,2950300
10/7/20,203966,929,21112,6591,2138,2138,33565,378635,378186,98588198,771540,2410,1650,7485579,51216,56,119691687,1034871,2997940
10/8/20,204945,979,21217,6694,2134,2134,34446,380773,380324,99206951,618753,2427,1638,7540887,55308,56,120895786,1204099,3019300
10/9/20,205858,913,21389,6775,1735,1735,34974,382907,382458,100176787,969836,2437,1651,7597880,56993,56,122132740,1236954,3037150
10/10/20,206549,691,21512,6752,1486,1486,34700,384642,384193,101115625,938838,2451,1667,7655515,57635,56,123375550,1242810,3061050
10/11/20,207020,471,21553,6749,981,981,34609,386128,385679,101895799,780174,2454,1646,7702187,46672,56,124443546,1067996,3072920
10/12/20,207305,285,21625,6860,1106,1106,35148,387109,386660,102736468,840669,2464,1663,7745421,43234,56,125463772,1020226,3104640
10/13/20,208023,718,21735,7104,2058,2058,36171,388215,387766,103607384,870916,2485,1757,7792400,46979,56,126544301,1080529,3122530
10/14/20,208824,801,21889,7236,2437,2437,37184,390273,389824,104476468,866403,2516,1775,7849640,57240,56,127625672,1081371,3153750
10/15/20,209752,928,22051,7303,2010,2010,37423,392710,392261,105357095,880627,2531,1773,7913281,63641,56,128776780,1151108,3175500
10/16/20,210643,891,22202,7333,1866,1866,37479,394720,394271,106298569,941474,2547,1740,7981786,68505,56,130004877,1228097,3195420
10/17/20,211423,780,22320,7466,1546,1546,37474,396586,396137,107265977,967408,2553,1791,8039461,57675,56,131323361,1318484,3218560
10/18/20,211828,405,22391,7383,1906,1305,36536,398132,397683,108014106,748129,2557,1762,8093393,62296,56,132363184,1039823,3231950
10/19/20,212271,443,22475,8063,1605,1605,37976,399438,398988,109005123,991017,2577,1804,8151043,57650,56,133476485,1113301,3270430
10/20/20,213104,833,22662,8206,2309,2309,39391,401043,400593,109782000,776877,2593,2042,8211617,60574,56,134468362,991877,3293320
10/21/20,214132,1028,22855,8291,2123,2123,40397,403352,402902,110527076,745076,2622,2083,8273327,61710,56,135487768,1019406,3321260
10/22/20,215249,1117,23018,8180,2505,2505,41114,405475,405025,111467094,940018,2641,2147,8346746,73419,56,136764300,1276532,3350980
10/23/20,216198,949,23221,8342,2074,2163,41614,407980,407530,112506644,1039550,2679,2180,8429321,82575,56,138165501,1401201,3373280
10/24/20,217094,896,23356,8675,1822,1822,42087,410339,409693,113442012,935368,2691,2230,8513113,83792,56,139486074,1320573,3404500
10/25/20,217485,391,23420,8590,2080,1575,41883,412161,411515,114329477,887465,2693,2176,8577584,64471,56,140670993,1184919,3420710
10/26/20,217882,397,23542,8946,1697,1697,42988,413675,413090,115292071,962594,2703,2300,8641014,63430,56,141876881,1205888,3458200
10/27/20,218804,922,23701,8985,2290,2290,44391,415372,414787,116110843,818772,2719,2283,8713269,72255,56,142970300,1093419,3485470
10/28/20,219851,1047,23883,9133,2461,2461,45214,417662,417077,116953850,843007,2744,2354,8792969,79700,56,144136954,1166654,3515950
10/29/20,220911,1060,24082,9320,2321,2321,46191,420123,419538,117968890,1015040,2760,2399,8882334,89365,56,145499206,1362252,3552170
10/30/20,221858,947,24230,9550,2403,2403,46880,422444,421859,118952805,983915,2776,2477,8980276,97942,56,146896615,1397409,3576200
10/31/20,222816,958,24375,9613,2116,2116,47486,424847,424262,120000775,1047970,2786,2502,9071570,91294,56,148311342,1414727,3610300
11/1/20,223226,410,24457,9665,1166,1166,47615,426963,426378,120790497,789722,2797,2553,9156070,95288,56,149438267,1126925,3631620
11/2/20,223701,475,24560,9957,1399,1399,48750,428129,427544,121815877,1025380,2809,2633,9239524,83454,56,150740058,1301791,3672740
11/3/20,225218,1517,24796,10538,3135,3135,50509,429528,428943,122713867,897990,2833,2734,9329536,90012,56,151946445,1206387,3702930
11/4/20,226349,1131,25041,10892,3107,3107,52166,432663,432078,123606260,892393,2853,2832,9434640,105104,56,153223963,1277518,3741440
11/5/20,227503,1154,25276,11050,2553,2553,53380,435770,435185,124803880,1197620,2872,2876,9553235,118595,56,154834177,1610214,3779520
11/6/20,228688,1185,25498,11213,3121,3121,55005,438323,437738,125961380,1157500,2885,2850,9682161,128926,56,156497312,1663135,3808730
11/7/20,229813,1125,25721,11215,2341,2341,56037,441444,440859,126958777,997397,2898,2947,9813798,131637,56,157900041,1402729,3849350
11/8/20,230326,513,25819,11223,1467,1467,56942,443785,443200,127831847,873070,2900,2977,9926057,112259,56,159121807,1221766,3879260
11/9/20,230903,577,26087,11636,2176,2176,59342,445252,444667,128974687,1142840,2907,3111,10044291,118234,56,160575730,1453923,3926620
11/10/20,232261,1358,26335,12057,4070,4070,62119,447428,446843,129979827,1005140,2922,3202,10177414,133123,56,161912785,1337055,3959700
11/11/20,233838,1577,26584,12626,3281,3281,65549,451498,450913,131003607,1023780,2947,3365,10326145,148731,56,163372164,1459379,3995020
11/12/20,234950,1112,26803,12917,3562,3562,67236,454779,454194,132045057,1041450,2954,3622,10483201,157056,56,164942695,1570531,4049140
11/13/20,236251,1301,26997,13280,3673,3673,68585,458341,457756,133257137,1212080,2967,3766,10657155,173954,56,166642725,1700030,4093150
11/14/20,237604,1353,27172,13491,3468,3468,69588,462014,461429,134445857,1188720,2972,3945,10824338,167183,56,168346431,1703706,4146420
11/15/20,238316,712,27269,13849,3458,2926,70202,465482,464897,135530087,1084230,2975,3939,10971268,146930,56,169909237,1562806,4183380
11/16/20,238923,607,27437,14471,2907,2907,73320,468408,467823,136666527,1136440,2988,4156,11120979,149711,56,171443539,1534302,4242680
11/17/20,240476,1553,27681,15009,3887,3887,77047,471315,470730,137812627,1146100,3004,4379,11280006,159027,56,173041278,1597739,4292090
11/18/20,242361,1885,27989,15557,4352,4352,79478,475202,474617,138922697,1110070,3024,4699,11447579,167573,56,174694234,1652956,4348090
11/19/20,244371,2010,28216,15759,4456,4456,80669,479554,478969,140189867,1267170,3052,4860,11634748,187169,56,176500349,1806115,4410710
11/20/20,246281,1910,28472,16146,3903,3903,82318,484010,483425,141568087,1378220,3078,5058,11831242,196494,56,178440235,1939886,4457930
11/21/20,247832,1551,28693,16264,3375,3375,83346,487913,487328,142999697,1431610,3087,5103,12014443,183201,56,180490965,2050730,4529790
11/22/20,248755,923,28828,16411,2291,2291,83882,491288,490703,144245477,1245780,3094,5233,12168279,153836,56,182262128,1771163,4526640
11/23/20,249608,853,28990,17060,2835,2835,85945,493579,492994,145517367,1271890,3106,5455,12322860,154581,56,184011025,1748897,4633600
11/24/20,251699,2091,29245,17317,4685,4685,88132,496414,495829,146900547,1383180,3123,5626,12488111,165251,56,185816645,1805620,4697000
11/25/20,253980,2281,29540,17738,4538,4538,90043,501099,500514,148116187,1215640,3147,5987,12675788,187677,56,187645458,1828813,4835960
11/26/20,255372,1392,29673,18019,2333,2333,90564,505637,505052,149017986,901799,3153,5986,12804851,129063,56,188976514,1331056,4871310
11/27/20,256776,1404,29858,18056,3418,3418,89913,507970,507385,150422936,1404950,3171,6028,13003110,198259,56,191020431,2043917,4947450
11/28/20,258019,1243,30109,18249,3485,3485,91762,511388,510803,151633236,1210300,3179,6148,13154174,151064,56,192636491,1616060,5024450
11/29/20,258844,825,30274,18437,2429,2429,93357,514873,514288,152495459,862223,3184,6245,13291141,136967,56,193923420,1286929,5065150
11/30/20,259881,1037,30469,18807,3394,3394,96134,517302,516717,153710459,1215000,3205,6520,13440657,149516,56,195536151,1612731,5146640
12/1/20,262370,2489,30749,19292,4916,4916,98736,520696,520111,154721949,1011490,3223,6643,13619794,179137,56,196992167,1456016,5226580
12/2/20,265181,2811,31038,19687,5238,5238,100327,525612,525027,155784184,1187540,3252,6855,13821540,201746,56,198551838,1559671,5322130
12/3/20,268003,2822,31276,19714,5369,5369,100746,530850,530265,157052104,1267920,3280,6871,14036345,214805,56,200444782,1892944,5404020
12/4/20,270566,2563,31608,19853,4654,4654,101309,536219,535634,158311814,1259710,3305,6992,14265229,228884,56,202306404,1861622,5470390
12/5/20,273052,2486,31831,19947,3513,3513,101192,540873,540288,159547912,1229030,3321,7006,14482999,217770,56,204528357,2221953,5576150
12/6/20,274215,1163,31946,20145,2311,2311,101501,544386,543801,160796075,1238280,3322,7095,14665350,182351,56,206148583,1620226,5624610
12/7/20,275506,1291,32120,20097,3461,3461,102122,546697,546112,162065925,1269850,3328,7067,14846823,181473,56,207874219,1725636,5714560
12/8/20,278186,2680,32406,20475,4410,4410,104637,550158,549573,163345125,1279200,3359,7251,15062776,215953,56,209526407,1652188,5788510
12/9/20,281355,3169,32720,20903,5300,5300,106671,554568,553983,164613635,1268510,3376,7621,15277736,214960,56,211330220,1803813,5891890
12/10/20,284487,3132,32919,21024,4450,4450,107300,559868,559283,165885385,1271750,3394,7444,15497021,219285,56,213217407,1887187,5985050
12/11/20,287234,2747,33237,21012,5411,5411,108101,564318,563733,167227425,1342040,3424,7488,15732492,235471,56,215204606,1987199,6135310
12/12/20,289731,2497,33419,21198,3789,3789,108461,569729,569144,168416345,1188920,3430,7515,15957779,225287,56,217039353,1834747,6246810
12/13/20,291232,1501,33494,21230,2314,2314,109298,573518,572933,169630765,1214420,3432,7535,16144542,186763,56,218809516,1770163,6298330
12/14/20,292589,1357,33693,21458,3461,3461,110573,575832,575247,170959391,1271700,3442,7699,16337404,192862,56,220905384,2095868,6399530
12/15/20,295513,2924,33958,21897,4430,4430,112816,579293,578708,172308321,1348930,3460,7702,16527997,190593,56,222702454,1797070,6490880
12/16/20,298966,3453,34237,21943,4776,4776,113257,583723,583138,173523331,1215010,3488,7782,16759847,231850,56,224504540,1802086,6597660
12/17/20,302431,3465,34485,21912,5167,5167,114492,588499,587914,174781201,1257870,3504,7848,17000875,241028,56,226369128,1864588,6681650
12/18/20,305297,2866,34716,21745,5214,5214,113955,593666,593081,176319641,1538440,3519,7786,17240612,239737,56,228566874,2197746,6762700
12/19/20,308005,2708,34949,21692,3429,3429,113914,598880,598295,177528471,1208830,3529,7786,17443958,203346,56,230329358,1762484,6883000
12/20/20,309673,1668,35030,21763,2382,2382,113601,602309,601724,178749061,1220590,3530,7695,17640921,196963,56,232121438,1792080,6935160
12/21/20,311153,1480,35178,21884,3111,3111,115358,604691,604106,180308771,1559710,3539,7783,17819918,178997,56,234146865,2025427,7043810
12/22/20,314290,3137,35428,22213,4567,4567,117777,607802,607217,181577541,1268770,3554,7830,18010050,190132,56,235874354,1727489,7127030
12/23/20,317683,3393,35695,22489,4795,4795,119463,612369,611784,182765631,1188090,3579,7819,18231956,221906,56,237614387,1740033,7234880
12/24/20,320641,2958,35899,22623,4289,4289,120200,617164,616579,184040321,1274690,3587,7792,18436253,204297,56,239551294,1936907,7337690
12/25/20,322194,1553,35945,22418,2047,2047,118948,621453,620868,185026141,985820,3592,7831,18562120,125867,56,240924569,1373275,7362280
12/26/20,323620,1426,36038,22373,2292,2292,117344,623500,622915,185909931,1130310,3593,7809,18752235,190115,56,243046630,2122061,7473610
12/27/20,325017,1397,36164,22447,2302,2302,118720,625792,625207,186921211,1011280,3604,7878,18905213,152978,56,244386970,1340340,7530420
12/28/20,326507,1490,36308,22579,3723,3723,121202,628094,627509,188045191,1123980,3612,7948,19068551,163338,56,245863830,1476860,7603260
12/29/20,329796,3289,36583,22838,5261,5261,124686,631817,631232,188994167,948976,3635,7885,19264633,196082,56,247155673,1291843,7702010
12/30/20,333696,3900,36855,23069,5514,5514,125220,637078,636493,189959883,965716,3653,7930,19490541,225908,56,248690047,1534374,7807570
12/31/20,336993,3297,37066,23097,4348,4348,125423,642592,642007,191079673,1119790,3672,8004,19713577,223036,56,250437792,1747745,7919310
1/1/21,339585,2592,37196,23255,4550,4550,125047,646940,646355,191971004,891331,3681,7990,19894065,180488,56,251798001,1360209,7950640
1/2/21,341991,2406,37309,23133,3051,3051,123614,651490,650905,193329744,1358740,3684,7910,20087425,207646,56,253858221,2060220,8091970
1/3/21,343446,1455,37433,23243,2226,2226,125562,654541,653956,194330944,1001200,3688,7939,20295181,207756,56,255259670,1401449,8137390
1/4/21,344993,1547,37586,23435,3892,3892,128210,656767,656182,195523224,1192280,3692,7930,20473619,178438,56,256828216,1568546,8299720
1/5/21,348477,3484,37841,23509,4290,4290,131195,660659,660074,196757844,1234620,3718,7976,20688705,215086,56,258507055,1678839,8377850
1/6/21,352379,3902,38064,23708,6607,6607,132474,664949,664364,197761954,1004110,3739,7946,20936791,248086,56,260107884,1600829,8478380
1/7/21,356458,4079,38236,23821,5312,5312,132370,671556,670971,198977574,1215620,3748,7900,21206116,269325,56,262023102,1915218,8588540
1/8/21,360238,3780,38432,23912,4705,4705,131921,676868,676283,200342144,1364570,3756,7908,21498320,292204,56,264140542,2117440,8662590
1/9/21,363775,3537,38607,23718,6683,6683,130781,681573,680988,201715814,1373670,3767,7791,21764719,266399,56,266204645,2064103,8766540
1/10/21,365843,2068,38706,23640,2413,2413,129223,688256,687671,203121754,1405940,3771,7878,21992427,227708,56,268192527,1987882,8812190
1/11/21,367576,1733,38823,23501,3045,3045,129793,690669,690084,204506234,1384480,3773,7786,22186567,194140,56,270036371,1843844,8925430
1/12/21,371640,4064,39049,23881,4657,4657,131326,693714,693129,205922044,1415810,3796,7879,22401376,214809,56,271960830,1924459,9009580
1/13/21,375727,4087,39248,23857,5312,5312,130391,698371,697786,207160104,1238060,3811,7902,22622933,221557,56,273765086,1804256,9103700
1/14/21,379642,3915,39418,23891,3792,3792,128947,703683,703098,208502344,1342240,3829,7878,22845877,222944,56,275775230,2010144,9221780