"date","death","deathIncrease","inIcuCumulative","inIcuCurrently","hospitalizedIncrease","hospitalizedCurrently","hospitalizedCumulative","negative","negativeIncrease","onVentilatorCumulative","onVentilatorCurrently","positive","positiveIncrease","states","totalTestResults","totalTestResultsIncrease"
"2021-02-06",452660,2983,42730,17093,2443,84233,824763,119493872,492928,4078,5475,26700702,113927,56,322331939,1847899
"2021-02-05",449677,3543,42626,17284,2940,86373,822320,119000944,595505,4060,5596,26586775,131146,56,320484040,1879114
"2021-02-04",446134,5212,42472,17918,3402,88668,819380,118405439,518526,4059,5732,26455629,123907,56,318604926,1678444
"2021-02-03",440922,3685,42323,18147,3975,91440,815978,117886913,487679,4044,5920,26331722,116960,56,316926482,1442998
"2021-02-02",437237,3486,42148,18388,3285,92880,812003,117399234,361311,4035,6047,26214762,117616,56,315483484,1402996
"2021-02-01",433751,1562,41998,18572,1766,93536,808718,117037923,649106,4025,6086,26097146,120200,56,314080488,1633780
"2021-01-31",432189,2059,41934,18968,2171,95013,806952,116388817,421100,4019,6291,25976946,119367,56,312446708,1716062
"2021-01-30",430130,2982,41872,19130,3147,97561,804781,115967717,529064,4016,6329,25857579,148824,56,310730646,2157704
"2021-01-29",427148,3503,41758,19609,2835,101003,801634,115438653,605845,4011,6483,25708755,167111,56,308572942,1952298
"2021-01-28",423645,4011,41588,20113,3500,104303,798799,114832808,578279,4000,6642,25541644,157306,56,306620644,1951285
"2021-01-27",419634,4077,41402,20497,4134,107444,795299,114254529,518507,3985,6806,25384338,153985,56,304669359,1654456
"2021-01-26",415557,3734,41205,20573,3705,108960,791165,113736022,565751,3976,6832,25230353,146448,56,303014903,1725082
"2021-01-25",411823,1593,41028,20875,2515,109936,787460,113170271,535497,3949,6857,25083905,133454,56,301289821,1720880
"2021-01-24",410230,1944,40931,21168,1909,110628,784945,112634774,412763,3943,6989,24950451,144234,56,299568941,1764476
"2021-01-23",408286,3591,40853,21657,6652,113609,783036,112222011,559167,3941,7110,24806217,177118,56,297804465,1968395
"2021-01-22",404695,3980,40687,22008,4325,116264,776384,111662844,627979,3919,7236,24629099,190915,56,295836070,2032714
"2021-01-21",400715,3878,40481,22309,4053,119949,772059,111034865,574713,3910,7370,24438184,186275,56,293803356,1935268
"2021-01-20",396837,4409,40340,22809,5105,122700,768006,110460152,558282,3897,7564,24251909,189203,56,291868088,1823829
"2021-01-19",392428,2141,40103,23029,3206,123820,762901,109901870,646314,3883,7688,24062706,146626,56,290044259,1727996
"2021-01-18",390287,1395,39973,23226,2839,123848,759695,109255556,766315,3865,7772,23916080,150792,56,288316263,2115985
"2021-01-17",388892,2053,39864,23432,2167,124387,756856,108489241,490957,3860,7797,23765288,187218,56,286200278,1892881
"2021-01-16",386839,3709,39797,23524,4039,126139,754689,107998284,507306,3858,7755,23578070,218085,56,284307397,2078818
"2021-01-15",383130,3679,39626,23593,4000,127235,750650,107490978,713021,3845,7772,23359985,246454,56,282228579,2322266
"2021-01-14",379451,3915,39418,23891,3792,128947,746650,106777957,621766,3829,7878,23113531,225616,56,279906313,2043945
"2021-01-13",375536,4087,39248,23857,5312,130391,742858,106156191,485436,3811,7902,22887915,224491,56,277862368,1839630
"2021-01-12",371449,4064,39049,23881,4657,131326,737546,105670755,677831,3796,7879,22663424,218020,56,276022738,1958786
"2021-01-11",367385,1733,38823,23501,3045,129793,732889,104992924,633776,3773,7786,22445404,195255,56,274063952,1867076
"2021-01-10",365652,2068,38706,23640,2413,129223,729844,104359148,464420,3771,7878,22250149,228732,56,272196876,2024548
"2021-01-09",363584,3537,38607,23718,6683,130781,727431,103894728,569537,3767,7791,22021417,269368,56,270172328,2111681
"2021-01-08",360047,3780,38432,23912,4705,131921,720748,103325191,675322,3756,7908,21752049,295121,56,268060647,2163546
"2021-01-07",356267,4079,38236,23821,5312,132370,716043,102649869,573875,3748,7900,21456928,272043,56,265897101,1946262
"2021-01-06",352188,3902,38064,23708,6607,132474,710731,102075994,493339,3739,7946,21184885,250184,56,263950839,1638284
"2021-01-05",348286,3484,37841,23509,4290,131195,704124,101582655,677123,3718,7976,20934701,219075,56,262312555,1714814
"2021-01-04",344802,1547,37586,23435,3892,128210,699834,100905532,527737,3692,7930,20715626,179571,56,260597741,1581745
"2021-01-03",343255,1455,37433,23243,2226,125562,695942,100377795,334242,3688,7939,20536055,208457,56,259015996,1429565
"2021-01-02",341800,2406,37309,23133,3051,123614,693716,100043553,537726,3684,7910,20327598,280318,56,257586431,2104010
"2021-01-01",339394,2592,37196,23255,4550,125047,690665,99505827,312567,3681,7990,20047280,182906,56,255482421,1395406
"2020-12-31",336802,3297,37066,23097,4348,125423,686115,99193260,496939,3672,8004,19864374,226246,56,254087015,1785816
"2020-12-30",333505,3900,36855,23069,5514,125220,681767,98696321,418642,3653,7930,19638128,229496,56,252301199,1568065
"2020-12-29",329605,3289,36583,22838,5261,124686,676253,98277679,349252,3635,7885,19408632,199679,56,250733134,1322227
"2020-12-28",326316,1490,36308,22579,3723,121202,670992,97928427,623308,3612,7948,19208953,164127,56,249410907,1493296
"2020-12-27",324826,1397,36164,22447,2302,118720,667269,97305119,297044,3604,7878,19044826,153540,56,247917611,1370750
"2020-12-26",323429,1426,36038,22373,2292,117344,664967,97008075,659398,3593,7809,18891286,190594,56,246546861,2157580
"2020-12-25",322003,1553,35945,22418,2047,118948,662675,96348677,310214,3592,7831,18700692,126796,56,244389281,1416144
"2020-12-24",320450,2958,35899,22623,4289,120200,660628,96038463,506039,3587,7792,18573896,206684,56,242973137,1972862
"2020-12-23",317492,3393,35695,22489,4795,119463,656339,95532424,527370,3579,7819,18367212,224526,56,241000275,1780319
"2020-12-22",314099,3137,35428,22213,4567,117777,651544,95005054,478685,3554,7830,18142686,193008,56,239219956,1758089
"2020-12-21",310962,1480,35178,21884,3111,115358,646977,94526369,814028,3539,7783,17949678,179406,56,237461867,2055232
"2020-12-20",309482,1668,35030,21763,2382,113601,643866,93712341,455908,3530,7695,17770272,197494,56,235406635,1822941
"2020-12-19",307814,2708,34949,21692,3429,113914,641484,93256433,445160,3529,7786,17572778,204873,56,233583694,1804785
"2020-12-18",305106,2866,34716,21745,5214,113955,638055,92811273,805210,3519,7786,17367905,241786,56,231778909,2239938
"2020-12-17",302240,3465,34485,21912,5167,114492,632841,92006063,531036,3504,7848,17126119,242970,56,229538971,1901868
"2020-12-16",298775,3453,34237,21943,4776,113257,627674,91475027,582624,3488,7782,16883149,234288,56,227637103,1840315
"2020-12-15",295322,2924,33958,21897,4430,112816,622898,90892403,588741,3460,7702,16648861,193218,56,225796788,1832328
"2020-12-14",292398,1357,33693,21458,3461,110573,618468,90303662,862069,3442,7699,16455643,193286,56,223964460,2127481
"2020-12-13",291041,1501,33494,21230,2314,109298,615007,89441593,513763,3432,7535,16262357,187251,56,221836979,1812446
"2020-12-12",289540,2497,33419,21198,3789,108461,612693,88927830,484998,3430,7515,16075106,226904,56,220024533,1874905
"2020-12-11",287043,2747,33237,21012,5411,108101,608904,88442832,737772,3424,7488,15848202,236933,56,218149628,2022167
"2020-12-10",284296,3132,32919,21024,4450,107300,603493,87705060,588528,3394,7444,15611269,220846,56,216127461,1928971
"2020-12-09",281164,3169,32720,20903,5300,106671,599043,87116532,639996,3376,7621,15390423,216728,56,214198490,1837404
"2020-12-08",277995,2680,32406,20475,4410,104637,593743,86476536,556192,3359,7251,15173695,217844,56,212361086,1689076
"2020-12-07",275315,1291,32120,20097,3461,102122,589333,85920344,659561,3328,7067,14955851,181897,56,210672010,1772859
"2020-12-06",274024,1163,31946,20145,2311,101501,585872,85260783,465520,3322,7095,14773954,182580,56,208899151,1659236
"2020-12-05",272861,2486,31831,19947,3513,101192,583561,84795263,626881,3321,7006,14591374,219070,56,207239915,2268978
"2020-12-04",270375,2563,31608,19853,4654,101309,580048,84168382,612167,3305,6992,14372304,230313,56,204970937,1908337
"2020-12-03",267812,2822,31276,19714,5369,100746,575394,83556215,626608,3280,6871,14141991,216271,56,203062600,1933565
"2020-12-02",264990,2811,31038,19687,5238,100327,570025,82929607,-425204,3252,6855,13925720,203429,56,201129035,1595759
"2020-12-01",262179,2489,30749,19292,4916,98736,564787,83354811,518053,3223,6643,13722291,181183,56,199533276,1486246
"2020-11-30",259690,1037,30469,18807,3394,96134,559871,82836758,731023,3205,6520,13541108,150031,56,198047030,1634111
"2020-11-29",258653,825,30274,18437,2429,93357,556477,82105735,362709,3184,6245,13391077,137254,56,196412919,1314942
"2020-11-28",257828,1243,30109,18249,3485,91762,554048,81743026,559770,3179,6148,13253823,151469,56,195097977,1655753
"2020-11-27",256585,1404,29858,18056,3418,89913,550563,81183256,798256,3171,6028,13102354,198874,56,193442224,2079892
"2020-11-26",255181,1392,29673,18019,2333,90564,547145,80385000,340800,3153,5986,12903480,129764,56,191362332,1364900
"2020-11-25",253789,2281,29540,17738,4538,90043,544812,80044200,678709,3147,5987,12773716,188496,56,189997432,1864382
"2020-11-24",251508,2091,29245,17317,4685,88132,540274,79365491,607785,3123,5626,12585220,166503,56,188133050,1835962
"2020-11-23",249417,853,28990,17060,2835,85945,535589,78757706,716643,3106,5455,12418717,154696,56,186297088,1774848
"2020-11-22",248564,923,28828,16411,2291,83882,532754,78041063,578177,3094,5233,12264021,154188,56,184522240,1805804
"2020-11-21",247641,1551,28693,16264,3375,83346,530463,77462886,675743,3087,5103,12109833,186385,56,182716436,2088615
"2020-11-20",246090,1910,28472,16146,3903,82318,527088,76787143,738811,3078,5058,11923448,197164,56,180627821,1974024
"2020-11-19",244180,2010,28216,15759,4456,80669,523185,76048332,624571,3052,4860,11726284,187932,56,178653797,1841360
"2020-11-18",242170,1885,27989,15557,4352,79478,518729,75423761,612304,3024,4699,11538352,168220,56,176812437,1688465
"2020-11-17",240285,1553,27681,15009,3887,77047,514377,74811457,545450,3004,4379,11370132,159826,56,175123972,1625504
"2020-11-16",238732,607,27437,14471,2907,73320,510490,74266007,636242,2988,4156,11210306,149977,56,173498468,1563971
"2020-11-15",238125,712,27269,13849,1868,70202,507583,73629765,576065,2975,3939,11060329,147062,56,171934497,1600621
"2020-11-14",237413,1353,27172,13491,3468,69588,505715,73053700,571664,2972,3945,10913267,167726,56,170333876,1742593
"2020-11-13",236060,1301,26997,13280,3673,68585,502247,72482036,627471,2967,3766,10745541,174633,56,168591283,1734667
"2020-11-12",234759,1112,26803,12917,3562,67236,498574,71854565,552747,2954,3622,10570908,157542,56,166856616,1599994
"2020-11-11",233647,1577,26584,12626,3281,65549,495012,71301818,547556,2947,3365,10413366,149333,56,165256622,1485552
"2020-11-10",232070,1358,26335,12057,4070,62119,491731,70754262,433576,2922,3202,10264033,135569,56,163771070,1364876
"2020-11-09",230712,577,26087,11636,2176,59342,487661,70320686,700438,2907,3111,10128464,118403,56,162406194,1475158
"2020-11-08",230135,513,25819,11223,1467,56942,485485,69620248,414407,2900,2977,10010061,112445,56,160931036,1244299
"2020-11-07",229622,1125,25721,11215,2341,56037,484018,69205841,549533,2898,2947,9897616,132113,56,159686737,1434108
"2020-11-06",228497,1185,25498,11213,3121,55005,481677,68656308,556319,2885,2850,9765503,129990,56,158252629,1698174
"2020-11-05",227312,1154,25276,11050,2553,53380,478556,68099989,580576,2872,2876,9635513,119023,56,156554455,1641618
"2020-11-04",226158,1131,25041,10892,3107,52166,476003,67519413,418763,2853,2832,9516490,105996,56,154912837,1313777
"2020-11-03",225027,1517,24796,10538,3135,50509,472896,67100650,431719,2833,2734,9410494,119949,56,153599060,1230416
"2020-11-02",223510,475,24560,9957,1399,48750,469761,66668931,618861,2809,2633,9290545,83454,56,152368644,1314755
"2020-11-01",223035,410,24457,9665,1166,47615,468362,66050070,368695,2797,2553,9207091,141973,56,151053889,1148420
"2020-10-31",222625,958,24375,9613,2116,47486,467196,65681375,535428,2786,2502,9065118,91294,56,149905469,1441997
"2020-10-30",221667,947,24230,9550,2403,46880,465080,65145947,478478,2776,2477,8973824,97942,56,148463472,1421778
"2020-10-29",220720,1060,24082,9320,2321,46191,462677,64667469,557364,2760,2399,8875882,89365,56,147041694,1382393
"2020-10-28",219660,1047,23883,9133,2461,45214,460356,64110105,471260,2744,2354,8786517,79700,56,145659301,1183714
"2020-10-27",218613,922,23701,8985,2290,44391,457895,63638845,382308,2719,2283,8706817,72255,56,144475587,1116474
"2020-10-26",217691,397,23542,8946,1697,42988,455605,63256537,568807,2703,2300,8634562,63430,56,143359113,1219999
"2020-10-25",217294,391,23420,8590,1076,41883,453908,62687730,425466,2693,2176,8571132,64471,56,142139114,1203749
"2020-10-24",216903,896,23356,8675,1822,42087,452832,62262264,471136,2691,2230,8506661,83792,56,140935365,1343815
"2020-10-23",216007,949,23221,8342,15058,41614,451010,61791128,561068,2679,2180,8422869,82575,56,139591550,1423963
"2020-10-22",215058,1117,23018,8180,2505,41114,435952,61230060,525631,2641,2147,8340294,73419,56,138167587,1296375
"2020-10-21",213941,1028,22855,8291,2123,40397,433447,60704429,368638,2622,2083,8266875,61710,56,136871212,1035031
"2020-10-20",212913,833,22662,8206,2309,39391,431324,60335791,371850,2593,2042,8205165,60574,56,135836181,1010640
"2020-10-19",212080,443,22475,8063,1605,37976,429015,59963941,632065,2577,1804,8144591,57650,56,134825541,1125062
"2020-10-18",211637,405,22391,7383,813,36536,427410,59331876,352861,2557,1762,8086941,47957,56,133700479,1056123
"2020-10-17",211232,780,22320,7466,1546,37474,426597,58979015,465369,2553,1791,8038984,57675,56,132644356,1342416
"2020-10-16",210452,891,22202,7333,1866,37479,425051,58513646,511421,2547,1740,7981309,68505,56,131301940,1250159
"2020-10-15",209561,928,22051,7303,2010,37423,423185,58002225,460227,2531,1773,7912804,63641,56,130051781,1169911
"2020-10-14",208633,801,21889,7236,2437,37184,421175,57541998,289688,2516,1775,7849163,57240,56,128881870,1095897
"2020-10-13",207832,718,21735,7104,2058,36171,418738,57252310,398528,2485,1757,7791923,46979,56,127785973,1099400
"2020-10-12",207114,285,21625,6860,1106,35148,416680,56853782,489836,2464,1663,7744944,43234,56,126686573,1032725
"2020-10-11",206829,471,21553,6749,981,34609,415574,56363946,359942,2454,1646,7701710,46672,56,125653848,1083456
"2020-10-10",206358,691,21512,6752,1486,34700,414593,56004004,486053,2451,1667,7655038,57635,56,124570392,1270088
"2020-10-09",205667,913,21389,6775,1735,34974,413107,55517951,499689,2437,1651,7597403,56993,56,123300304,1261182
"2020-10-08",204754,979,21217,6694,2134,34446,411372,55018262,226637,2427,1638,7540410,55308,56,122039122,1219916
"2020-10-07",203775,929,21112,6591,2138,33565,409238,54791625,383247,2410,1650,7485102,51216,56,120819206,1061149
"2020-10-06",202846,613,20973,6490,-752,32726,407100,54408378,334396,2388,1609,7433886,38846,56,119758057,942647
"2020-10-05",202233,331,20812,6292,1447,31426,407852,54073982,497796,2370,1514,7395040,37752,56,118815410,997036
"2020-10-04",201902,380,20729,6056,663,30063,406405,53576186,420158,2362,1485,7357288,38165,56,117818374,999768
"2020-10-03",201522,738,20686,6073,1088,30209,405742,53156028,354909,2358,1501,7319123,50874,56,116818606,1097794
"2020-10-02",200784,842,20612,6195,1443,30880,404654,52801119,569771,2348,1534,7268249,49427,56,115720812,1248921
"2020-10-01",199942,862,20492,6262,1757,30942,403211,52231348,391166,2334,1543,7218822,45720,56,114471891,1002055
"2020-09-30",199080,1064,20390,6241,1618,31021,401454,51840182,378871,2319,1510,7173102,44909,56,113469836,958978
"2020-09-29",198016,724,20247,6172,1673,30601,399836,51461311,325008,2298,1497,7128193,36766,56,112510858,976306
"2020-09-28",197292,246,20121,6048,1181,29696,398163,51136303,454121,2285,1513,7091427,35376,56,111534552,1034834
"2020-09-27",197046,310,20050,6170,613,29579,396982,50682182,340575,2277,1511,7056051,34990,56,110499718,928985
"2020-09-26",196736,873,20002,6143,1225,29670,396369,50341607,459833,2272,1509,7021061,47268,56,109570733,1118575
"2020-09-25",195863,847,19919,6220,1322,29888,395144,49881774,480492,2264,1508,6973793,55237,56,108452158,1140842
"2020-09-24",195016,938,19555,6274,1484,30159,393822,49401282,435595,2177,1560,6918556,43341,56,107311316,1006279
"2020-09-23",194078,1156,19452,6200,1454,30015,392338,48965687,370859,2154,1545,6875215,39498,56,106305037,1005046
"2020-09-22",192922,859,19324,6188,1534,29645,390884,48594828,358273,2130,1558,6835717,48986,56,105299991,892578
"2020-09-21",192063,281,19353,6138,1064,28849,389350,48236555,320880,2116,1570,6786731,39162,56,104407413,774023
"2020-09-20",191782,327,19281,6100,525,28724,388286,47915675,397752,2112,1595,6747569,35533,56,103633390,986826
"2020-09-19",191455,747,19243,6163,1051,29185,387761,47517923,448470,2111,1577,6712036,45668,56,102646564,1136186
"2020-09-18",190708,901,19163,6175,1423,29651,386710,47069453,478884,2107,1608,6666368,46889,56,101510378,1083276
"2020-09-17",189807,880,19057,6285,1549,30035,385287,46590569,420589,2092,1662,6619479,43642,56,100427102,979122
"2020-09-16",188927,1190,18961,6303,1461,30345,383738,46169980,338879,2090,1647,6575837,40319,56,99447980,834580
"2020-09-15",187737,1034,18847,6308,1484,30427,382277,45831101,341843,2071,1574,6535518,34778,56,98613400,837722
"2020-09-14",186703,407,18748,6249,912,30071,380793,45489258,400935,2061,1513,6500740,33572,56,97775678,854291
"2020-09-13",186296,392,18692,6233,545,29921,379881,45088323,334958,2056,1562,6467168,34579,56,96921387,785169
"2020-09-12",185904,817,18648,6451,1145,30758,379336,44753365,382218,2051,1619,6432589,41850,56,96136218,985219
"2020-09-11",185087,1015,18549,6376,1510,31530,378191,44371147,432643,2031,1716,6390739,44698,56,95150999,939749
"2020-09-10",184072,1161,18453,6522,1498,32521,376681,43938504,360631,2008,1923,6346041,37409,56,94211250,826176
"2020-09-09",182911,1088,18322,6659,1970,32653,375183,43577873,315323,1994,1906,6308632,30733,56,93385074,738462
"2020-09-08",181823,347,18189,6543,934,32339,373213,43262550,243774,1975,1881,6277899,22310,56,92646612,581229
"2020-09-07",181476,227,18156,6630,474,32116,372279,43018776,304950,1967,1879,6255589,28117,56,92065383,655224
"2020-09-06",181249,452,18125,6700,499,32497,371805,42713826,315811,1960,1912,6227472,33033,56,91410159,759445
"2020-09-05",180797,926,18089,6766,1173,33626,371306,42398015,379522,1956,1956,6194439,44860,56,90650714,965735
"2020-09-04",179871,999,18012,6922,1249,34177,370133,42018493,522071,1943,1998,6149579,51600,56,89684979,1089890
"2020-09-03",178872,1072,17894,6923,1488,34753,368884,41496422,386962,1928,2038,6097979,44643,56,88595089,907016
"2020-09-02",177800,1035,17784,7091,1521,35660,367396,41109460,331571,1918,2027,6053336,30655,56,87688073,791209
"2020-09-01",176765,1014,17655,7084,1867,35338,365875,40777889,311048,1902,2041,6022681,42242,56,86896864,816070
"2020-08-31",175751,380,17537,7047,710,35453,364008,40466841,328080,1877,2075,5980439,31720,56,86080794,704847
"2020-08-30",175371,477,17439,7268,662,35801,363298,40138761,371775,1870,2055,5948719,38766,56,85375947,842110
"2020-08-29",174894,1017,17401,7413,1299,36516,362636,39766986,374871,1864,2062,5909953,43995,56,84533837,894447
"2020-08-28",173877,1020,17304,7564,1642,37356,361337,39392115,391050,1856,2087,5865958,46115,56,83639390,927074
"2020-08-27",172857,1128,17181,7712,1654,37498,359695,39001065,401494,1831,2128,5819843,44111,56,82712316,853766
"2020-08-26",171729,1300,17046,7742,1804,38515,358041,38599571,380722,1809,2143,5775732,44331,56,81858550,770594
"2020-08-25",170429,1140,16920,7854,1988,38831,356237,38218849,334536,1789,2161,5731401,36839,56,81087956,727978
"2020-08-24",169289,341,16787,7854,1031,38806,354249,37884313,383861,1764,2112,5694562,34543,56,80359978,749317
"2020-08-23",168948,577,16697,7949,698,39064,353218,37500452,331115,1737,2131,5660019,37900,56,79610661,717560
"2020-08-22",168371,1035,16657,8207,1603,40017,352520,37169337,380196,1736,2204,5622119,46054,56,78893101,890770
"2020-08-21",167336,1119,16563,8358,1783,41049,350917,36789141,382686,1730,2288,5576065,46456,56,78002331,906237
"2020-08-20",166217,1129,16487,8486,1983,42109,349134,36406455,363326,1716,2330,5529609,43844,56,77096094,857333
"2020-08-19",165088,1411,16377,8747,1983,43406,347151,36043129,404229,1705,2375,5485765,45073,56,76238761,840428
"2020-08-18",163677,1179,16123,8859,2261,43840,345168,35638900,320406,1695,2467,5440692,40070,56,75398333,765192
"2020-08-17",162498,411,15985,8881,1224,43614,342907,35318494,325994,1678,2444,5400622,37751,56,74633141,724698
"2020-08-16",162087,617,15924,8958,685,44155,341683,34992500,382038,1665,2481,5362871,42503,56,73908443,772386
"2020-08-15",161470,1227,15891,9087,1891,44922,340998,34610462,376986,1663,2526,5320368,56046,56,73136057,881308
"2020-08-14",160243,1226,15764,9277,2141,45868,339107,34233476,470373,1665,2555,5264322,57101,56,72254749,981065
"2020-08-13",159017,1163,15629,9480,2675,47303,336966,33763103,414136,1649,2574,5207221,51763,56,71273684,945978
"2020-08-12",157854,1517,15524,9564,2971,48067,334291,33348967,157742,1629,2602,5155458,56186,56,70327706,597030
"2020-08-11",156337,1320,15331,9135,2624,48600,331320,33191225,341151,1612,2422,5099272,54935,56,69730676,835788
"2020-08-10",155017,430,15158,9209,1554,48751,328696,32850074,342902,1592,2529,5044337,41370,56,68894888,769384
"2020-08-09",154587,621,15081,9307,862,48997,327142,32507172,382995,1578,2507,5002967,50766,56,68125504,793017
"2020-08-08",153966,1086,15024,9662,1494,50071,326280,32124177,342265,1561,2566,4952201,53529,56,67332487,785706
"2020-08-07",152880,1323,14925,9698,7994,51327,324786,31781912,421107,1549,2628,4898672,60823,56,66546781,893989
"2020-08-06",151557,1241,14810,9996,2615,53219,316792,31360805,407901,1534,2714,4837849,54048,56,65652792,855593
"2020-08-05",150316,1355,14687,9988,2118,53435,314177,30952904,364580,1524,2721,4783801,52698,56,64797199,823818
"2020-08-04",148961,1241,14537,10207,4423,53436,312059,30588324,363055,1493,2701,4731103,51198,56,63973381,797783
"2020-08-03",147720,516,14370,10233,1558,53517,307636,30225269,343116,1463,2664,4679905,42738,56,63175598,739874
"2020-08-02",147204,496,14288,10415,831,54106,306078,29882153,373458,1448,2645,4637167,53301,56,62435724,788606
"2020-08-01",146708,1201,14227,10450,2386,54554,305247,29508695,372834,1445,2698,4583866,60679,56,61647118,808012
"2020-07-31",145507,1328,14044,10473,2532,55721,302861,29135861,267549,1437,2701,4523187,67827,56,60839106,995792
"2020-07-30",144179,1248,13875,10519,3291,56571,300329,28868312,402674,1415,2762,4455360,68961,56,59843314,895638
"2020-07-29",142931,1503,13744,10535,2860,57422,297038,28465638,462170,1400,2771,4386399,64143,56,58947676,913850
"2020-07-28",141428,1111,13559,10463,4068,57185,294178,28003468,361538,1372,2748,4322256,58457,56,58033826,844755
"2020-07-27",140317,1066,13412,10328,1631,58987,290110,27641930,398659,1356,2723,4263799,54479,56,57189071,789217
"2020-07-26",139251,561,13343,10353,1380,58731,288479,27243271,479870,1336,2723,4209320,60768,56,56399854,863112
"2020-07-25",138690,1014,13279,10380,1820,59382,287099,26763401,367424,1300,2729,4148552,64845,56,55536742,876507
"2020-07-24",137676,1175,13182,10389,3063,59800,285279,26395977,473177,1297,2709,4083707,75061,56,54660235,1014858
"2020-07-23",136501,1070,12933,10423,2373,59860,282216,25922800,468926,1280,2467,4008646,71436,56,53645377,939239
"2020-07-22",135431,1149,12790,10460,2238,59758,279843,25453874,410868,1258,2444,3937210,69422,56,52706138,909265
"2020-07-21",134282,1041,12629,6717,2551,59476,277605,25043006,360741,1242,2414,3867788,62920,56,51796873,834889
"2020-07-20",133241,376,12475,6551,1563,58518,275054,24682265,369701,1223,2403,3804868,56663,56,50961984,741162
"2020-07-19",132865,527,12393,6384,888,58052,273491,24312564,405435,1216,2362,3748205,64230,56,50220822,802635
"2020-07-18",132338,876,12342,6397,1992,57822,272603,23907129,355850,1211,2343,3683975,64750,56,49418187,860699
"2020-07-17",131462,939,12243,6451,2485,57871,270611,23551279,420833,1200,2352,3619225,76524,56,48557488,939851
"2020-07-16",130523,941,12091,6349,2210,57602,268126,23130446,432515,1175,2314,3542701,70489,56,47617637,949756
"2020-07-15",129582,863,12002,6328,2388,56340,265916,22697931,416286,1166,2322,3472212,69373,56,46667881,916879
"2020-07-14",128719,741,11857,6238,2246,55678,263528,22281645,383078,1154,2263,3402839,58609,56,45751002,850964
"2020-07-13",127978,329,11749,6063,1120,54118,261282,21898567,337758,1142,2254,3344230,57160,56,44900038,755669
"2020-07-12",127649,472,11679,5930,894,52860,260162,21560809,399792,1136,2182,3287070,61605,56,44144369,821351
"2020-07-11",127177,755,11612,5939,5088,51982,259268,21161017,368719,1128,2169,3225465,62569,56,43323018,824020
"2020-07-10",126422,839,11523,5899,2196,51724,254180,20792298,406788,1118,2192,3162896,67111,56,42498998,905374
"2020-07-09",125583,863,11370,5843,1661,44051,251984,20385510,411905,1138,2129,3095785,59062,56,41593624,850156
"2020-07-08",124720,819,11303,5872,1890,43207,250323,19973605,336162,1103,2167,3036723,62813,56,40743468,784826
"2020-07-07",123901,905,11177,5838,1976,41949,248433,19637443,301351,1084,2102,2973910,50990,56,39958642,735536
"2020-07-06",122996,237,11058,5678,762,39960,246457,19336092,244479,1070,2104,2922920,40925,56,39223106,650271
"2020-07-05",122759,209,11010,5653,582,38872,245695,19091613,321291,1064,2080,2881995,45334,56,38572835,643685
"2020-07-04",122550,296,10977,5633,872,38281,245113,18770322,311088,1063,1982,2836661,54881,56,37929150,682206
"2020-07-03",122254,603,10936,5597,1358,37927,244241,18459234,365468,1059,2049,2781780,54199,56,37246944,787952
"2020-07-02",121651,699,10843,5636,1697,37646,242883,18093766,353717,1041,2104,2727581,53511,56,36458992,779577
"2020-07-01",120952,698,10752,5492,1429,36526,241186,17740049,349596,1027,2099,2674070,51046,56,35679415,738472
"2020-06-30",120254,579,10669,5426,1473,35337,239757,17390453,331248,1008,2044,2623024,47010,56,34940943,716184
"2020-06-29",119675,336,10542,5389,731,33742,238284,17059205,362304,990,2021,2576014,39398,56,34224759,675879
"2020-06-28",119339,273,10473,5252,547,32575,237553,16696901,300531,983,2077,2536616,41745,56,33548880,610384
"2020-06-27",119066,508,10415,5314,1058,32566,237006,16396370,303524,977,2159,2494871,43058,56,32938496,717648
"2020-06-26",118558,618,10334,5290,1542,31850,235948,16092846,330949,966,2069,2451813,44340,56,32220848,796499
"2020-06-25",117940,648,10257,5319,1296,31922,234406,15761897,345056,951,2214,2407473,39707,56,31424349,710078
"2020-06-24",117292,704,10173,5292,1246,31270,233110,15416841,276303,934,2247,2367766,39117,56,30714271,561704
"2020-06-23",116588,724,10077,5392,1271,30355,231864,15140538,230594,918,2292,2328649,33447,56,30152567,661579
"2020-06-22",115864,288,10002,5325,824,28963,230593,14909944,231859,909,2301,2295202,26829,56,29490988,493615
"2020-06-21",115576,293,9944,5195,519,28325,229769,14678085,242305,904,2321,2268373,29188,56,28997373,502364
"2020-06-20",115283,615,9908,5229,699,28084,229250,14435780,282338,888,2380,2239185,32236,56,28495009,609993
"2020-06-19",114668,652,9876,5337,1578,28693,228551,14153442,342200,884,2433,2206949,30865,56,27885016,656946
"2020-06-18",114016,682,9736,5472,1108,28538,226973,13811242,254224,869,2518,2176084,27042,56,27228070,558903
"2020-06-17",113334,780,9665,5608,1077,28647,225865,13557018,274054,857,2584,2149042,24153,56,26669167,558467
"2020-06-16",112554,720,9590,5570,1184,28370,224788,13282964,249410,845,2591,2124889,22838,56,26110700,505403
"2020-06-15",111834,385,9516,5700,664,28034,223604,13033554,233173,835,2636,2102051,18255,56,25605297,448589
"2020-06-14",111449,355,9466,5749,610,28020,222940,12800381,249016,834,2716,2083796,21658,56,25156708,480299
"2020-06-13",111094,694,9430,5883,954,28578,222330,12551365,271264,830,2726,2062138,25453,56,24676409,542347
"2020-06-12",110400,766,9373,6009,1376,29306,221376,12280101,367157,814,2738,2036685,23141,56,24134062,628532
"2020-06-11",109634,896,9295,6075,1526,29850,220000,11912944,228008,792,2885,2013544,21991,56,23505530,486437
"2020-06-10",108738,893,9225,6256,1239,30961,218474,11684936,228219,780,3022,1991553,20880,56,23019093,482269
"2020-06-09",107845,886,9141,6453,1279,31179,217235,11456717,224509,771,3088,1970673,16916,56,22536824,455278
"2020-06-08",106959,675,9013,6398,1071,31105,215956,11232208,199434,762,3238,1953757,16923,56,22081546,406502
"2020-06-07",106284,447,8957,6501,655,31490,214885,11032774,251709,753,3298,1936834,19056,56,21675044,433033
"2020-06-06",105837,714,8920,6762,989,31994,214230,10781065,300867,750,3476,1917778,22746,56,21242011,568044
"2020-06-05",105123,835,8863,6921,1518,32502,213241,10480198,299258,740,3520,1895032,23050,56,20673967,613366
"2020-06-04",104288,883,8787,7044,-2856,32802,211723,10180940,256080,723,3662,1871982,20477,56,20060601,505813
"2020-06-03",103405,975,8688,7229,2145,33227,214579,9924860,263199,717,3754,1851505,20182,56,19554788,503370
"2020-06-02",102430,971,8566,7410,1735,33956,212434,9661661,237025,710,3854,1831323,19879,56,19051418,460691
"2020-06-01",101459,679,8485,7592,2862,34325,210699,9424636,223825,704,3950,1811444,20101,56,18590727,418259
"2020-05-31",100780,655,8445,7625,895,34925,207837,9200811,209610,704,3669,1791343,21641,56,18172468,427109
"2020-05-30",100125,923,8305,7960,1421,35759,206942,8991201,241884,698,4008,1769702,23596,56,17745359,454146
"2020-05-29",99202,1174,8235,8170,1571,36942,205521,8749317,268204,689,4028,1746106,23618,56,17291213,535797
"2020-05-28",98028,1235,8109,8392,1594,38000,203950,8481113,259250,676,4079,1722488,22799,56,16755416,490016
"2020-05-27",96793,1335,8015,8552,1561,38300,202356,8221863,214726,666,4223,1699689,19172,56,16265400,425917
"2020-05-26",95458,665,7899,8580,17287,37751,200795,8007137,162320,650,4221,1680517,16690,56,15839483,316497
"2020-05-25",94793,556,7847,8467,898,37703,183508,7844817,228459,642,4232,1663827,18555,56,15522986,411853
"2020-05-24",94237,688,7801,8491,1028,37742,182610,7616358,190971,639,4380,1645272,19062,56,15111133,388719
"2020-05-23",93549,1040,7770,8739,1385,38625,181582,7425387,201532,638,4621,1626210,22561,56,14722414,452354
"2020-05-22",92509,1290,7689,9042,3949,40008,180197,7223855,247587,633,4714,1603649,24115,56,14270060,453236
"2020-05-21",91219,1380,7412,9092,4547,41359,176248,6976268,303576,616,4871,1579534,26831,56,13816824,506320
"2020-05-20",89839,1397,7319,9522,1756,41856,171701,6672692,245484,613,4907,1552703,21293,56,13310504,465041
"2020-05-19",88442,1317,7217,9598,1548,42023,169945,6427208,230957,606,5032,1531410,20687,56,12845463,421683
"2020-05-18",87125,854,7064,9748,1132,41940,168397,6196251,189113,602,5260,1510723,20597,56,12423780,350063
"2020-05-17",86271,873,7003,9945,1134,42019,167265,6007138,196357,593,5467,1490126,20436,56,12073717,351224
"2020-05-16",85398,1237,6945,10276,1796,43515,166131,5810781,193950,592,5532,1469690,23743,56,11722493,385388
"2020-05-15",84161,1538,6890,10476,1314,44553,164335,5616831,195461,589,5744,1445947,25490,56,11337105,407466
"2020-05-14",82623,1853,6795,10655,3160,45923,163021,5421370,203478,582,5940,1420457,26773,56,10929639,389567
"2020-05-13",80770,1730,6713,10991,1786,46921,159861,5217892,178771,572,6164,1393684,21500,56,10540072,342370
"2020-05-12",79040,1509,6585,11241,1486,47343,158075,5039121,174820,559,6350,1372184,22442,56,10197702,343475
"2020-05-11",77531,891,6488,11153,1374,46550,156589,4864301,251302,551,6349,1349742,18140,56,9854227,372212
"2020-05-10",76640,1035,6445,11382,1043,46735,155215,4612999,141794,547,6392,1331602,21116,56,9482015,276040
"2020-05-09",75605,1456,6367,11504,1680,48581,154172,4471205,160818,543,6550,1310486,25320,56,9205975,319941
"2020-05-08",74149,1784,6294,11786,6230,49770,152492,4310387,158802,531,6793,1285166,27197,56,8886034,312403
"2020-05-07",72365,2748,5174,12135,4191,51445,146262,4151585,145307,529,7067,1257969,27229,56,8573631,327261
"2020-05-06",69617,1918,4911,12480,2154,52609,142071,4006278,146062,449,4758,1230740,25256,56,8246370,290370
"2020-05-05",67699,2490,4794,12620,1932,53164,139917,3860216,146546,439,4810,1205484,22344,56,7956000,282550
"2020-05-04",65209,1028,4579,12701,1765,52375,137985,3713670,122137,430,4852,1183140,22195,56,7673450,231177
"2020-05-03",64181,1248,4502,12724,1855,52623,136220,3591533,138204,425,4762,1160945,25789,56,7442273,237719
"2020-05-02",62933,1527,4386,12904,1995,54008,134365,3453329,122506,375,4846,1135156,29196,56,7204554,267778
"2020-05-01",61406,1809,4300,12861,9874,54897,132370,3330823,146618,376,4712,1105960,32808,56,6936776,283769
"2020-04-30",59597,2160,4192,13246,2382,54905,122496,3184205,126428,373,4708,1073152,30046,56,6653007,275532
"2020-04-29",57437,2676,4093,13550,2946,56009,120114,3057777,128582,365,4803,1043106,26176,56,6377475,256326
"2020-04-28",54761,2078,3798,13562,2014,56034,117168,2929195,114236,252,4760,1016930,25234,56,6121149,224357
"2020-04-27",52683,1290,3720,13812,2245,56183,115154,2814959,94811,252,4867,991696,22407,56,5896792,191385
"2020-04-26",51393,1219,2571,14093,2215,56161,112909,2720148,110791,227,5119,969289,27314,56,5705407,202703
"2020-04-25",50174,1629,2516,14411,2297,57340,110694,2609357,142776,227,5266,941975,35734,56,5502704,274315
"2020-04-24",48545,1974,2468,14623,2388,57370,108397,2466581,125303,227,5194,906241,34226,56,5228389,241130
"2020-04-23",46571,1809,2428,14737,2820,59214,106009,2341278,101935,227,5463,872015,31953,56,4987259,213073
"2020-04-22",44762,2085,2370,15016,3086,59207,103189,2239343,-176851,227,5474,840062,29176,56,4774186,342986
"2020-04-21",42677,2479,2315,14945,2736,59779,100103,2416194,89917,214,5514,810886,26039,56,4431200,167784
"2020-04-20",40198,1816,2193,14463,2309,56721,97367,2326277,88392,214,5569,784847,25967,56,4263416,145474
"2020-04-19",38382,1763,2145,14385,2177,56497,95058,2237885,88031,214,5603,758880,27523,56,4117942,147507
"2020-04-18",36619,1895,2096,14764,3440,57799,92881,2149854,87977,205,5733,731357,27950,56,3970435,168138
"2020-04-17",34724,2118,2052,14910,3366,58892,89441,2061877,86579,187,6098,703407,31984,56,3802297,168553
"2020-04-16",32606,2194,1834,15136,3172,59496,86075,1975298,99209,176,5940,671423,31527,56,3633744,182050
"2020-04-15",30412,2545,1783,14639,3502,59930,82903,1876089,77893,223,6033,639896,29921,56,3451694,151658
"2020-04-14",27867,2352,1715,14047,3172,59610,79401,1798196,86930,221,5981,609975,25874,56,3300036,159086
"2020-04-13",25515,1633,1622,13605,4491,56211,76229,1711266,80318,208,6170,584101,24281,56,3140950,125399
"2020-04-12",23882,1700,1449,13597,3322,55294,71738,1630948,85868,158,5962,559820,28115,56,3015551,139414
"2020-04-11",22182,2075,1399,13293,3735,55563,68416,1545080,80262,152,5986,531705,31263,56,2876137,148501
"2020-04-10",20107,2083,1179,12693,4911,53167,64681,1464818,79952,39,5937,500442,33608,56,2727636,159363
"2020-04-09",18024,2051,918,12445,3829,51323,59770,1384866,105212,39,5798,466834,35116,56,2568273,175468
"2020-04-08",15973,2003,862,10276,4387,45359,55941,1279654,83214,39,4142,431718,30959,56,2392805,164031
"2020-04-07",13970,2038,738,9978,2931,43849,51554,1196440,95751,43,4047,400759,30476,56,2228774,165633
"2020-04-06",11932,1314,663,7079,2962,36159,48623,1100689,84223,39,2961,370283,28243,56,2063141,138816
"2020-04-05",10618,1342,609,5811,3953,32180,45661,1016466,66785,39,650,342040,25910,56,1924325,122487
"2020-04-04",9276,1478,403,5500,4993,30456,41708,949681,165365,39,656,316130,33058,56,1801838,232763
"2020-04-03",7798,1287,335,4928,4621,25723,36715,784316,69075,39,623,283072,31890,56,1569075,139887
"2020-04-02",6511,1175,305,4513,4164,22995,32094,715241,63918,32,576,251182,28063,56,1429188,127024
"2020-04-01",5336,1006,256,3937,4148,20906,27930,651323,61220,32,561,223119,26271,56,1302164,119831
"2020-03-31",4330,908,230,3487,3995,18155,23782,590103,61481,,506,196848,24937,56,1182333,115523
"2020-03-30",3422,585,187,3087,2473,15892,19787,528622,65019,,449,171911,21202,56,1066810,102617
"2020-03-29",2837,505,156,2456,2797,14055,17314,463603,50961,,433,150709,19664,56,964193,84322
"2020-03-28",2332,551,140,2174,2406,12393,14517,412642,80193,,390,131045,19771,56,879871,111097
"2020-03-27",1781,410,124,1792,2589,10887,12111,332449,57841,,293,111274,19254,56,768774,99768
"2020-03-26",1371,313,91,1299,2449,7805,9522,274608,53747,,258,92020,17616,56,669006,105887
"2020-03-25",1058,241,74,,1954,5140,7073,220861,40829,,167,74404,12631,56,563119,82630
"2020-03-24",817,236,,,1186,3938,5119,180032,44338,,,61773,10882,56,480489,80112
"2020-03-23",581,101,,,950,2812,3933,135694,27443,,,50891,11192,56,400377,59774
"2020-03-22",480,145,,,962,2173,2983,108251,16832,,,39699,9223,56,340603,50755
"2020-03-21",335,62,,,1849,1492,2021,91419,26304,,,30476,6932,56,289848,56045
"2020-03-20",273,70,,,44,1042,172,65115,13894,,,23544,6102,56,233803,47818
"2020-03-19",203,51,,,34,617,128,51221,11922,,,17442,4614,56,185985,39641
"2020-03-18",152,28,,,18,416,94,39299,8022,,,12828,3357,56,146344,32717
"2020-03-17",124,24,,,33,325,76,31277,7448,,,9471,2088,56,113627,26700
"2020-03-16",100,21,,,6,,43,23829,12909,,,7383,1715,56,86927,25106
"2020-03-15",79,15,,,10,,37,10920,2833,,,5668,1289,51,61821,10228
"2020-03-14",64,8,,,4,,27,8087,1810,,,4379,1025,51,51593,10159
"2020-03-13",56,5,,,6,,23,6277,1305,,,3354,843,51,41434,10114
"2020-03-12",51,8,,,5,,17,4972,1174,,,2511,683,51,31320,7008
"2020-03-11",43,6,,,3,,12,3798,1159,,,1828,420,51,24312,4690
"2020-03-10",37,2,,,0,,9,2639,565,,,1408,388,51,19622,3235
"2020-03-09",35,4,,,3,,9,2074,481,,,1020,276,51,16387,2170
"2020-03-08",31,4,,,0,,6,1593,231,,,744,170,51,14217,1183
"2020-03-07",27,1,,,0,,6,1362,261,,,574,137,51,13034,995
"2020-03-06",26,6,,,1,,6,1101,209,,,437,132,39,12039,2241
"2020-03-05",20,4,,,1,,5,892,187,,,305,65,31,9798,1596
"2020-03-04",16,2,,,4,,4,705,700,,,240,126,25,8202,1031
"2020-03-03",14,3,,,0,,,5,2,,,114,42,15,7171,298
"2020-03-02",11,3,,,0,,,3,1,,,72,30,11,6873,212
"2020-03-01",8,3,,,0,,,2,2,,,42,24,10,6661,109
"2020-02-29",5,1,,,0,,,,0,,,18,3,7,6552,62
"2020-02-28",4,2,,,0,,,,0,,,15,2,7,6490,3
"2020-02-27",2,0,,,0,,,,0,,,13,1,7,6487,6446
"2020-02-26",2,2,,,0,,,,0,,,12,2,6,41,0
"2020-02-25",0,0,,,0,,,,0,,,10,1,6,41,1
"2020-02-24",0,0,,,0,,,,0,,,9,1,6,40,2
"2020-02-23",0,0,,,0,,,,0,,,8,1,6,38,0
"2020-02-22",0,0,,,0,,,,0,,,7,0,6,38,1
"2020-02-21",0,0,,,0,,,,0,,,7,0,6,37,1
"2020-02-20",0,0,,,0,,,,0,,,7,0,6,36,1
"2020-02-19",0,0,,,0,,,,0,,,7,0,6,35,6
"2020-02-18",0,0,,,0,,,,0,,,7,0,6,29,0
"2020-02-17",0,0,,,0,,,,0,,,7,0,6,29,1
"2020-02-16",0,0,,,0,,,,0,,,7,0,6,28,2
"2020-02-15",0,0,,,0,,,,0,,,7,0,6,26,4
"2020-02-14",0,0,,,0,,,,0,,,7,1,5,22,0
"2020-02-13",0,0,,,0,,,,0,,,6,1,5,22,1
"2020-02-12",0,0,,,0,,,,0,,,5,0,5,21,1
"2020-02-11",0,0,,,0,,,,0,,,5,0,5,20,1
"2020-02-10",0,0,,,0,,,,0,,,5,0,5,19,1
"2020-02-09",,0,,,0,,,,0,,,5,0,4,18,0
"2020-02-08",,0,,,0,,,,0,,,5,0,4,18,2
"2020-02-07",,0,,,0,,,,0,,,5,0,4,16,0
"2020-02-06",,0,,,0,,,,0,,,5,2,4,16,1
"2020-02-05",,0,,,0,,,,0,,,3,0,4,15,0
"2020-02-04",,0,,,0,,,,0,,,3,0,4,15,4
"2020-02-03",,0,,,0,,,,0,,,3,1,4,11,3
"2020-02-02",,0,,,0,,,,0,,,2,0,4,8,0
"2020-02-01",,0,,,0,,,,0,,,2,0,4,8,0
"2020-01-31",,0,,,0,,,,0,,,2,0,4,8,3
"2020-01-30",,0,,,0,,,,0,,,2,0,4,5,0
"2020-01-29",,0,,,0,,,,0,,,2,0,4,5,2
"2020-01-28",,0,,,0,,,,0,,,2,0,3,3,0
"2020-01-27",,0,,,0,,,,0,,,2,0,3,3,1
"2020-01-26",,0,,,0,,,,0,,,2,0,2,2,0
"2020-01-25",,0,,,0,,,,0,,,2,0,2,2,0
"2020-01-24",,0,,,0,,,,0,,,2,0,2,2,0
"2020-01-23",,0,,,0,,,,0,,,2,0,2,2,1
"2020-01-22",,0,,,0,,,,0,,,2,0,2,1,1
"2020-01-21",,0,,,0,,,,0,,,2,1,1,0,0
"2020-01-20",,0,,,0,,,,0,,,1,0,1,0,0
"2020-01-19",,0,,,0,,,,0,,,1,1,1,0,0
"2020-01-18",,0,,,0,,,,0,,,0,0,1,0,0
"2020-01-17",,0,,,0,,,,0,,,0,0,1,0,0
"2020-01-16",,0,,,0,,,,0,,,0,0,1,0,0
"2020-01-15",,0,,,0,,,,0,,,0,0,1,0,0
"2020-01-14",,0,,,0,,,,0,,,0,0,1,0,0
"2020-01-13",,0,,,0,,,,0,,,,0,1,0,0