date,ILITOTAL,% WEIGHTED ILI,%UNWEIGHTED ILI,AGE 0-4,AGE 5-24,NUM. OF PROVIDERS,TOTAL PATIENTS
9/30/2002,2060,1.22262,1.16668,582,805,754,176569
10/7/2002,2267,1.33344,1.2165,683,872,785,186355
10/14/2002,2176,1.31929,1.13057,642,878,831,192469
10/21/2002,2599,1.49484,1.25246,728,1045,863,207512
10/28/2002,2907,1.47195,1.30237,823,1189,909,223208
11/4/2002,3225,1.58094,1.40551,887,1272,930,229454
11/11/2002,3097,1.49426,1.38437,851,1173,923,223712
11/18/2002,2967,1.40569,1.32563,802,1166,922,223818
11/25/2002,2709,1.6141,1.43475,834,978,918,188814
12/2/2002,3049,1.45967,1.25433,857,1117,937,243078
12/9/2002,2957,1.59896,1.25757,804,1179,928,235136
12/16/2002,3416,2.16697,1.58017,951,1404,908,216179
12/23/2002,2857,2.57842,1.98008,915,937,865,144287
12/30/2002,3260,2.38636,1.90428,1028,1019,879,171193
1/6/2003,3729,1.73621,1.5901,1068,1296,926,234513
1/13/2003,4204,2.06296,1.81559,1154,1798,902,231550
1/20/2003,5696,2.58113,2.41801,1373,2998,927,235566
1/27/2003,7079,2.93909,2.86635,1411,4064,884,246969
2/3/2003,7782,3.22539,3.16662,1606,4447,889,245751
2/10/2003,7649,3.06982,3.0155,1568,4224,903,253656
2/17/2003,7228,3.20044,2.9978,1694,3689,871,241110
2/24/2003,5606,2.44888,2.31957,1336,2583,857,241683
3/3/2003,4450,2.1344,1.94707,1015,2103,839,228549
3/10/2003,3810,1.99866,1.72985,880,1669,835,220250
3/17/2003,2987,1.93849,1.51837,737,1321,795,196724
3/24/2003,2439,1.41293,1.22616,624,1016,775,198913
3/31/2003,2028,1.23472,1.05433,506,846,741,192349
4/7/2003,2082,1.20005,1.07108,569,799,735,194383
4/14/2003,1467,0.910135,0.82612,440,539,669,177577
4/21/2003,1445,0.932265,0.820505,429,508,682,176111
4/28/2003,1075,0.692175,0.630846,275,444,655,170406
5/5/2003,1005,0.669406,0.63935,215,471,613,157191
5/12/2003,836,0.727705,0.586609,248,283,547,142514
5/19/2003,740,0.717701,0.773024,264,262,406,95728
5/26/2003,641,0.789394,0.790743,213,205,393,81063
6/2/2003,563,0.722129,0.711847,201,195,344,79090
6/9/2003,620,0.591326,0.794637,198,187,341,78023
6/16/2003,423,0.52307,0.586604,139,123,322,72110
6/23/2003,441,0.450236,0.615982,122,124,322,71593
6/30/2003,318,0.397421,0.491507,109,91,310,64699
7/7/2003,441,0.448002,0.604341,137,141,308,72972
7/14/2003,365,0.474767,0.524478,98,98,301,69593
7/21/2003,420,0.453251,0.590692,112,139,302,71103
7/28/2003,361,0.352158,0.505135,100,120,290,71466
8/4/2003,443,0.525322,0.634271,136,125,295,69844
8/11/2003,421,0.492991,0.610118,120,131,283,69003
8/18/2003,450,0.542728,0.641227,159,144,277,70178
8/25/2003,463,0.490347,0.661429,166,155,276,70000
9/1/2003,519,0.735914,0.792681,177,182,271,65474
9/8/2003,475,0.581771,0.639059,145,184,267,74328
9/15/2003,461,0.654162,0.636732,136,183,264,72401
9/22/2003,533,0.749504,0.747829,135,221,268,71273
9/29/2003,2442,0.884021,0.960873,808,881,830,254144
10/6/2003,2932,1.02773,1.04325,913,1132,931,281045
10/13/2003,3031,1.28296,1.0545,878,1147,974,287436
10/20/2003,3475,1.32661,1.11231,1006,1369,1007,312412
10/27/2003,4690,1.77304,1.41274,1207,2080,1074,331980
11/3/2003,5790,2.43814,1.72703,1542,2735,1111,335258
11/10/2003,8385,2.72605,2.407,2185,4133,1141,348359
11/17/2003,11141,3.73192,3.10962,2561,5684,1129,358275
11/24/2003,11742,4.54894,4.30779,3247,4933,1118,272576
12/1/2003,18948,5.39906,4.8303,4734,7817,1189,392274
12/8/2003,24962,7.38735,6.42905,6620,11550,1173,388269
12/15/2003,23699,7.48097,6.86734,6434,9851,1148,345097
12/22/2003,16415,7.62797,7.06496,5336,5231,1122,232344
12/29/2003,11332,5.14051,4.55115,3391,2894,1139,248992
12/29/2003,7602,2.89129,2.41833,1930,2299,1160,314349
1/5/2004,5583,2.10429,1.80906,1679,1857,1141,308614
1/12/2004,4961,1.88696,1.71202,1721,1604,1084,289774
1/19/2004,4436,1.7766,1.5425,1487,1543,1071,287586
1/26/2004,4251,1.46001,1.43787,1454,1448,1054,295646
2/2/2004,3824,1.37787,1.32427,1420,1297,986,288762
2/9/2004,3691,1.30532,1.30726,1301,1255,1004,282347
2/16/2004,2916,1.08691,1.03698,956,1038,948,281202
2/23/2004,2744,0.991888,1.01032,925,910,894,271597
3/1/2004,2708,1.02765,1.05249,878,888,897,257294
3/8/2004,2487,1.0579,1.02009,730,826,849,243802
3/15/2004,2300,0.849361,0.924419,760,733,859,248805
3/22/2004,1858,0.747127,0.790645,610,611,828,234998
3/29/2004,1705,0.661708,0.80261,583,566,774,212432
4/5/2004,1749,0.679514,0.83613,545,573,755,209178
4/12/2004,1615,0.633071,0.792436,501,511,679,203802
4/19/2004,1331,0.569894,0.683588,470,404,658,194708
4/26/2004,1394,0.591357,0.757452,435,491,629,184038
5/3/2004,1327,0.589044,0.788585,449,443,599,168276
5/10/2004,1262,0.67864,0.812171,451,380,553,155386
5/17/2004,1070,0.637558,0.804463,375,349,463,133008
5/24/2004,1061,0.813309,0.877701,391,308,452,120884
5/31/2004,987,0.834551,0.741453,355,309,443,133117
6/7/2004,851,0.616174,0.661022,307,240,426,128740
6/14/2004,887,0.513286,0.715109,277,284,423,124037
6/21/2004,698,0.351881,0.562241,238,183,408,124146
6/28/2004,710,0.542621,0.786808,233,205,381,90238
7/5/2004,836,0.581036,0.860658,249,280,378,97135
7/12/2004,659,0.495486,0.689944,259,200,370,95515
7/19/2004,719,0.61209,0.779691,260,230,363,92216
7/26/2004,733,0.531491,0.628144,213,235,345,116693
8/2/2004,809,0.519987,0.902459,243,256,334,89644
8/9/2004,770,0.574476,0.806443,256,256,335,95481
8/16/2004,799,0.663175,0.874888,259,265,333,91326
8/23/2004,960,0.614691,0.993213,279,358,326,96656
8/30/2004,913,0.656823,0.876141,281,309,337,104207
9/6/2004,1122,0.723016,0.948092,342,413,341,118343
9/13/2004,1089,0.691857,0.926943,322,416,336,117483
9/20/2004,1116,0.782758,0.971643,333,382,364,114857
9/27/2004,3171,0.982275,0.897159,877,1256,1176,353449
10/4/2004,3631,1.01821,1.02248,1071,1373,1187,355116
10/11/2004,4019,1.1768,1.06296,1240,1534,1267,378094
10/18/2004,4369,1.30121,1.14696,1190,1671,1293,380921
10/25/2004,4551,1.27746,1.20495,1327,1718,1302,377692
11/1/2004,4969,1.40387,1.30517,1497,1874,1344,380718
11/8/2004,4983,1.40301,1.28699,1531,1874,1336,387182
11/15/2004,4713,1.73975,1.59468,1490,1678,1341,295546
11/22/2004,5407,1.56894,1.39714,1538,2059,1369,387004
11/29/2004,5428,1.65927,1.44996,1551,2052,1346,374356
12/6/2004,5755,1.81341,1.61745,1670,2071,1379,355806
12/13/2004,5689,2.37626,2.19112,1856,1807,1288,259639
12/20/2004,7279,2.77052,2.56649,2252,1993,1332,283617
12/27/2004,8041,2.40064,2.17645,2010,2450,1383,369455
1/3/2005,8323,2.54155,2.20171,2188,2982,1342,378024
1/10/2005,9328,2.85871,2.53012,2199,3682,1348,368678
1/17/2005,12422,3.55011,3.06524,2747,5364,1334,405254
1/24/2005,16192,4.58591,3.98061,3086,7650,1303,406772
1/31/2005,19369,5.05809,4.59568,3626,8854,1324,421461
2/7/2005,19931,5.44151,4.75197,3834,8400,1330,419426
2/14/2005,16630,4.4729,4.17962,3720,6759,1280,397883
2/21/2005,13234,3.6752,3.45359,2997,5343,1268,383196
2/28/2005,11601,3.3353,3.15852,2728,4494,1227,367292
3/7/2005,9502,2.76224,2.6732,2416,3513,1185,355454
3/14/2005,7900,2.46844,2.35161,2145,2771,1148,335940
3/21/2005,6329,2.00081,1.89243,1827,2133,1103,334438
3/28/2005,4816,1.54319,1.5249,1422,1737,1048,315823
4/4/2005,4445,1.50195,1.41134,1356,1603,1000,314948
4/11/2005,3825,1.22918,1.25068,1096,1469,978,305833
4/18/2005,3646,1.21854,1.20702,1117,1411,971,302065
4/25/2005,2990,1.15832,1.07895,903,1136,923,277120
5/2/2005,3012,1.249,1.14521,979,1115,878,263009
5/9/2005,2531,1.16888,1.06124,805,926,825,238494
5/16/2005,2056,1.07888,1.0568,687,695,687,194550
5/23/2005,2099,1.23059,1.25193,693,678,637,167661
5/30/2005,1744,1.14747,1.01419,548,594,603,171960
6/6/2005,1614,1.00254,1.04197,573,507,582,154899
6/13/2005,1628,0.957569,0.954027,580,507,587,170645
6/20/2005,1359,0.894837,0.84823,497,452,550,160216
6/27/2005,1198,0.798205,0.841872,426,390,533,142302
7/4/2005,1148,0.757812,0.730894,389,361,524,157068
7/11/2005,1068,0.825963,0.713432,333,364,507,149699
7/18/2005,990,0.744927,0.670677,328,327,492,147612
7/25/2005,982,0.787049,0.689278,331,326,488,142468
8/1/2005,1023,0.684724,0.704929,319,350,479,145121
8/8/2005,928,0.747361,0.615903,330,326,480,150673
8/15/2005,922,0.673974,0.609426,292,311,428,151290
8/22/2005,1033,0.869662,0.680259,342,367,420,151854
8/29/2005,1061,0.899529,0.775488,338,396,416,136817
9/5/2005,1026,0.854635,0.683421,302,383,408,150127
9/12/2005,1219,1.01123,0.781075,368,516,419,156067
9/19/2005,1204,0.977808,0.806943,381,484,447,149205
9/26/2005,3586,1.17778,1.07635,1172,1256,1113,333164
10/3/2005,3582,1.21947,1.05869,1285,1247,1160,338343
10/10/2005,4122,1.3069,1.11523,1393,1525,1216,369609
10/17/2005,4248,1.33931,1.12381,1439,1599,1237,377999
10/24/2005,5005,1.58374,1.25489,1639,1894,1280,398840
10/31/2005,5038,1.47072,1.33661,1563,1929,1272,376924
11/7/2005,5276,1.6112,1.37864,1679,1951,1277,382697
11/14/2005,4802,1.82699,1.60829,1666,1593,1301,298578
11/21/2005,5966,1.77482,1.48311,1858,2176,1325,402264
11/28/2005,6371,1.94451,1.65374,1987,2463,1328,385248
12/5/2005,7697,2.35512,2.00679,2241,3063,1318,383548
12/12/2005,8577,3.10878,2.56857,2696,3058,1287,333921
12/19/2005,8842,3.28238,3.05278,2678,2561,1273,289638
12/26/2005,8339,2.62914,2.42504,2422,2366,1319,343871
1/2/2006,7882,2.2515,2.00195,2272,2921,1339,393716
1/9/2006,7858,2.35858,2.05869,2249,3150,1297,381699
1/16/2006,9114,2.41881,2.21277,2643,3646,1331,411882
1/23/2006,9551,2.52752,2.3222,2612,4153,1320,411291
1/30/2006,10427,2.64954,2.49279,2754,4593,1311,418286
2/6/2006,11226,3.12935,2.79489,2624,4979,1288,401661
2/13/2006,11901,3.12442,2.96911,2753,5284,1288,400827
2/20/2006,11343,3.13099,2.83959,2579,5008,1275,399459
2/27/2006,11261,3.08261,2.77799,2564,5106,1257,405365
3/6/2006,9322,2.64431,2.47287,2330,4154,1241,376971
3/13/2006,8064,2.42295,2.18061,1895,3709,1217,369804
3/20/2006,7313,2.31141,2.0168,1697,3393,1165,362605
3/27/2006,5738,1.86383,1.64101,1437,2660,1133,349662
4/3/2006,4547,1.44943,1.35829,1181,2014,1087,334760
4/10/2006,3550,1.30227,1.1428,959,1479,1045,310641
4/17/2006,3177,1.13459,1.04031,836,1382,1017,305389
4/24/2006,2780,1.06255,0.964347,745,1208,958,288278
5/1/2006,2592,1.03428,0.937982,745,1039,919,276338
5/8/2006,2428,1.01791,0.947449,715,969,877,256267
5/15/2006,2061,0.918151,0.891918,699,764,783,231075
5/22/2006,1645,0.93099,0.864643,572,561,649,190252
5/29/2006,2075,0.857294,0.97032,754,626,635,213847
6/5/2006,1430,0.786294,0.84439,514,447,615,169353
6/12/2006,1300,0.719426,0.77487,463,409,610,167770
6/19/2006,1271,0.718868,0.821372,466,390,572,154741
6/26/2006,1215,0.774807,0.872745,437,402,565,139216
7/3/2006,1617,0.76598,0.922635,549,511,577,175259
7/10/2006,1553,0.642809,0.899487,541,440,564,172654
7/17/2006,1455,0.622033,0.843082,502,403,564,172581
7/24/2006,1428,0.616326,0.881824,508,430,551,161937
7/31/2006,1373,0.685694,0.817145,473,435,547,168024
8/7/2006,1457,0.622697,0.8715,510,466,536,167183
8/14/2006,1138,0.611817,0.738621,404,379,503,154071
8/21/2006,1224,0.638831,0.797966,398,457,488,153390
8/28/2006,1463,0.806627,1.01394,492,506,491,144289
9/4/2006,1406,0.762448,0.880936,446,521,487,159603
9/11/2006,1487,0.813406,0.943366,511,534,455,157627
9/18/2006,1433,0.807934,0.891546,476,512,469,160732
9/25/2006,4513,1.15384,1.20322,1434,1699,1323,375076
10/2/2006,4072,1.14819,1.05788,1278,1602,1361,384920
10/9/2006,4737,1.22736,1.13054,1543,1830,1425,419005
10/16/2006,4888,1.21744,1.12552,1582,1996,1445,434287
10/23/2006,5380,1.32813,1.20808,1672,2270,1473,445334
10/30/2006,6139,1.47754,1.34952,2112,2393,1497,454901
11/6/2006,6668,1.5339,1.4689,2355,2681,1474,453945
11/13/2006,6156,1.91269,1.82767,2188,2202,1488,336822
11/20/2006,7530,1.838,1.6656,2573,2792,1486,452089
11/27/2006,8122,1.95376,1.85968,2643,3244,1493,436741
12/4/2006,10396,2.40407,2.38891,3270,4470,1492,435177
12/11/2006,10192,2.87453,2.78978,3387,4065,1435,365334
12/18/2006,8913,3.02597,3.11549,3243,2868,1359,286087
12/25/2006,8386,2.37817,2.26942,2927,2481,1490,369521
1/1/2007,7761,2.09232,1.86355,2507,2756,1467,416464
1/8/2007,7909,2.29396,1.99986,2548,3248,1470,395477
1/15/2007,10888,2.74501,2.4406,3410,4684,1495,446119
1/22/2007,12120,3.04434,2.83018,3456,5648,1472,428241
1/29/2007,14197,3.49999,3.12343,3840,6995,1484,454533
2/5/2007,14031,3.57851,3.27019,3879,6668,1461,429057
2/12/2007,14048,3.28979,3.17757,3728,6537,1460,442099
2/19/2007,11801,2.89149,2.72364,3016,5429,1428,433281
2/26/2007,10715,2.62075,2.50201,2798,4937,1408,428255
3/5/2007,9597,2.53387,2.4272,2668,4031,1361,395394
3/12/2007,7562,2.07251,1.96041,2049,3307,1333,385735
3/19/2007,6148,1.87084,1.5914,1664,2508,1303,386327
3/26/2007,4958,1.40042,1.36978,1445,1803,1284,361955
4/2/2007,4869,1.46887,1.36317,1429,1821,1240,357183
4/9/2007,4179,1.15514,1.1737,1257,1523,1206,356055
4/16/2007,3695,1.07901,1.06358,1152,1386,1152,347413
4/23/2007,3077,0.98492,0.969711,969,1143,1119,317311
4/30/2007,2860,1.03325,0.965362,917,1055,1057,296262
5/7/2007,2442,0.926649,0.856749,815,861,1025,285031
5/14/2007,2243,0.9201,0.863346,761,785,925,259803
5/21/2007,2058,0.954094,0.93537,722,652,831,220020
5/28/2007,1679,0.763278,0.745569,628,510,796,225197
6/4/2007,1614,0.81722,0.740428,598,469,771,217982
6/11/2007,1456,0.764586,0.672897,521,441,749,216378
6/18/2007,1455,0.793127,0.666282,514,408,742,218376
6/25/2007,1169,0.66909,0.662747,394,360,711,176387
7/2/2007,1086,0.62115,0.545619,366,372,697,199040
7/9/2007,1211,0.603659,0.586231,446,345,698,206574
7/16/2007,1356,0.649058,0.660687,477,392,691,205241
7/23/2007,1037,0.568338,0.534093,321,311,677,194161
7/30/2007,1172,0.651546,0.585549,389,385,667,200154
8/6/2007,1283,0.652176,0.618075,439,411,666,207580
8/13/2007,1448,0.803849,0.687465,495,457,671,210629
8/20/2007,1526,0.787458,0.715696,502,500,652,213219
8/27/2007,1554,0.943263,0.829313,519,545,641,187384
9/3/2007,1694,0.946932,0.800912,496,682,638,211509
9/10/2007,1913,0.987146,0.918484,609,681,632,208278
9/17/2007,2228,1.05206,0.814259,729,788,703,273623
9/24/2007,5641,0.995184,1.07197,2187,1997,1373,526227
10/1/2007,6444,1.22003,1.21786,2387,2433,1429,529126
10/8/2007,6941,1.28548,1.24576,2583,2551,1449,557172
10/15/2007,7434,1.3775,1.35984,2871,2788,1477,546680
10/22/2007,7915,1.46725,1.44671,3074,2998,1485,547104
10/29/2007,8687,1.55841,1.53286,3398,3303,1539,566717
11/5/2007,9104,1.61958,1.66653,3563,3290,1516,546284
11/12/2007,8570,1.8112,1.97488,3651,2631,1523,433951
11/19/2007,9171,1.61865,1.67305,3679,3158,1513,548159
11/26/2007,8436,1.62124,1.63405,3365,2907,1487,516263
12/3/2007,8091,1.67351,1.74595,3298,2694,1453,463416
12/10/2007,8750,1.95096,1.93643,3580,2724,1420,451862
12/17/2007,8902,2.50019,2.48905,3848,2348,1426,357646
12/31/2007,9706,2.43939,2.25405,3737,2568,1486,430603
1/7/2008,11115,2.29319,2.09147,3393,3644,1509,531444
1/14/2008,12197,2.62907,2.35934,3664,4900,1511,516966
1/21/2008,17171,3.92966,3.32331,4289,7661,1508,516683
1/28/2008,24812,4.99202,4.43381,5222,11974,1514,559609
2/4/2008,31896,5.7776,5.34547,6059,15323,1526,596692
2/11/2008,31625,5.98318,5.42258,6244,14336,1518,583210
2/18/2008,30245,5.61677,5.30303,5922,12783,1497,570334
2/25/2008,25027,4.53234,4.24456,4978,9958,1453,589626
3/3/2008,20254,3.83249,3.628,4420,7849,1445,558269
3/10/2008,16714,3.21522,3.03463,3878,6112,1412,550776
3/17/2008,13040,2.69245,2.53595,3153,4493,1395,514205
3/24/2008,10376,2.03366,2.0573,2689,3395,1379,504350
3/31/2008,8583,1.65275,1.7415,2372,2697,1327,492850
4/7/2008,7045,1.3113,1.40652,2045,2354,1318,500881
4/14/2008,6079,1.1652,1.26861,1857,2013,1288,479187
4/21/2008,4953,1.02035,1.07719,1572,1713,1208,459808
4/28/2008,4224,0.877607,0.993445,1466,1416,1147,425187
5/5/2008,4011,0.825107,0.911212,1356,1381,1098,440183
5/12/2008,3904,0.787315,0.972109,1439,1274,1074,401601
5/19/2008,3646,0.805439,0.993258,1393,1116,945,367075
5/26/2008,3803,0.886061,1.09132,1473,1083,869,348477
6/2/2008,2933,0.743743,0.888446,1159,906,789,330127
6/9/2008,2906,0.706842,0.887691,1113,886,764,327366
6/16/2008,2842,0.655943,0.883187,1115,855,755,321789
6/23/2008,2534,0.633492,0.826756,937,810,730,306499
6/30/2008,2405,0.571837,0.783201,913,762,713,307073
7/7/2008,2431,0.558278,0.78061,881,749,710,311423
7/14/2008,2319,0.597893,0.769073,826,703,696,301532
7/21/2008,2166,0.577222,0.721298,779,704,694,300292
7/28/2008,2289,0.596987,0.752527,788,763,676,304175
8/4/2008,2220,0.564653,0.752721,679,706,668,294930
8/11/2008,2368,0.585682,0.792766,789,745,657,298701
8/18/2008,2237,0.503985,0.743896,730,754,657,300714
8/25/2008,2429,0.468139,0.814166,794,892,636,298342
9/1/2008,2461,0.576455,0.838401,774,880,666,293535
9/8/2008,2788,0.681361,0.851124,859,994,685,327567
9/15/2008,3735,0.794764,1.10976,1062,1527,679,336560
9/22/2008,3400,0.868116,1.03114,983,1306,716,329731
9/29/2008,5687,1.06828,1.02284,1535,2352,1435,555999
10/6/2008,5959,1.00756,1.03017,1861,2291,1500,578446
10/13/2008,5896,0.979399,1.01245,1869,2219,1525,582351
10/20/2008,6485,1.04943,1.08359,1976,2474,1527,598473
10/27/2008,6987,1.13218,1.16578,2119,2547,1545,599343
11/3/2008,7297,1.13156,1.1913,2276,2668,1555,612526
11/10/2008,7667,1.15469,1.28075,2512,2854,1555,598635
11/17/2008,7733,1.20448,1.27053,2600,2828,1563,608646
11/24/2008,7634,1.36081,1.59578,3024,2412,1523,478386
12/1/2008,8708,1.30322,1.4585,3114,2913,1551,597052
12/8/2008,8689,1.30204,1.49921,3252,3024,1543,579573
12/15/2008,7812,1.45109,1.62982,3137,2579,1416,479318
12/22/2008,8706,1.79927,2.15561,3897,2367,1484,403876
12/29/2008,8603,2.12134,2.02053,3814,2042,1490,425780
12/29/2008,8956,1.47138,1.54566,3245,2548,1539,579428
1/5/2009,9289,1.61555,1.64224,3142,3345,1512,565631
1/12/2009,11456,1.95333,1.96524,3602,4597,1566,582932
1/19/2009,14324,2.42907,2.34368,4039,6602,1554,611176
1/26/2009,18268,2.96686,2.86057,4606,8882,1580,638613
2/2/2009,21667,3.57354,3.3421,5064,11215,1569,648304
2/9/2009,20022,3.36653,3.20566,4848,9851,1543,624583
2/16/2009,20450,3.2962,3.10049,4694,10092,1544,659573
2/23/2009,18441,3.17227,2.95819,4420,9116,1534,623389
3/2/2009,15711,2.5804,2.46381,4046,7446,1524,637672
3/9/2009,13277,2.42922,2.19272,3657,6036,1494,605503
3/16/2009,11400,1.99028,1.87395,3237,5052,1470,608342
3/23/2009,9669,1.72423,1.64817,2829,4283,1440,586651
3/30/2009,8460,1.60355,1.49878,2577,3407,1422,564460
4/6/2009,7222,1.28418,1.29233,2371,2761,1415,558837
4/13/2009,7348,1.2932,1.27164,2353,2855,1445,577836
4/20/2009,18627,2.74012,2.98159,4821,8043,1405,624734
4/27/2009,14578,2.22391,2.43702,3920,6221,1422,598189
5/4/2009,12554,1.76657,2.2813,3236,5888,1372,550300
5/11/2009,20774,1.92171,3.81572,4188,12026,1331,544432
5/18/2009,22394,1.8611,4.21315,4496,12461,1314,531526
5/25/2009,17105,1.68423,3.17832,3865,8615,1305,538177
6/1/2009,12392,1.7393,2.50972,3072,5660,1296,493761
6/8/2009,10780,1.83001,2.06632,2623,4740,1280,521701
6/15/2009,8801,1.58128,1.71805,2299,3700,1279,512268
6/22/2009,7422,1.49172,1.55965,2145,2893,1237,475877
6/29/2009,6290,1.389,1.30856,1701,2481,1246,480680
7/6/2009,5964,1.34702,1.18695,1581,2437,1248,502466
7/13/2009,5735,1.16056,1.13796,1608,2285,1248,503971
7/20/2009,5587,1.2085,1.15005,1519,2199,1254,485804
7/27/2009,5526,1.15544,1.11262,1651,2082,1230,496666
8/3/2009,5877,1.14518,1.16142,1645,2321,1234,506019
8/10/2009,8941,1.4664,1.64107,2167,4210,1286,544827
8/17/2009,14556,2.38017,2.47166,2883,8253,1320,588916
8/24/2009,21350,3.44681,3.71969,3713,13114,1358,573972
8/31/2009,22561,4.05315,3.94975,4087,13407,1367,571201
9/7/2009,26091,4.26621,4.08756,4445,15326,1380,638302
9/14/2009,24454,4.21579,4.01897,4462,14152,1313,608464
9/21/2009,27919,4.8861,4.60362,4974,16291,1331,606458
9/28/2009,48420,6.06923,5.66087,9302,27406,2056,855346
10/5/2009,58196,7.09467,6.81522,11527,32585,2134,853912
10/12/2009,69068,7.7151,7.61889,13187,39364,2162,906536
10/19/2009,66411,7.55134,7.38836,13174,36860,2167,898860
10/26/2009,57017,6.67118,6.33927,12161,30860,2197,899425
11/2/2009,42729,5.20633,4.94349,10151,21112,2191,864348
11/9/2009,32520,4.04477,3.80996,8979,14652,2157,853552
11/16/2009,22508,3.49722,3.44106,7716,8237,2146,654101
11/23/2009,21730,2.69023,2.66773,7195,7988,2122,814550
11/30/2009,19325,2.47119,2.47183,6490,7218,2093,781811
12/7/2009,17081,2.44773,2.345,6275,5785,2014,728401
12/14/2009,14575,2.64594,2.71435,6078,4127,1934,536961
12/21/2009,15613,2.61567,2.67667,6598,3726,1937,583299
12/28/2009,14299,1.90712,1.98284,4998,3961,1996,721138
1/4/2010,14088,1.86738,1.82749,4877,4614,2016,770895
1/11/2010,14757,1.88072,1.92606,5399,5079,2053,766177
1/18/2010,15122,1.96908,1.92495,5333,5655,2026,785580
1/25/2010,16037,2.11387,2.08877,5816,6142,1996,767773
2/1/2010,15381,2.09695,2.03434,5496,5577,1977,756068
2/8/2010,15065,1.90294,1.97649,5388,5536,1954,762208
2/15/2010,16087,1.96951,1.99362,5040,6207,1990,806925
2/22/2010,14486,1.92331,1.85383,4281,5685,1953,781411
3/1/2010,14354,1.89659,1.8673,4612,5270,1946,768702
3/8/2010,12601,1.75181,1.69987,4063,4466,1933,741293
3/15/2010,11191,1.52632,1.49741,3625,4108,1917,747358
3/22/2010,10359,1.49572,1.45112,3408,3733,1875,713863
3/29/2010,8813,1.22313,1.20715,3090,2933,1850,730068
4/5/2010,8801,1.17754,1.17415,3117,3110,1831,749563
4/12/2010,8362,1.09112,1.16207,2921,3044,1765,719580
4/19/2010,8440,1.11958,1.17213,3081,2972,1755,720054
4/26/2010,7914,1.08169,1.12168,2781,2901,1710,705551
5/3/2010,7697,1.12497,1.14981,2851,2645,1664,669414
5/10/2010,7603,1.06197,1.13328,2816,2553,1624,670887
5/17/2010,6853,1.08909,1.08171,2636,2188,1497,633532
5/24/2010,6595,1.1776,1.19959,2413,2172,1421,549773
5/31/2010,5755,0.97493,0.952808,2147,1831,1435,604004
6/7/2010,5316,0.987132,0.916032,1975,1784,1405,580329
6/14/2010,5334,0.995991,0.926582,2027,1779,1384,575664
6/21/2010,4718,0.904726,0.86962,1754,1541,1347,542536
6/28/2010,4691,0.941927,0.903133,1753,1566,1353,519414
7/5/2010,4234,0.880415,0.773776,1458,1450,1284,547187
7/12/2010,3950,0.842615,0.742774,1323,1335,1265,531790
7/19/2010,3850,0.858382,0.730934,1290,1279,1250,526723
7/26/2010,4077,0.83383,0.786882,1381,1357,1241,518121
8/2/2010,4008,0.847437,0.763051,1378,1307,1212,525260
8/9/2010,4518,0.888273,0.841043,1485,1592,1225,537190
8/16/2010,4420,0.765372,0.791573,1520,1592,1235,558382
8/23/2010,5007,0.91858,0.912732,1564,1866,1170,548573
8/30/2010,5493,1.01432,1.03398,1850,1959,1198,531250
9/6/2010,5510,1.01233,0.934009,1720,2118,1210,589930
9/13/2010,6741,1.11803,1.08189,2134,2510,1206,623077
9/20/2010,6387,1.11806,1.06563,1995,2383,1254,599366
9/27/2010,8473,1.10939,1.13505,2627,3142,1838,746485
10/4/2010,9347,1.24341,1.25256,2953,3522,1875,746230
10/11/2010,9684,1.25726,1.2457,3044,3641,1907,777397
10/18/2010,9904,1.25734,1.26774,3226,3822,1929,781234
10/25/2010,11020,1.43414,1.43723,3451,4397,1947,766753
11/1/2010,11807,1.51838,1.53341,3927,4679,1940,769982
11/8/2010,13336,1.61617,1.69445,4416,5322,1921,787038
11/15/2010,12079,1.84378,1.9915,4598,4145,1938,606527
11/22/2010,13997,1.72535,1.81305,5045,4978,1964,772016
11/29/2010,14958,1.87923,2.01426,5060,5867,1936,742606
12/6/2010,18022,2.3371,2.55659,6300,7194,1916,704923
12/13/2010,19899,3.03533,3.38185,7295,7071,1840,588406
12/20/2010,20346,3.136,3.43172,7478,5764,1887,592880
12/27/2010,20026,2.53336,2.69151,6584,6342,1923,744043
1/3/2011,20721,2.91288,2.91063,6238,7773,1921,711908
1/10/2011,26257,3.44497,3.49232,7247,11243,1964,751850
1/17/2011,31975,4.16185,4.0037,8007,15291,1947,798637
1/24/2011,34284,4.55159,4.43534,8195,16366,1970,772974
1/31/2011,34456,4.46504,4.24215,8036,16516,1961,812230
2/7/2011,36567,4.55124,4.39719,8172,17493,1910,831600
2/14/2011,31277,4.0822,3.90256,7839,13718,1908,801449
2/21/2011,24627,3.38812,3.15073,6376,10496,1860,781629
2/28/2011,20377,2.99142,2.72422,5691,8427,1829,747993
3/7/2011,17309,2.61542,2.33336,5363,6702,1823,741807
3/14/2011,14031,2.09065,1.925,4400,5489,1790,728883
3/21/2011,12957,1.86146,1.75243,4189,5025,1770,739375
3/28/2011,11498,1.61377,1.57704,3701,4557,1723,729089
4/4/2011,9391,1.42199,1.35766,3164,3562,1681,691707
4/11/2011,8695,1.3382,1.31223,3139,3064,1651,662612
4/18/2011,7830,1.19995,1.14937,2895,2673,1612,681240
4/25/2011,7307,1.14889,1.11451,2532,2553,1585,655627
5/2/2011,7236,1.12194,1.10984,2551,2595,1556,651983
5/9/2011,6530,1.06712,1.0524,2353,2280,1516,620485
5/16/2011,6072,1.05058,1.03536,2213,2110,1381,586460
5/23/2011,5946,1.15203,1.11777,2249,1980,1357,531954
5/30/2011,5547,0.970975,0.982949,2040,1760,1296,564322
6/6/2011,4989,0.894683,0.925194,1812,1599,1279,539238
6/13/2011,4448,0.843568,0.835531,1604,1422,1251,532356
6/20/2011,4218,0.815409,0.832393,1472,1462,1225,506732
6/27/2011,4009,0.823052,0.855591,1423,1269,1211,468565
7/4/2011,3721,0.674635,0.706949,1255,1206,1220,526346
7/11/2011,3597,0.631883,0.694387,1243,1184,1203,518011
7/18/2011,3538,0.641513,0.687976,1251,1188,1179,514262
7/25/2011,3202,0.529813,0.644743,1088,1125,1175,496632
8/1/2011,3523,0.644089,0.67533,1207,1223,1175,521671
8/8/2011,3874,0.667718,0.72823,1342,1358,1191,531975
8/15/2011,4444,0.705668,0.806526,1505,1600,1195,551005
8/22/2011,4717,0.804155,0.860408,1528,1781,1200,548228
8/29/2011,4813,0.907804,0.936075,1622,1809,1184,514168
9/5/2011,5567,1.00555,0.966683,1788,2206,1196,575887
9/12/2011,5822,1.03601,0.996007,1816,2264,1201,584534
9/19/2011,6708,1.07583,1.10846,2248,2514,1213,605162
9/26/2011,9365,1.16092,1.20345,3106,3485,1850,778182
10/3/2011,9803,1.19785,1.23777,3317,3667,1883,791987
10/10/2011,9958,1.27926,1.25259,3324,3837,1905,794995
10/17/2011,10298,1.29194,1.30546,3453,4035,1900,788840
10/24/2011,11396,1.42824,1.45295,3634,4658,1925,784334
10/31/2011,11496,1.39803,1.44089,3949,4348,1946,797839
11/7/2011,11721,1.45831,1.46221,3923,4361,1900,801594
11/14/2011,10377,1.56548,1.65573,4125,3340,1918,626731
11/21/2011,11479,1.34313,1.46606,4237,3955,1904,782984
11/28/2011,11187,1.48139,1.51811,3995,4040,1898,736905
12/5/2011,12137,1.63398,1.66429,4579,4097,1872,729258
12/12/2011,11958,1.83126,1.85274,5016,3535,1851,645424
12/19/2011,12356,2.10451,2.12413,5243,3184,1821,581697
12/26/2011,11992,1.73625,1.76709,4514,3393,1891,678631
1/2/2012,11543,1.55066,1.5434,4059,3636,1883,747894
1/9/2012,11939,1.62891,1.64762,4364,4030,1887,724623
1/16/2012,13209,1.76038,1.6843,4766,4802,1891,784244
1/23/2012,14448,1.92728,1.86354,5218,5336,1885,775298
1/30/2012,14624,1.91994,1.86408,5028,5555,1875,784516
2/6/2012,15929,2.09951,2.01839,5277,5994,1884,789193
2/13/2012,16137,2.23973,2.10385,5246,5990,1853,767022
2/20/2012,16518,2.21921,2.09555,5219,6239,1826,788242
2/27/2012,15763,2.16693,2.10398,4811,6493,1816,749198
3/5/2012,17150,2.38913,2.2941,5175,6768,1819,747570
3/12/2012,14524,1.96466,1.92223,4422,5683,1780,755579
3/19/2012,13017,1.84229,1.74239,3807,5256,1753,747079
3/26/2012,11930,1.68674,1.67601,3582,4631,1729,711808
4/2/2012,10732,1.53136,1.49637,3253,4059,1707,717202
4/9/2012,10123,1.37912,1.38202,3001,4020,1699,732480
4/16/2012,9370,1.29515,1.28926,2638,3802,1675,726772
4/23/2012,8999,1.39521,1.35803,2509,3671,1564,662649
4/30/2012,8576,1.32522,1.30833,2524,3468,1546,655492
5/7/2012,8062,1.23059,1.26692,2465,3087,1503,636347
5/14/2012,7878,1.23028,1.27731,2545,3011,1415,616765
5/21/2012,7153,1.26877,1.2991,2480,2601,1409,550614
5/28/2012,6765,1.10782,1.16297,2336,2352,1365,581700
6/4/2012,6133,1.09559,1.08612,2231,2024,1289,564670
6/11/2012,6048,1.11031,1.0568,2259,1974,1295,572296
6/18/2012,5786,1.10616,1.07871,2168,1850,1260,536380
6/25/2012,5291,1.10816,1.04662,1911,1706,1271,505533
7/2/2012,5185,0.999444,0.928152,1913,1751,1240,558637
7/9/2012,4931,0.924199,0.901936,1818,1640,1223,546713
7/16/2012,5103,0.949257,0.915356,1752,1721,1250,557488
7/23/2012,5159,0.978903,0.952548,1728,1706,1240,541600
7/30/2012,5026,0.925024,0.916661,1660,1718,1248,548294
8/6/2012,5051,0.848456,0.901787,1721,1755,1238,560110
8/13/2012,6141,1.04451,1.03315,2098,2128,1238,594395
8/20/2012,6318,1.0986,1.05238,1958,2335,1238,600354
8/27/2012,6296,1.22071,1.12713,1886,2294,1242,558585
9/3/2012,7382,1.24976,1.1866,2176,2870,1252,622114
9/10/2012,7656,1.22892,1.21415,2295,2972,1268,630563
9/17/2012,7807,1.29393,1.25198,2421,2867,1248,623572
9/24/2012,9395,1.23034,1.20559,2773,3691,1932,779285
10/1/2012,10158,1.3278,1.31929,2960,4007,1940,769959
10/8/2012,10585,1.33995,1.32737,3202,4233,1968,797444
10/15/2012,10913,1.37842,1.36688,3346,4268,1958,798388
10/22/2012,11061,1.50085,1.50535,3326,4422,1929,734781
10/29/2012,12674,1.65163,1.61273,3733,5145,1974,785871
11/5/2012,13623,1.76746,1.75208,4034,5526,1966,777534
11/12/2012,14650,2.30609,2.33365,4651,5387,1968,627772
11/19/2012,18521,2.16324,2.2268,5102,7018,2006,831730
11/26/2012,24877,2.83038,2.97657,6486,10857,2006,835762
12/3/2012,29432,3.43761,3.62552,7446,12945,1977,811800
12/10/2012,34332,4.30554,4.5532,8546,13971,1908,754019
12/17/2012,36588,6.06082,6.02598,9709,11391,1905,607171
12/31/2012,34103,4.64931,4.96368,8444,9108,1982,687051
1/7/2013,39896,4.32584,4.69072,8297,13424,1995,850531
1/14/2013,39441,4.51113,4.70473,8633,15992,2008,838326
1/21/2013,32426,4.2171,4.1646,7441,13439,1978,778610
1/28/2013,29808,3.78956,3.69533,6609,12653,1963,806640
2/4/2013,24987,3.29206,3.2363,5757,10816,1931,772086
2/11/2013,22321,3.0197,2.89421,5289,9395,1926,771229
2/18/2013,20519,2.71499,2.71742,5099,8415,1940,755092
2/25/2013,19231,2.4845,2.52297,4633,7981,1893,762238
3/4/2013,18829,2.57808,2.55227,4791,7709,1884,737736
3/11/2013,17392,2.39237,2.43225,4480,7065,1846,715059
3/18/2013,15254,2.06778,2.10851,3957,6095,1825,723449
3/25/2013,13714,1.90281,1.94725,3830,5204,1811,704276
4/1/2013,12273,1.65902,1.74859,3516,4299,1769,701881
4/8/2013,10818,1.43006,1.49713,3110,3929,1742,722583
4/15/2013,9188,1.27757,1.32313,2707,3509,1732,694415
4/22/2013,8589,1.19009,1.22647,2588,3364,1711,700300
4/29/2013,7986,1.09556,1.19614,2439,3142,1675,667648
5/6/2013,7704,1.08589,1.19049,2422,2877,1630,647130
5/13/2013,7317,1.07343,1.17426,2431,2583,1582,623114
5/20/2013,6589,1.01677,1.13342,2230,2219,1489,581338
5/27/2013,6190,1.04847,1.14306,2109,2094,1486,541528
6/3/2013,5638,0.920349,1.00881,1983,1779,1421,558875
6/10/2013,5539,0.920779,1.02358,1969,1713,1419,541138
6/17/2013,5474,0.904333,1.00138,1877,1766,1405,546643
6/24/2013,4915,0.83057,0.909498,1703,1581,1389,540408
7/1/2013,4506,0.862837,0.950042,1594,1489,1357,474295
7/8/2013,4510,0.732182,0.829299,1576,1491,1362,543833
7/15/2013,4186,0.724558,0.802109,1432,1405,1341,521874
7/22/2013,4233,0.740848,0.806333,1416,1464,1325,524969
7/29/2013,3886,0.726037,0.796937,1216,1284,1290,487617
8/5/2013,4075,0.755639,0.779136,1367,1338,1299,523015
8/12/2013,4168,0.761847,0.797653,1364,1366,1276,522533
8/19/2013,4317,0.779896,0.825485,1331,1561,1265,522965
8/26/2013,5053,0.899138,0.935469,1499,1814,1260,540157
9/2/2013,5626,0.999524,1.04345,1681,2035,1317,539175
9/9/2013,6374,1.0558,1.09107,1926,2437,1307,584196
9/16/2013,7110,1.0967,1.20108,2175,2683,1290,591969
9/23/2013,7963,1.24709,1.26179,2393,2963,1364,631088
9/30/2013,9677,1.15746,1.13249,2974,3769,1960,854487
10/7/2013,10420,1.27184,1.21121,3276,3925,1990,860298
10/14/2013,10658,1.31623,1.25682,3483,3880,2018,848016
10/21/2013,12036,1.37444,1.37097,3930,4484,2027,877917
10/28/2013,12502,1.46781,1.42956,4045,4642,2028,874537
11/4/2013,13498,1.5834,1.53588,4434,5062,2017,878845
11/11/2013,13927,1.60253,1.60267,4643,5000,2054,868987
11/18/2013,15168,1.72344,1.73267,4835,5579,2012,875411
11/25/2013,13975,2.11076,2.09858,4937,4313,2042,665926
12/2/2013,18920,2.1708,2.21374,5549,6579,2055,854664
12/9/2013,19398,2.36971,2.41674,5501,7046,2054,802651
12/16/2013,24697,3.15997,3.03071,6555,8406,2009,814891
12/23/2013,26988,4.59053,4.38724,7814,7485,2007,615148
12/30/2013,28654,4.28195,4.2112,7488,6726,2033,680424
1/6/2014,28147,3.56288,3.46492,6233,7881,2059,812343
1/13/2014,28370,3.36378,3.31698,6007,9517,2049,855297
1/20/2014,25502,3.39659,3.2407,5878,8858,2062,786928
1/27/2014,23484,3.11922,2.88598,5133,8714,2051,813726
2/3/2014,21085,2.83572,2.62172,4729,7711,2051,804244
2/10/2014,18195,2.48484,2.34067,4210,6717,2018,777340
2/17/2014,17234,2.2741,2.12059,4250,6121,2025,812700
2/24/2014,15914,2.07244,1.91094,3953,5875,1978,832786
3/3/2014,15044,1.98207,1.9023,3775,5575,1944,790831
3/10/2014,14024,1.82441,1.76619,3616,5022,1904,794024
3/17/2014,14926,1.82036,1.85791,3798,5611,1922,803374
3/24/2014,14661,1.75391,1.82094,3523,5812,1887,805133
3/31/2014,14637,1.74542,1.83453,3582,5659,1866,797863
4/7/2014,14206,1.67236,1.75446,3574,5587,1845,809707
4/14/2014,11723,1.51659,1.51636,3130,4279,1810,773101
4/21/2014,10814,1.44778,1.40334,2846,3770,1771,770592
4/28/2014,9648,1.29028,1.2593,2501,3591,1746,766139
5/5/2014,9775,1.37388,1.32482,2789,3615,1714,737834
5/12/2014,9033,1.34208,1.27576,2544,3256,1660,708049
5/19/2014,8797,1.34563,1.29483,2733,3068,1570,679395
5/26/2014,7658,1.21291,1.2261,2528,2459,1554,624582
6/2/2014,7229,1.19291,1.14538,2383,2349,1461,631143
6/9/2014,6783,1.14146,1.0678,2227,2181,1461,635233
6/16/2014,6369,1.06503,1.07269,2159,2009,1392,593740
6/23/2014,6038,1.12669,1.01298,2049,1917,1411,596063
6/30/2014,5352,0.947353,0.994705,1865,1688,1388,538049
7/7/2014,5295,0.944187,0.880862,1758,1623,1394,601116
7/14/2014,5083,0.934822,0.858173,1582,1621,1376,592305
7/21/2014,4765,0.81736,0.805152,1455,1450,1372,591814
7/28/2014,4942,0.852792,0.818781,1450,1655,1378,603580
8/4/2014,4744,0.746994,0.783735,1460,1528,1382,605307
8/11/2014,4980,0.761098,0.848703,1528,1631,1369,586778
8/18/2014,5305,0.767627,0.834146,1569,1813,1371,635980
8/25/2014,5799,0.862176,0.905981,1684,2184,1353,640080
9/1/2014,6050,0.984907,1.04506,1753,2258,1352,578913
9/8/2014,8130,1.16287,1.16816,2300,3316,1401,695966
9/15/2014,8888,1.22731,1.27649,2535,3650,1405,696282
9/22/2014,8874,1.2071,1.29758,2522,3447,1407,683887
9/29/2014,10150,1.16191,1.20612,2958,3994,1937,841540
10/6/2014,10977,1.30905,1.32485,3055,4437,1960,828544
10/13/2014,11941,1.37072,1.41192,3442,4728,2000,845727
10/20/2014,12292,1.43373,1.42547,3455,4955,2008,862314
10/27/2014,12313,1.42791,1.43909,3632,5102,2053,855608
11/3/2014,13853,1.61605,1.61532,4277,5799,2058,857601
11/10/2014,14062,1.65976,1.66473,4424,5816,1997,844700
11/17/2014,16674,2.05459,2.0058,4740,7322,2058,831289
11/24/2014,17602,2.53541,2.62227,5432,6848,2067,671251
12/1/2014,22905,2.54253,2.60749,6185,9106,2097,878430
12/8/2014,29172,3.60563,3.4178,7424,13050,2069,853532
12/15/2014,37382,4.90976,4.46555,9270,16418,2016,837119
12/22/2014,40533,5.98221,6.11497,10363,13951,1984,662849
12/29/2014,36891,5.47421,5.30979,9732,9406,1983,694773
12/29/2014,31483,4.21374,4.07898,7160,9589,1958,771835
1/5/2015,31204,4.21022,3.93762,7044,11966,1971,792459
1/12/2015,33221,4.25968,4.15076,7840,13949,1966,800359
1/19/2015,30621,3.97761,3.87899,7118,13159,1955,789407
1/26/2015,28151,3.63443,3.45794,6656,12093,1950,814097
2/2/2015,25218,3.26527,3.06359,6429,10328,1917,823153
2/9/2015,21109,2.93083,2.82646,5537,8164,1907,746836
2/16/2015,19178,2.54474,2.3599,4823,7280,1934,812660
2/23/2015,18441,2.47227,2.33472,4639,7116,1912,789858
3/2/2015,17833,2.35665,2.21286,4710,6748,1907,805881
3/9/2015,16695,2.17008,2.07619,4559,6084,1883,804117
3/16/2015,16122,2.04297,2.01267,4418,6003,1848,801027
3/23/2015,14975,1.954,1.94192,4174,5623,1819,771143
3/30/2015,13733,1.72287,1.74809,3903,4634,1820,785602
4/6/2015,12044,1.53694,1.50367,3448,4214,1813,800974
4/13/2015,10860,1.38283,1.43494,3182,4011,1768,756827
4/20/2015,11095,1.46265,1.45673,3203,4280,1753,761638
4/27/2015,10694,1.38934,1.42836,3106,4079,1735,748690
5/4/2015,9671,1.3468,1.35297,2805,3641,1688,714799
5/11/2015,9024,1.25452,1.33093,2754,3296,1622,678023
5/18/2015,7913,1.21636,1.28422,2593,2714,1579,616171
5/25/2015,6946,1.16734,1.13889,2211,2345,1505,609891
6/1/2015,6744,1.04654,1.10343,2109,2284,1455,611184
6/8/2015,5850,0.943661,0.970748,1734,2046,1459,602628
6/15/2015,5913,0.935046,0.998681,1897,1921,1445,592081
6/22/2015,5232,0.934726,0.978057,1678,1701,1417,534938
6/29/2015,5116,0.864118,0.866431,1546,1675,1428,590468
7/6/2015,4870,0.806535,0.827757,1487,1609,1411,588337
7/13/2015,4626,0.742747,0.797572,1383,1498,1401,580010
7/20/2015,4605,0.737859,0.811221,1415,1459,1352,567663
7/27/2015,4753,0.743224,0.821165,1392,1590,1364,578812
8/3/2015,4750,0.805251,0.819435,1330,1667,1340,579668
8/10/2015,5173,0.816943,0.848041,1429,1815,1356,609994
8/17/2015,5648,0.814518,0.888524,1687,2033,1362,635661
8/24/2015,5963,0.86067,0.962826,1636,2292,1354,619323
8/31/2015,5970,0.886704,1.02252,1714,2169,1349,583853
9/7/2015,7062,1.00845,1.08392,1993,2744,1369,651524
9/14/2015,7704,1.06625,1.17724,2178,2947,1367,654414
9/21/2015,7626,1.05995,1.1716,2170,2746,1332,650904
9/28/2015,10049,1.22559,1.24325,2849,3693,1963,808287
10/5/2015,10715,1.31066,1.3234,3016,4007,1976,809660
10/12/2015,11584,1.3711,1.40399,3263,4360,1995,825079
10/19/2015,11164,1.39171,1.37629,3141,4148,1999,811165
10/26/2015,12423,1.43712,1.46866,3563,4783,2048,845875
11/2/2015,12676,1.50165,1.533,3746,4725,2028,826877
11/9/2015,13484,1.59805,1.60841,3960,5076,2023,838344
11/16/2015,12158,1.89668,1.90047,3974,4073,2000,639738
11/23/2015,14617,1.67728,1.73645,4469,5076,2040,841777
11/30/2015,14986,1.78296,1.81945,4575,5384,2020,823657
12/7/2015,15396,1.87336,1.96571,5135,5105,2000,783227
12/14/2015,14839,2.32148,2.42021,5377,4317,1978,613128
12/21/2015,15679,2.40991,2.41083,5700,4011,1949,650356
12/28/2015,15654,1.94328,1.98859,4775,4494,2004,787192
1/4/2016,15517,1.99796,1.98985,4574,5362,2005,779809
1/11/2016,15661,2.11829,2.1071,4804,5380,2008,743249
1/18/2016,18143,2.25112,2.19256,5088,6882,2026,827482
1/25/2016,18944,2.37116,2.30014,5135,7353,2007,823602
2/1/2016,21774,2.80035,2.67574,5645,8434,2000,813755
2/8/2016,24681,3.16475,3.02427,5997,9325,1993,816098
2/15/2016,26423,3.15183,3.11328,6299,10127,1956,848718
2/22/2016,28468,3.3321,3.32788,6619,11415,1952,855439
2/29/2016,30481,3.56024,3.5918,6660,11856,1922,848628
3/7/2016,24894,3.05479,3.09262,5574,9334,1898,804948
3/14/2016,21940,2.76732,2.78803,5187,8489,1900,786936
3/21/2016,19603,2.44161,2.52371,4581,7392,1832,776752
3/28/2016,16769,2.03348,2.12928,3707,6403,1813,787543
4/4/2016,16261,1.98593,2.05142,3572,6595,1805,792672
4/11/2016,15437,1.91514,1.98957,3515,6357,1774,775895
4/18/2016,13836,1.69968,1.7858,3157,5557,1759,774777
4/25/2016,11870,1.57635,1.60144,2772,4729,1742,741210
5/2/2016,10707,1.3935,1.4743,2871,4046,1690,726244
5/9/2016,9798,1.29941,1.42286,2688,3630,1626,688612
5/16/2016,8787,1.18379,1.38196,2612,3126,1439,635835
5/23/2016,7997,1.13723,1.33712,2545,2620,1482,598077
5/30/2016,7201,1.04118,1.13894,2293,2313,1446,632252
6/6/2016,6768,0.971814,1.09641,2189,2171,1440,617287
6/13/2016,6024,0.863306,0.999559,2062,1905,1402,602666
6/20/2016,5686,0.833797,0.99095,1873,1810,1382,573793
6/27/2016,5118,0.784516,0.931253,1646,1641,1379,549582
7/4/2016,5078,0.734327,0.843118,1610,1599,1392,602288
7/11/2016,5044,0.698845,0.840286,1670,1621,1388,600272
7/18/2016,4925,0.723099,0.830065,1580,1624,1393,593327
7/25/2016,4596,0.663501,0.790428,1455,1496,1360,581457
8/1/2016,4868,0.69276,0.830826,1512,1639,1329,585923
8/8/2016,5265,0.710029,0.856796,1644,1914,1345,614499
8/15/2016,6260,0.834232,1.00746,1848,2364,1356,621362
8/22/2016,6504,0.992621,1.05868,1815,2651,1354,614349
8/29/2016,6623,1.01605,1.10028,1883,2604,1347,601938
9/5/2016,7639,1.07169,1.1457,2026,3073,1365,666755
9/12/2016,8229,1.10163,1.2189,2341,3298,1363,675119
9/19/2016,8505,1.18841,1.31113,2413,3334,1389,648678
9/26/2016,10864,1.2019,1.27386,3110,4169,1946,852842
10/3/2016,10997,1.23108,1.29342,3207,4078,1973,850228
10/10/2016,11926,1.26796,1.33097,3564,4452,1983,896035
10/17/2016,12648,1.36298,1.42662,3786,4769,2006,886570
10/24/2016,13790,1.48535,1.57071,4314,5287,1999,877947
10/31/2016,14258,1.55954,1.65146,4703,5193,1990,863356
11/7/2016,15160,1.64783,1.73309,4979,5610,2000,874739
11/14/2016,14208,1.91275,2.03388,5032,4567,2011,698566
11/21/2016,16605,1.81725,1.88331,5209,5655,2001,881694
11/28/2016,16961,1.91433,2.00292,5501,5812,2013,846813
12/5/2016,18463,2.21003,2.27731,5744,6724,2000,810736
12/12/2016,21565,2.73568,2.91465,6653,7469,1977,739882
12/19/2016,24900,3.36832,3.54919,7712,7144,1928,701569
12/26/2016,24178,3.09689,3.08102,6716,6786,2024,784740
1/2/2017,24897,3.07346,3.01875,6020,8843,1997,824746
1/9/2017,28781,3.51643,3.40446,6399,12147,2029,845391
1/16/2017,31265,3.8027,3.52869,6958,14073,2021,886023
1/23/2017,36517,4.50313,4.10665,7452,17482,2024,889216
1/30/2017,42890,5.06308,4.7551,8110,20150,2027,901978
2/6/2017,41035,4.86009,4.65163,7726,18692,1967,882163
2/13/2017,40124,4.57916,4.57049,7649,17300,1987,877892
2/20/2017,30183,3.55674,3.45522,6129,12394,1995,873547
2/27/2017,28060,3.50417,3.29505,5854,11552,1971,851580
3/6/2017,25484,3.21511,3.16426,5503,10084,1958,805370
3/13/2017,27354,3.10088,3.14433,5514,11503,1940,869946
3/20/2017,24342,2.79056,2.87936,5145,10149,1899,845397
3/27/2017,19677,2.38547,2.36977,4488,8178,1906,830332
4/3/2017,15548,1.9703,1.93853,3909,5847,1861,802052
4/10/2017,13006,1.73442,1.64064,3306,4683,1845,792740
4/17/2017,11924,1.56303,1.4752,2997,4497,1846,808298
4/24/2017,10762,1.4128,1.37755,2890,4105,1795,781240
5/1/2017,10202,1.27492,1.33771,2751,3831,1767,762648
5/8/2017,9809,1.2834,1.34686,2685,3518,1746,728288
5/15/2017,8564,1.16663,1.26579,2341,3060,1614,676574
5/22/2017,7756,1.10977,1.25701,2311,2575,1569,617021
5/29/2017,7510,1.04333,1.16048,2412,2377,1493,647145
6/5/2017,6636,0.905151,1.04834,2049,2099,1470,633003
6/12/2017,6240,0.902718,0.992711,1930,1971,1469,628582
6/19/2017,5596,0.859531,0.961603,1771,1748,1422,581945
6/26/2017,5326,0.818998,0.955818,1728,1564,1456,557219
7/3/2017,4961,0.752505,0.827597,1545,1578,1405,599446
7/10/2017,4747,0.731146,0.811886,1549,1421,1384,584688
7/17/2017,4879,0.733295,0.818527,1576,1515,1377,596071
7/24/2017,4899,0.73102,0.829758,1529,1485,1390,590413
7/31/2017,4915,0.68834,0.828503,1559,1481,1386,593239
8/7/2017,5230,0.732049,0.885896,1603,1691,1350,590363
8/14/2017,6653,0.911188,1.05351,1964,2549,1379,631507
8/21/2017,7133,1.02105,1.11768,2076,2726,1370,638196
8/28/2017,7072,1.09495,1.14028,2073,2488,1384,620201
9/4/2017,8304,1.09475,1.13326,2372,2942,1485,732755
9/11/2017,8563,1.09775,1.17589,2544,3075,1484,728214
9/18/2017,9079,1.18882,1.23848,2840,3201,1468,733077
9/25/2017,12830,1.26682,1.28278,3844,4553,2205,1000168
10/2/2017,13269,1.30662,1.33419,4120,4453,2233,994535
10/9/2017,14319,1.34866,1.41293,4409,4993,2254,1013427
10/16/2017,15826,1.51871,1.57884,5003,5529,2251,1002381
10/23/2017,17068,1.74793,1.70723,5219,6133,2213,999750
10/30/2017,18994,1.87047,1.86372,6108,6625,2278,1019146
11/6/2017,21615,2.06674,2.09726,6805,7478,2281,1030631
11/13/2017,19817,2.28188,2.34372,6945,5876,2264,845535
11/20/2017,23755,2.28528,2.24895,7008,7476,2274,1056270
11/27/2017,24979,2.5848,2.49852,7230,8491,2263,999753
12/4/2017,31533,3.36711,3.20443,8297,11277,2255,984043
12/11/2017,42664,4.71836,4.4305,10464,14164,2204,962961
12/18/2017,44986,5.72036,5.46448,11301,11509,2122,823244
12/25/2017,47282,5.77543,5.37416,9426,11748,2235,879802
1/1/2018,56922,5.9083,5.54335,10082,17403,2251,1026852
1/8/2018,62937,6.49095,6.34203,12004,21873,2277,992379
1/15/2018,77468,7.17799,7.04897,13432,30671,2279,1098998
1/22/2018,86095,7.52851,7.79783,14854,37252,2265,1104089
1/29/2018,87646,7.38424,7.78892,15192,38457,2290,1125265
2/5/2018,75987,6.46068,6.83583,13340,31984,2215,1111598
2/12/2018,52961,4.95341,5.17354,10142,20394,2259,1023689
2/19/2018,35932,3.67274,3.55184,7190,13370,2194,1011645
2/26/2018,29109,3.2037,3.01348,6357,10841,2203,965961
3/5/2018,25928,2.78869,2.73862,5590,9479,2188,946753
3/12/2018,23785,2.50234,2.48438,5212,8635,2168,957380
3/19/2018,20696,2.41065,2.36593,4722,7216,2131,874750
3/26/2018,19067,2.07542,2.03306,4550,6211,2117,937849
4/2/2018,16672,1.78234,1.8062,4148,5508,2076,923041
4/9/2018,14892,1.61608,1.58958,3859,5269,2103,936850
4/16/2018,14572,1.53992,1.54077,3725,5343,2079,945759
4/23/2018,13273,1.53115,1.45326,3656,4810,2005,913326
4/30/2018,11617,1.29599,1.28242,3443,4132,1922,905868
5/7/2018,11067,1.18904,1.2243,3359,3766,1966,903948
5/14/2018,10646,1.24941,1.23385,3384,3429,1883,862825
5/21/2018,9608,1.14134,1.22391,3222,2982,1789,785022
5/28/2018,8688,0.988567,1.04866,2845,2551,1783,828488
6/4/2018,7570,0.895433,0.979381,2375,2242,1738,772937
6/11/2018,7374,0.892227,0.94819,2313,2161,1759,777692
6/18/2018,6932,0.877636,0.867741,2201,1906,1720,798856
6/25/2018,6249,0.77502,0.822957,2000,1862,1764,759335
7/2/2018,6502,0.725956,0.772384,1945,1900,1769,841809
7/9/2018,5786,0.68266,0.707466,1741,1720,1732,817849
7/16/2018,5496,0.640527,0.686508,1665,1643,1728,800573
7/23/2018,5617,0.64106,0.68859,1620,1772,1708,815725
7/30/2018,5864,0.706465,0.736093,1727,1786,1670,796639
8/6/2018,6542,0.708668,0.806323,1989,2172,1705,811337
8/13/2018,7309,0.825743,0.954211,2237,2467,1601,765973
8/20/2018,8117,0.864409,0.962249,2447,2836,1661,843545
8/27/2018,9536,1.10114,1.14153,2817,3346,1693,835370
9/3/2018,10063,1.15244,1.14726,2774,3659,1689,877135
9/10/2018,11190,1.20257,1.31197,3242,3950,1666,852916
9/17/2018,11714,1.25033,1.37701,3471,4185,1694,850685
9/24/2018,17839,1.41846,1.42429,4857,6300,2565,1252483
10/1/2018,18561,1.40418,1.48151,5307,6250,2609,1252846
10/8/2018,19930,1.47401,1.59449,5582,6799,2586,1249933
10/15/2018,21616,1.64257,1.72683,6242,7478,2646,1251776
10/22/2018,23154,1.79275,1.84522,6864,8285,2633,1254812
10/29/2018,24073,1.87043,1.93069,7504,8448,2645,1246860
11/5/2018,24347,1.98387,2.09114,7805,8050,2631,1164292
11/12/2018,24612,2.24169,2.41082,8598,7193,2586,1020898
11/19/2018,29080,2.14883,2.25019,8885,8787,2640,1292335
11/26/2018,28356,2.25531,2.30458,8803,9269,2633,1230419
12/3/2018,33098,2.64571,2.73758,10150,11373,2622,1209022
12/10/2018,38236,3.14075,3.24643,11507,12811,2571,1177786
12/17/2018,43904,3.97127,4.19267,13586,12026,2545,1047161
12/31/2018,42094,3.46125,3.63499,11675,9557,2609,1158023
1/7/2019,38752,3.07707,3.14077,9344,10744,2629,1233836
1/14/2019,41109,3.32915,3.36551,9668,14248,2633,1221478
1/21/2019,46113,3.81999,3.89305,10728,16925,2614,1184495
1/28/2019,55187,4.3419,4.5253,11606,22188,2639,1219521
2/4/2019,69442,4.88288,5.21525,13828,29688,2644,1331519
2/11/2019,69978,5.04211,5.43173,14224,29223,2628,1288318
2/18/2019,66345,4.88596,5.2776,13612,26456,2623,1257106
2/25/2019,58735,4.5499,4.59585,11622,23450,2634,1278001
3/4/2019,55348,4.38001,4.40341,11146,21736,2614,1256934
3/11/2019,53133,4.2288,4.13279,10975,20065,2622,1285646
3/18/2019,44786,3.68449,3.56166,9559,16537,2596,1257449
3/25/2019,37844,3.08744,3.05634,8621,13608,2587,1238213
4/1/2019,32905,2.69971,2.68251,7591,11757,2597,1226648
4/8/2019,27803,2.28549,2.26747,6739,9988,2542,1226170
4/15/2019,23122,2.01443,1.96931,6319,7894,2517,1174114
4/22/2019,20583,1.7141,1.72372,5689,6617,2490,1194101
4/29/2019,18848,1.56927,1.57693,5362,6203,2459,1195232
5/6/2019,17096,1.49991,1.46086,4785,5903,2415,1170273
5/13/2019,16349,1.50211,1.50759,4614,5488,2302,1084443
5/20/2019,15747,1.42357,1.40452,4597,5227,2205,1121166
5/27/2019,14770,1.39457,1.40617,4437,4659,2179,1050372
6/3/2019,13433,1.21776,1.23921,3930,4110,2235,1083994
6/10/2019,11618,1.11351,1.10622,3350,3607,2139,1050239
6/17/2019,10678,0.992293,1.01351,3046,3282,2141,1053569
6/24/2019,9986,0.947072,0.959926,2940,3106,2063,1040288
7/1/2019,8549,0.876088,0.873735,2433,2676,2111,978443
7/8/2019,8422,0.809956,0.795831,2344,2660,2090,1058265
7/15/2019,8111,0.755431,0.768849,2219,2570,2132,1054954
7/22/2019,7755,0.73346,0.748185,2128,2451,2117,1036508
7/29/2019,7874,0.72729,0.758451,2348,2436,2128,1038168
8/5/2019,8038,0.754637,0.77011,2089,2384,2146,1043747
8/12/2019,8987,0.730938,0.834825,2630,2828,2178,1076513
8/19/2019,10096,0.840615,0.942052,2907,3501,2147,1071703
8/26/2019,11817,0.989217,1.07895,3394,4220,2169,1095230
9/2/2019,13158,1.14059,1.20634,3801,4535,2189,1090741
9/9/2019,14831,1.23272,1.2757,3905,5499,2221,1162580
9/16/2019,15977,1.24529,1.39156,4463,5673,2198,1148137
9/23/2019,17414,1.33771,1.49698,4970,6104,2180,1163278
9/30/2019,21915,1.49064,1.50415,6218,7658,2896,1456967
10/7/2019,22953,1.59269,1.59823,6550,7638,2924,1436150
10/14/2019,24857,1.72517,1.73838,7273,8277,2950,1429897
10/21/2019,27419,1.83428,1.8605,7892,9349,2980,1473740
10/28/2019,28910,2.04049,2.01425,8658,10068,2989,1435277
11/4/2019,34586,2.39351,2.36364,10557,12551,3007,1463253
11/11/2019,37728,2.63245,2.64431,11446,13671,2976,1426760
11/18/2019,44148,2.91944,2.97548,12714,17049,2971,1483729
11/25/2019,43817,3.41066,3.44787,14389,14717,2971,1270842
12/2/2019,48877,3.2622,3.31577,13839,16389,2977,1474075
12/9/2019,56444,3.94308,3.86928,14728,21877,2947,1458774
12/16/2019,71584,5.06529,5.02757,17999,29177,2913,1423829
12/23/2019,95757,7.06161,7.15315,24097,34004,2905,1338669
12/30/2019,88681,5.91974,6.22926,21564,23383,2957,1423620
1/6/2020,75585,4.94176,5.06974,15547,22747,2987,1490905
1/13/2020,79746,5.33174,5.35782,16587,29657,2983,1488404
1/20/2020,90072,6.08106,6.0261,18558,35216,2984,1494697
1/27/2020,108307,6.74724,6.87271,20299,44117,2984,1575900
2/3/2020,111289,6.7998,7.08261,20270,45491,2994,1571300
2/10/2020,95418,6.11292,6.22068,17393,36909,2958,1533883
2/17/2020,79832,5.55671,5.62148,15233,28328,2909,1420123
2/24/2020,74809,5.12279,5.10226,13817,25487,2934,1466192
3/2/2020,78779,5.26652,5.28928,13888,26396,2901,1489410
3/9/2020,89571,5.67081,6.29229,14149,27752,2836,1423503
3/16/2020,78584,6.38029,7.35285,10790,17512,2798,1068755
3/23/2020,53142,4.91692,6.22687,5129,8322,2727,853431
3/30/2020,36251,3.78625,4.82995,2359,4852,2684,750546
4/6/2020,24974,2.80122,3.47366,1496,3426,2686,718953
4/13/2020,18265,2.12879,2.57382,1068,2666,2666,709645
4/20/2020,15164,1.73315,2.02032,926,2317,2652,750576
4/27/2020,12817,1.40932,1.62094,864,2098,2624,790715
5/4/2020,11066,1.18336,1.35262,729,1889,2611,818113
5/11/2020,10480,1.11451,1.23819,788,1960,2601,846400
5/18/2020,11735,1.00534,1.07598,1224,2402,2971,1090638
5/25/2020,9614,0.88827,0.885843,805,1898,2950,1085294
6/1/2020,9325,0.814062,0.819928,802,1969,2931,1137295
6/8/2020,9580,0.836751,0.814575,881,2141,2902,1176074
6/15/2020,11866,0.928456,0.950979,1006,2679,2935,1247767
6/22/2020,15499,1.14217,1.20306,1216,3491,2896,1288294
6/29/2020,17843,1.27401,1.38424,1395,3970,2897,1289006
7/6/2020,20046,1.34951,1.47311,1545,4094,2918,1360798
7/13/2020,19260,1.34471,1.43761,1658,4075,2894,1339726
7/20/2020,16533,1.22153,1.21898,1634,3560,2953,1356301
7/27/2020,15524,1.15258,1.15067,1609,3497,2992,1349125
8/3/2020,14117,1.0626,1.05662,1570,3271,2956,1336052
8/10/2020,13193,0.979884,0.981699,1592,3167,2978,1343895
8/17/2020,12952,0.969202,0.961833,1804,3283,2930,1346595
8/24/2020,13159,1.00022,0.970543,1866,3951,2967,1355839
8/31/2020,12316,0.920817,0.919002,1759,3609,2921,1340149
9/7/2020,13035,1.0355,0.978032,1999,3822,2915,1332779
9/14/2020,13049,0.974333,0.955677,2070,3628,2943,1365420
9/21/2020,14586,1.06462,1.03845,2286,4366,2941,1404590
9/28/2020,16466,1.09211,1.08024,2454,4715,3246,1524289
10/5/2020,19144,1.21201,1.19451,2558,5239,3318,1602667
10/12/2020,17235,1.11151,1.09796,2313,4613,3301,1569727
10/19/2020,18133,1.18662,1.15393,2454,4834,3330,1571417
10/26/2020,18554,1.25262,1.18924,2512,4916,3421,1560158
11/2/2020,21370,1.44427,1.33759,2726,5825,3425,1597645
11/9/2020,22598,1.48969,1.37845,2776,5544,3391,1639379
11/16/2020,22709,1.56064,1.43236,2692,5342,3334,1585429
11/23/2020,21313,1.61944,1.49959,2484,4584,3333,1421255
11/30/2020,22251,1.57347,1.44967,2597,4861,3339,1534905
12/7/2020,22103,1.51939,1.42617,2504,4692,3358,1549810
12/14/2020,20874,1.50599,1.39797,2482,4282,3299,1493163
12/21/2020,19836,1.55485,1.45725,2323,3564,3301,1361197
12/28/2020,22423,1.58903,1.53781,2583,3933,3280,1458113
12/28/2020,22711,1.47519,1.4348,2414,4549,3316,1582870
1/4/2021,19018,1.28752,1.2606,2297,3975,3278,1508647
1/11/2021,18350,1.25172,1.21098,2566,4056,3315,1515305
1/18/2021,16896,1.10177,1.12283,2558,3953,3324,1504764
1/25/2021,16098,1.16565,1.08237,2636,4015,3295,1487296
2/1/2021,14079,1.00609,0.975086,2552,3730,3246,1443873
2/8/2021,12591,0.986101,0.907555,2318,3144,3256,1387354
2/15/2021,13344,0.864388,0.860857,2543,3541,3276,1550083
2/22/2021,13000,0.828056,0.842356,2771,3540,3278,1543291
3/1/2021,14077,0.882103,0.902897,3218,3806,3284,1559093
3/8/2021,14574,0.908033,0.939382,3514,3856,3227,1551445
3/15/2021,15354,0.947577,0.96011,3817,3915,3201,1599192
3/22/2021,15993,0.975225,0.998141,4116,4089,3257,1602279
3/29/2021,18100,1.06101,1.07796,4731,4685,3277,1679101
4/5/2021,19165,1.08091,1.1089,5227,4907,3282,1728295
4/12/2021,19305,1.10326,1.1502,5763,5093,3248,1678407
4/19/2021,20099,1.13361,1.1834,6326,5503,3256,1698411
4/26/2021,19930,1.14992,1.20915,6822,5401,3227,1648268
5/3/2021,20367,1.19092,1.25462,7365,5491,3214,1623366
5/10/2021,21262,1.24677,1.26333,8352,5414,3193,1683010
5/17/2021,19675,1.14504,1.19095,7953,4967,3141,1652047
5/24/2021,20143,1.18454,1.25187,8502,4854,3140,1609033
5/31/2021,19182,1.12943,1.14521,8096,4645,3110,1674977
6/7/2021,19579,1.18866,1.18174,8503,4594,3068,1656791
6/14/2021,19890,1.21202,1.21001,8514,4609,3057,1643793
6/21/2021,20092,1.21342,1.21283,8369,4757,3055,1656615
6/28/2021,22371,1.26676,1.32905,8719,5309,3055,1683237
7/5/2021,25261,1.38728,1.44269,9193,5930,3067,1750965
7/12/2021,30545,1.6475,1.70926,10371,7170,3067,1787028
7/19/2021,35195,1.80199,1.91065,11132,8572,3050,1842048
7/26/2021,37756,1.94952,2.05206,11102,8900,3050,1839909
8/2/2021,40067,2.03548,2.15548,11264,10105,3042,1858843
8/9/2021,42721,2.1918,2.30581,11801,12275,3029,1852756
8/16/2021,43058,2.23897,2.30752,11982,13529,3028,1865986
8/23/2021,40864,2.26643,2.25253,11745,13053,3027,1814136
8/30/2021,39421,2.21298,2.21275,11705,12250,3021,1781535
9/6/2021,36193,2.045,2.00464,11248,11578,3059,1805463
9/13/2021,33976,1.90124,1.93759,10916,11380,3037,1753523
9/20/2021,29949,1.8442,1.84367,10133,10040,2877,1624427
9/27/2021,39606,2.03726,1.96383,13160,13177,3590,2016770
10/4/2021,37639,1.94864,1.90565,13073,11987,3580,1975130
10/11/2021,35684,1.92538,1.86005,12494,11448,3538,1918446
10/18/2021,36616,1.9789,1.89307,12858,11881,3572,1934216
10/25/2021,39986,2.1334,2.08583,13295,14444,3578,1917029
11/1/2021,44242,2.25788,2.22432,14559,15933,3601,1989010
11/8/2021,47047,2.41079,2.35599,14735,17350,3591,1996913
11/15/2021,43297,2.51762,2.45722,14913,13394,3584,1762035
11/22/2021,52671,2.55244,2.56131,15161,17338,3608,2056405
11/29/2021,55027,2.72476,2.71523,14968,19950,3613,2026604
12/6/2021,62539,3.14645,3.09817,16285,23449,3584,2018579
12/13/2021,79184,4.00686,4.07763,18514,25049,3564,1941911
12/20/2021,113921,4.90468,5.07044,24118,28970,3532,2246767
12/27/2021,93323,4.32906,4.28249,17048,24806,3562,2179176
1/3/2022,69158,3.5344,3.41512,12222,20205,3568,2025052
1/10/2022,48685,2.82024,2.68756,9526,13305,3573,1811493
1/17/2022,34720,2.06558,1.96884,7300,9503,3554,1763472
1/24/2022,25809,1.68092,1.55907,6083,7740,3488,1655407
1/31/2022,23719,1.44022,1.33898,6395,7604,3548,1771418
2/7/2022,23930,1.48974,1.37013,6915,8497,3545,1746548
2/14/2022,23620,1.46266,1.369,7065,8336,3546,1725348
2/21/2022,25789,1.58728,1.42265,7422,9827,3541,1812738
2/28/2022,28073,1.70339,1.54633,8209,11091,3563,1815454
3/7/2022,31342,1.83335,1.6781,9041,12118,3535,1867703
3/14/2022,32433,1.87057,1.73106,9306,12647,3531,1873589
3/21/2022,34811,1.97612,1.85385,9612,13658,3518,1877763
3/28/2022,38128,2.07126,1.99356,10560,15181,3526,1912563
4/4/2022,40953,2.16302,2.12932,11334,16092,3518,1923288
4/11/2022,42072,2.20418,2.1826,11732,15745,3530,1927606
4/18/2022,44980,2.24681,2.21199,12656,16956,3520,2033467
4/25/2022,47787,2.3613,2.41398,12834,18627,3442,1979594
5/2/2022,53380,2.48314,2.58986,14818,20490,3465,2061117
5/9/2022,54062,2.45354,2.60388,15053,20742,3449,2076213
5/16/2022,53992,2.39624,2.64837,15267,20530,3409,2038685
5/23/2022,51879,2.4335,2.6443,15815,17513,3381,1961919
5/30/2022,45240,2.16334,2.29319,14154,13726,3373,1972798
6/6/2022,40250,1.98842,2.07391,12858,11205,3335,1940774
6/13/2022,37830,1.87678,1.91799,11865,9933,3387,1972377
6/20/2022,34570,1.80274,1.80161,11066,8513,3267,1918841
6/27/2022,34995,1.82355,1.79341,10585,8593,3379,1951308
7/4/2022,33011,1.67886,1.66862,9525,8111,3346,1978336
7/11/2022,32613,1.65939,1.64675,9361,8116,3348,1980449
7/18/2022,32040,1.67382,1.64792,9153,7859,3323,1944269
7/25/2022,29647,1.52704,1.51365,8661,7477,3346,1958644
8/1/2022,28923,1.50755,1.51374,8392,7907,3285,1910699
8/8/2022,31572,1.60507,1.6191,9479,9934,3329,1949974
8/15/2022,35788,1.83793,1.80999,10793,12593,3318,1977251
8/22/2022,37529,1.96433,1.89497,11526,13893,3299,1980457
8/29/2022,38334,2.02422,1.94821,12548,13475,3324,1967653
9/5/2022,39760,2.0351,1.9706,13400,14579,3350,2017659
9/12/2022,44666,2.28352,2.19756,15938,16694,3361,2032523
9/19/2022,46154,2.36029,2.29168,17047,16768,3383,2013977
9/26/2022,57318,2.61928,2.59379,18503,20141,3684,2209814
10/3/2022,63388,2.97342,2.85133,20623,22779,3720,2223106
10/10/2022,75615,3.33747,3.31688,23713,28368,3726,2279700
10/17/2022,109496,4.40914,4.4466,32012,45003,3788,2462467
10/24/2022,139247,5.46044,5.54702,37474,61015,3776,2510305
10/31/2022,140055,5.77391,5.67263,38651,57053,3793,2468962
11/7/2022,137419,5.95367,5.73531,34849,55229,3777,2396019
11/14/2022,164936,7.46674,7.37142,39539,62925,3765,2237505
11/21/2022,185673,7.22916,7.24012,38495,63623,3767,2564503
11/28/2022,167248,6.83803,6.82928,32316,62563,3750,2448985
12/5/2022,151672,6.32716,6.46231,28976,55613,3751,2347026
12/12/2022,129978,5.98024,6.1412,25500,41624,3715,2116491
12/19/2022,112531,5.33738,5.46656,22891,27251,3703,2058533
12/26/2022,92034,3.94632,4.07732,16651,21006,3740,2257219
1/2/2023,67720,2.95379,3.05773,12231,18061,3737,2214718
1/9/2023,57770,2.64461,2.70671,11720,16915,3730,2134322
1/16/2023,58231,2.63254,2.67225,12170,18680,3716,2179097
1/23/2023,59326,2.58785,2.68591,12686,19751,3734,2208786
1/30/2023,62258,2.59797,2.70465,13271,20964,3735,2301891
2/6/2023,59665,2.57397,2.6371,13127,19818,3695,2262519
2/13/2023,57223,2.53338,2.58651,13478,18410,3719,2212367
2/20/2023,55682,2.41141,2.44348,12693,18281,3725,2278801
2/27/2023,54686,2.36135,2.40445,12840,18388,3722,2274369
3/6/2023,54263,2.35552,2.43524,13086,17814,3713,2228243
3/13/2023,55394,2.31452,2.41343,13043,18685,3665,2295244
3/20/2023,53342,2.26061,2.34891,12413,18078,3688,2270922
3/27/2023,48355,2.13495,2.20628,11586,15673,3680,2191695
4/3/2023,46725,2.01808,2.0726,11151,14832,3665,2254413
4/10/2023,44507,1.91773,1.95437,9912,14788,3680,2277306
4/17/2023,44802,1.91233,1.97315,10041,15803,3677,2270577
4/24/2023,45582,1.95706,2.0174,10013,16115,3652,2259439
5/1/2023,45769,1.92178,1.99349,10187,16725,3654,2295923
5/8/2023,43287,1.88729,1.96641,9740,15517,3651,2201318
5/15/2023,41516,1.83862,1.91421,9389,14611,3516,2168837
5/22/2023,41589,1.85276,1.93847,9568,14220,3599,2145458
5/29/2023,36939,1.5823,1.69304,8309,11628,3581,2181818
6/5/2023,33880,1.49042,1.57482,7741,10223,3587,2151354
6/12/2023,30889,1.36728,1.44419,6998,8941,3580,2138841
6/19/2023,28486,1.2762,1.32397,6388,8012,3537,2151567
6/26/2023,26648,1.23526,1.29104,5944,7475,3567,2064071
7/3/2023,25903,1.1629,1.2019,5608,7043,3541,2155163
7/10/2023,25802,1.12986,1.19285,5718,6836,3558,2163061
7/17/2023,26417,1.17182,1.231,5812,7046,3550,2145981
7/24/2023,26895,1.20908,1.26141,5677,6966,3539,2132141
7/31/2023,29310,1.28087,1.35963,5980,7763,3519,2155733
8/7/2023,33660,1.45925,1.54011,6686,9758,3529,2185559
8/14/2023,40974,1.72145,1.82667,8230,13150,3521,2243104
8/21/2023,44113,1.94692,1.96229,8935,14534,3532,2248034
8/28/2023,44496,2.01848,2.01275,9528,14071,3533,2210702
9/4/2023,45006,1.9485,1.97708,9453,14780,3549,2276390
9/11/2023,47868,2.03099,2.11456,10817,16003,3552,2263734
9/18/2023,49264,2.10369,2.18035,11372,16110,3547,2259450
9/25/2023,55806,2.25758,2.24367,13419,18792,4095,2487262
10/2/2023,56896,2.29191,2.29444,14308,18291,4111,2479729
10/9/2023,61850,2.50619,2.49517,15618,19997,4096,2478788
10/16/2023,66922,2.6958,2.65943,16855,22080,4111,2516401
10/23/2023,71117,2.96143,2.92928,17570,24303,4047,2427801
10/30/2023,82769,3.456,3.39947,20940,28118,3857,2434760
